2026-09-08 16:18:04,417 INFO     main_phase2: loading model profiles from C:\code\android-system\device-redeployment\config\models
2026-09-08 16:18:04,439 WARNING  main_phase2: config/network.yaml not found; falling back to config/network.yaml.example (placeholder values only - this will not work against a real network).
2026-09-08 16:18:04,441 INFO     main_phase2: starting Phase 2 run: serial=352063910272451 model=SHG10 (AQUOS sense7)
2026-09-08 16:18:04,442 ERROR    src.orchestration.slot: slot 352063910272451: run_init_apn failed: device on slot '352063910272451' is not connected
2026-09-08 16:18:04,442 WARNING  src.orchestration.scheduler: slot 352063910272451: attempt failed (retry 1/3): device on slot '352063910272451' is not connected
2026-09-08 16:18:04,444 ERROR    src.orchestration.slot: slot 352063910272451: run_init_apn failed: device on slot '352063910272451' is not connected
2026-09-08 16:18:04,445 WARNING  src.orchestration.scheduler: slot 352063910272451: attempt failed (retry 2/3): device on slot '352063910272451' is not connected
2026-09-08 16:18:04,445 ERROR    src.orchestration.slot: slot 352063910272451: run_init_apn failed: device on slot '352063910272451' is not connected
2026-09-08 16:18:04,445 WARNING  src.orchestration.scheduler: slot 352063910272451: attempt failed (retry 3/3): device on slot '352063910272451' is not connected
2026-09-08 16:18:04,446 ERROR    src.orchestration.slot: slot 352063910272451: run_init_apn failed: device on slot '352063910272451' is not connected
2026-09-08 16:18:04,446 ERROR    src.orchestration.scheduler: slot 352063910272451: exceeded max_retry (3); escalating. last_error=device on slot '352063910272451' is not connected
2026-09-08 16:18:04,446 ERROR    main_phase2: FAILED: device 352063910272451 ended in state ESCALATED (last_error=device on slot '352063910272451' is not connected)
2026-09-08 16:41:30,499 INFO     main_phase2: loading model profiles from C:\code\android-system\device-redeployment\config\models
2026-09-08 16:41:30,520 WARNING  main_phase2: config/network.yaml not found; falling back to config/network.yaml.example (placeholder values only - this will not work against a real network).
2026-09-08 16:41:30,521 INFO     main_phase2: starting Phase 2 run: serial=352063910272451 model=SHG10 (AQUOS sense7)
2026-09-08 16:41:31,766 INFO     src.orchestration.slot: slot 352063910272451: running setup wizard
2026-09-08 16:41:34,414 ERROR    src.phase2.wizard_walkthrough: wizard: unrecognized screen — no configured screen's identify_by_text matched. Visible text on screen: ['16\uee0141', 'こんにちは', '未設定', '9/8 火曜日', '取得中', 'YouTube', 'SHARP', 'アシスタント', 'Google', 'Play ストア', '電話', '＋メッセージ(SMS)', 'Chrome', 'フォト', 'カメラ']
2026-09-08 16:41:34,414 ERROR    src.orchestration.slot: slot 352063910272451: run_init_apn failed: setup wizard did not complete (required step missing)
2026-09-08 16:41:34,414 WARNING  src.orchestration.scheduler: slot 352063910272451: attempt failed (retry 1/3): setup wizard did not complete (required step missing)
2026-09-08 16:41:35,566 INFO     src.orchestration.slot: slot 352063910272451: running setup wizard
2026-09-08 16:41:38,098 ERROR    src.phase2.wizard_walkthrough: wizard: unrecognized screen — no configured screen's identify_by_text matched. Visible text on screen: ['16\uee0141', 'こんにちは', '未設定', '9/8 火曜日', '取得中', 'YouTube', 'SHARP', 'アシスタント', 'Google', 'Play ストア', '電話', '＋メッセージ(SMS)', 'Chrome', 'フォト', 'カメラ']
2026-09-08 16:41:38,098 ERROR    src.orchestration.slot: slot 352063910272451: run_init_apn failed: setup wizard did not complete (required step missing)
2026-09-08 16:41:38,098 WARNING  src.orchestration.scheduler: slot 352063910272451: attempt failed (retry 2/3): setup wizard did not complete (required step missing)
2026-09-08 16:41:39,261 INFO     src.orchestration.slot: slot 352063910272451: running setup wizard
2026-09-08 16:41:41,758 ERROR    src.phase2.wizard_walkthrough: wizard: unrecognized screen — no configured screen's identify_by_text matched. Visible text on screen: ['16\uee0141', 'こんにちは', '未設定', '9/8 火曜日', '取得中', 'YouTube', 'SHARP', 'アシスタント', 'Google', 'Play ストア', '電話', '＋メッセージ(SMS)', 'Chrome', 'フォト', 'カメラ']
2026-09-08 16:41:41,759 ERROR    src.orchestration.slot: slot 352063910272451: run_init_apn failed: setup wizard did not complete (required step missing)
2026-09-08 16:41:41,759 WARNING  src.orchestration.scheduler: slot 352063910272451: attempt failed (retry 3/3): setup wizard did not complete (required step missing)
2026-09-08 16:41:42,929 INFO     src.orchestration.slot: slot 352063910272451: running setup wizard
2026-09-08 16:41:45,472 ERROR    src.phase2.wizard_walkthrough: wizard: unrecognized screen — no configured screen's identify_by_text matched. Visible text on screen: ['16\uee0141', 'こんにちは', '未設定', '9/8 火曜日', '取得中', 'YouTube', 'SHARP', 'アシスタント', 'Google', 'Play ストア', '電話', '＋メッセージ(SMS)', 'Chrome', 'フォト', 'カメラ']
2026-09-08 16:41:45,473 ERROR    src.orchestration.slot: slot 352063910272451: run_init_apn failed: setup wizard did not complete (required step missing)
2026-09-08 16:41:45,473 ERROR    src.orchestration.scheduler: slot 352063910272451: exceeded max_retry (3); escalating. last_error=setup wizard did not complete (required step missing)
2026-09-08 16:41:45,473 ERROR    main_phase2: FAILED: device 352063910272451 ended in state ESCALATED (last_error=setup wizard did not complete (required step missing))
2026-09-08 16:58:28,306 INFO     main_phase2: loading model profiles from C:\code\android-system\device-redeployment\config\models
2026-09-08 16:58:28,329 WARNING  main_phase2: config/network.yaml not found; falling back to config/network.yaml.example (placeholder values only - this will not work against a real network).
2026-09-08 16:58:28,330 INFO     main_phase2: starting Phase 2 run: serial=352063910272451 model=SHG10 (AQUOS sense7) [skip_wizard]
2026-09-08 16:58:29,495 WARNING  src.orchestration.slot: slot 352063910272451: skip_wizard=True - assuming the device is already past setup (e.g. re-testing an already-provisioned unit). This bypasses a real safety check; never use this for a production batch run.
2026-09-08 16:58:29,496 INFO     src.orchestration.slot: slot 352063910272451: connecting wifi
2026-09-08 16:58:29,771 INFO     src.phase2.wifi_setup: shell wifi connect-network unavailable/failed: adb command failed: 'shell cmd wifi connect-network "<client-provided SSID>" wpa2 "<client-provided password>"' - Exception occurred while executing 'connect-network':
java.lang.SecurityException: Uid 2000 does not have access to connect-network wifi command (or such command doesn't exist)
	at com.android.server.wifi.WifiShellCommand.onCommand(WifiShellCommand.java:483)
	at com.android.wifi.x.com.android.modules.utils.BasicShellCommandHandler.exec(BasicShellCommandHandler.java:97)
	at com.android.server.wifi.WifiServiceImpl.handleShellCommand(WifiServiceImpl.java:5204)
	at android.os.Binder.onShellCommand(Binder.java:1121)
	at android.os.Binder.shellCommand(Binder.java:1068)
	at android.os.Binder.onTransact(Binder.java:888)
	at android.net.wifi.IWifiManager$Stub.onTransact(IWifiManager.java:3230)
	at android.os.Binder.execTransactInternal(Binder.java:1344)
	at android.os.Binder.execTransact(Binder.java:1275)
2026-09-08 16:58:32,372 WARNING  src.phase2.wifi_setup: wifi UI fallback: could not navigate to Wi-Fi settings screen
2026-09-08 16:59:04,633 ERROR    src.phase2.wifi_setup: failed to connect to '<client-provided SSID>' via shell command or UI fallback
2026-09-08 16:59:04,634 ERROR    src.orchestration.slot: slot 352063910272451: run_init_apn failed: wifi connection failed
2026-09-08 16:59:04,634 WARNING  src.orchestration.scheduler: slot 352063910272451: attempt failed (retry 1/3): wifi connection failed
2026-09-08 16:59:05,803 WARNING  src.orchestration.slot: slot 352063910272451: skip_wizard=True - assuming the device is already past setup (e.g. re-testing an already-provisioned unit). This bypasses a real safety check; never use this for a production batch run.
2026-09-08 16:59:05,803 INFO     src.orchestration.slot: slot 352063910272451: connecting wifi
2026-09-08 16:59:06,079 INFO     src.phase2.wifi_setup: shell wifi connect-network unavailable/failed: adb command failed: 'shell cmd wifi connect-network "<client-provided SSID>" wpa2 "<client-provided password>"' - Exception occurred while executing 'connect-network':
java.lang.SecurityException: Uid 2000 does not have access to connect-network wifi command (or such command doesn't exist)
	at com.android.server.wifi.WifiShellCommand.onCommand(WifiShellCommand.java:483)
	at com.android.wifi.x.com.android.modules.utils.BasicShellCommandHandler.exec(BasicShellCommandHandler.java:97)
	at com.android.server.wifi.WifiServiceImpl.handleShellCommand(WifiServiceImpl.java:5204)
	at android.os.Binder.onShellCommand(Binder.java:1121)
	at android.os.Binder.shellCommand(Binder.java:1068)
	at android.os.Binder.onTransact(Binder.java:888)
	at android.net.wifi.IWifiManager$Stub.onTransact(IWifiManager.java:3230)
	at android.os.Binder.execTransactInternal(Binder.java:1344)
	at android.os.Binder.execTransact(Binder.java:1275)
2026-09-08 16:59:08,691 WARNING  src.phase2.wifi_setup: wifi UI fallback: could not navigate to Wi-Fi settings screen
2026-09-08 16:59:40,804 ERROR    src.phase2.wifi_setup: failed to connect to '<client-provided SSID>' via shell command or UI fallback
2026-09-08 16:59:40,804 ERROR    src.orchestration.slot: slot 352063910272451: run_init_apn failed: wifi connection failed
2026-09-08 16:59:40,804 WARNING  src.orchestration.scheduler: slot 352063910272451: attempt failed (retry 2/3): wifi connection failed
2026-09-08 16:59:41,962 WARNING  src.orchestration.slot: slot 352063910272451: skip_wizard=True - assuming the device is already past setup (e.g. re-testing an already-provisioned unit). This bypasses a real safety check; never use this for a production batch run.
2026-09-08 16:59:41,962 INFO     src.orchestration.slot: slot 352063910272451: connecting wifi
2026-09-08 16:59:42,186 INFO     src.phase2.wifi_setup: shell wifi connect-network unavailable/failed: adb command failed: 'shell cmd wifi connect-network "<client-provided SSID>" wpa2 "<client-provided password>"' - Exception occurred while executing 'connect-network':
java.lang.SecurityException: Uid 2000 does not have access to connect-network wifi command (or such command doesn't exist)
	at com.android.server.wifi.WifiShellCommand.onCommand(WifiShellCommand.java:483)
	at com.android.wifi.x.com.android.modules.utils.BasicShellCommandHandler.exec(BasicShellCommandHandler.java:97)
	at com.android.server.wifi.WifiServiceImpl.handleShellCommand(WifiServiceImpl.java:5204)
	at android.os.Binder.onShellCommand(Binder.java:1121)
	at android.os.Binder.shellCommand(Binder.java:1068)
	at android.os.Binder.onTransact(Binder.java:888)
	at android.net.wifi.IWifiManager$Stub.onTransact(IWifiManager.java:3230)
	at android.os.Binder.execTransactInternal(Binder.java:1344)
	at android.os.Binder.execTransact(Binder.java:1275)
2026-09-08 16:59:44,764 WARNING  src.phase2.wifi_setup: wifi UI fallback: could not navigate to Wi-Fi settings screen
2026-09-08 16:59:59,870 ERROR    src.orchestration.slot: slot 352063910272451: run_init_apn failed: argument of type 'NoneType' is not iterable
2026-09-08 16:59:59,871 WARNING  src.orchestration.scheduler: slot 352063910272451: attempt failed (retry 3/3): argument of type 'NoneType' is not iterable
2026-09-08 17:00:01,034 WARNING  src.orchestration.slot: slot 352063910272451: skip_wizard=True - assuming the device is already past setup (e.g. re-testing an already-provisioned unit). This bypasses a real safety check; never use this for a production batch run.
2026-09-08 17:00:01,034 INFO     src.orchestration.slot: slot 352063910272451: connecting wifi
2026-09-08 17:00:01,286 INFO     src.phase2.wifi_setup: shell wifi connect-network unavailable/failed: adb command failed: 'shell cmd wifi connect-network "<client-provided SSID>" wpa2 "<client-provided password>"' - Exception occurred while executing 'connect-network':
java.lang.SecurityException: Uid 2000 does not have access to connect-network wifi command (or such command doesn't exist)
	at com.android.server.wifi.WifiShellCommand.onCommand(WifiShellCommand.java:483)
	at com.android.wifi.x.com.android.modules.utils.BasicShellCommandHandler.exec(BasicShellCommandHandler.java:97)
	at com.android.server.wifi.WifiServiceImpl.handleShellCommand(WifiServiceImpl.java:5204)
	at android.os.Binder.onShellCommand(Binder.java:1121)
	at android.os.Binder.shellCommand(Binder.java:1068)
	at android.os.Binder.onTransact(Binder.java:888)
	at android.net.wifi.IWifiManager$Stub.onTransact(IWifiManager.java:3230)
	at android.os.Binder.execTransactInternal(Binder.java:1344)
	at android.os.Binder.execTransact(Binder.java:1275)
2026-09-08 17:00:03,771 WARNING  src.phase2.wifi_setup: wifi UI fallback: could not navigate to Wi-Fi settings screen
2026-09-08 17:00:04,221 ERROR    src.orchestration.slot: slot 352063910272451: run_init_apn failed: argument of type 'NoneType' is not iterable
2026-09-08 17:00:04,221 ERROR    src.orchestration.scheduler: slot 352063910272451: exceeded max_retry (3); escalating. last_error=argument of type 'NoneType' is not iterable
2026-09-08 17:00:04,222 ERROR    main_phase2: FAILED: device 352063910272451 ended in state ESCALATED (last_error=argument of type 'NoneType' is not iterable)
2026-09-08 17:29:52,156 INFO     main_phase2: loading model profiles from C:\code\android-system\device-redeployment\config\models
2026-09-08 17:29:52,179 WARNING  main_phase2: config/network.yaml not found; falling back to config/network.yaml.example (placeholder values only - this will not work against a real network).
2026-09-08 17:29:52,180 INFO     main_phase2: starting Phase 2 run: serial=352063910272451 model=SHG10 (AQUOS sense7) [skip_wizard]
2026-09-08 17:29:53,343 WARNING  src.orchestration.slot: slot 352063910272451: skip_wizard=True - assuming the device is already past setup (e.g. re-testing an already-provisioned unit). This bypasses a real safety check; never use this for a production batch run.
2026-09-08 17:29:53,343 INFO     src.orchestration.slot: slot 352063910272451: connecting wifi
2026-09-08 17:29:53,599 INFO     src.phase2.wifi_setup: shell wifi connect-network unavailable/failed: adb command failed: 'shell cmd wifi connect-network "<client-provided SSID>" wpa2 "<client-provided password>"' - Exception occurred while executing 'connect-network':
java.lang.SecurityException: Uid 2000 does not have access to connect-network wifi command (or such command doesn't exist)
	at com.android.server.wifi.WifiShellCommand.onCommand(WifiShellCommand.java:483)
	at com.android.wifi.x.com.android.modules.utils.BasicShellCommandHandler.exec(BasicShellCommandHandler.java:97)
	at com.android.server.wifi.WifiServiceImpl.handleShellCommand(WifiServiceImpl.java:5204)
	at android.os.Binder.onShellCommand(Binder.java:1121)
	at android.os.Binder.shellCommand(Binder.java:1068)
	at android.os.Binder.onTransact(Binder.java:888)
	at android.net.wifi.IWifiManager$Stub.onTransact(IWifiManager.java:3230)
	at android.os.Binder.execTransactInternal(Binder.java:1344)
	at android.os.Binder.execTransact(Binder.java:1275)
2026-09-08 17:29:56,707 INFO     src.phase2.wifi_setup: reached Wi-Fi settings via android.settings.WIFI_SETTINGS intent
2026-09-08 17:30:01,755 WARNING  src.phase2.wifi_setup: wifi UI fallback: network '<client-provided SSID>' not found in scanned list
2026-09-08 17:30:33,445 ERROR    src.phase2.wifi_setup: failed to connect to '<client-provided SSID>' via shell command or UI fallback
2026-09-08 17:30:33,446 ERROR    src.orchestration.slot: slot 352063910272451: run_init_apn failed: wifi connection failed
2026-09-08 17:30:33,446 WARNING  src.orchestration.scheduler: slot 352063910272451: attempt failed (retry 1/3): wifi connection failed
2026-09-08 17:30:34,604 WARNING  src.orchestration.slot: slot 352063910272451: skip_wizard=True - assuming the device is already past setup (e.g. re-testing an already-provisioned unit). This bypasses a real safety check; never use this for a production batch run.
2026-09-08 17:30:34,604 INFO     src.orchestration.slot: slot 352063910272451: connecting wifi
2026-09-08 17:30:34,824 INFO     src.phase2.wifi_setup: shell wifi connect-network unavailable/failed: adb command failed: 'shell cmd wifi connect-network "<client-provided SSID>" wpa2 "<client-provided password>"' - Exception occurred while executing 'connect-network':
java.lang.SecurityException: Uid 2000 does not have access to connect-network wifi command (or such command doesn't exist)
	at com.android.server.wifi.WifiShellCommand.onCommand(WifiShellCommand.java:483)
	at com.android.wifi.x.com.android.modules.utils.BasicShellCommandHandler.exec(BasicShellCommandHandler.java:97)
	at com.android.server.wifi.WifiServiceImpl.handleShellCommand(WifiServiceImpl.java:5204)
	at android.os.Binder.onShellCommand(Binder.java:1121)
	at android.os.Binder.shellCommand(Binder.java:1068)
	at android.os.Binder.onTransact(Binder.java:888)
	at android.net.wifi.IWifiManager$Stub.onTransact(IWifiManager.java:3230)
	at android.os.Binder.execTransactInternal(Binder.java:1344)
	at android.os.Binder.execTransact(Binder.java:1275)
2026-09-08 17:30:37,550 INFO     src.phase2.wifi_setup: reached Wi-Fi settings via android.settings.WIFI_SETTINGS intent
2026-09-08 17:30:43,775 WARNING  src.phase2.wifi_setup: wifi UI fallback: network '<client-provided SSID>' not found in scanned list
2026-09-08 17:31:15,427 ERROR    src.phase2.wifi_setup: failed to connect to '<client-provided SSID>' via shell command or UI fallback
2026-09-08 17:31:15,427 ERROR    src.orchestration.slot: slot 352063910272451: run_init_apn failed: wifi connection failed
2026-09-08 17:31:15,428 WARNING  src.orchestration.scheduler: slot 352063910272451: attempt failed (retry 2/3): wifi connection failed
2026-09-08 17:31:16,576 WARNING  src.orchestration.slot: slot 352063910272451: skip_wizard=True - assuming the device is already past setup (e.g. re-testing an already-provisioned unit). This bypasses a real safety check; never use this for a production batch run.
2026-09-08 17:31:16,576 INFO     src.orchestration.slot: slot 352063910272451: connecting wifi
2026-09-08 17:31:16,801 INFO     src.phase2.wifi_setup: shell wifi connect-network unavailable/failed: adb command failed: 'shell cmd wifi connect-network "<client-provided SSID>" wpa2 "<client-provided password>"' - Exception occurred while executing 'connect-network':
java.lang.SecurityException: Uid 2000 does not have access to connect-network wifi command (or such command doesn't exist)
	at com.android.server.wifi.WifiShellCommand.onCommand(WifiShellCommand.java:483)
	at com.android.wifi.x.com.android.modules.utils.BasicShellCommandHandler.exec(BasicShellCommandHandler.java:97)
	at com.android.server.wifi.WifiServiceImpl.handleShellCommand(WifiServiceImpl.java:5204)
	at android.os.Binder.onShellCommand(Binder.java:1121)
	at android.os.Binder.shellCommand(Binder.java:1068)
	at android.os.Binder.onTransact(Binder.java:888)
	at android.net.wifi.IWifiManager$Stub.onTransact(IWifiManager.java:3230)
	at android.os.Binder.execTransactInternal(Binder.java:1344)
	at android.os.Binder.execTransact(Binder.java:1275)
2026-09-08 17:31:21,353 INFO     src.phase2.wifi_setup: reached Wi-Fi settings via android.settings.WIFI_SETTINGS intent
2026-09-08 17:31:26,508 WARNING  src.phase2.wifi_setup: wifi UI fallback: network '<client-provided SSID>' not found in scanned list
2026-09-08 17:31:58,236 ERROR    src.phase2.wifi_setup: failed to connect to '<client-provided SSID>' via shell command or UI fallback
2026-09-08 17:31:58,236 ERROR    src.orchestration.slot: slot 352063910272451: run_init_apn failed: wifi connection failed
2026-09-08 17:31:58,237 WARNING  src.orchestration.scheduler: slot 352063910272451: attempt failed (retry 3/3): wifi connection failed
2026-09-08 17:31:59,407 WARNING  src.orchestration.slot: slot 352063910272451: skip_wizard=True - assuming the device is already past setup (e.g. re-testing an already-provisioned unit). This bypasses a real safety check; never use this for a production batch run.
2026-09-08 17:31:59,407 INFO     src.orchestration.slot: slot 352063910272451: connecting wifi
2026-09-08 17:31:59,571 INFO     src.phase2.wifi_setup: shell wifi connect-network unavailable/failed: adb command failed: 'shell cmd wifi connect-network "<client-provided SSID>" wpa2 "<client-provided password>"' - Exception occurred while executing 'connect-network':
java.lang.SecurityException: Uid 2000 does not have access to connect-network wifi command (or such command doesn't exist)
	at com.android.server.wifi.WifiShellCommand.onCommand(WifiShellCommand.java:483)
	at com.android.wifi.x.com.android.modules.utils.BasicShellCommandHandler.exec(BasicShellCommandHandler.java:97)
	at com.android.server.wifi.WifiServiceImpl.handleShellCommand(WifiServiceImpl.java:5204)
	at android.os.Binder.onShellCommand(Binder.java:1121)
	at android.os.Binder.shellCommand(Binder.java:1068)
	at android.os.Binder.onTransact(Binder.java:888)
	at android.net.wifi.IWifiManager$Stub.onTransact(IWifiManager.java:3230)
	at android.os.Binder.execTransactInternal(Binder.java:1344)
	at android.os.Binder.execTransact(Binder.java:1275)
2026-09-08 17:32:02,169 INFO     src.phase2.wifi_setup: reached Wi-Fi settings via android.settings.WIFI_SETTINGS intent
2026-09-08 17:32:08,326 WARNING  src.phase2.wifi_setup: wifi UI fallback: network '<client-provided SSID>' not found in scanned list
2026-09-08 17:32:40,014 ERROR    src.phase2.wifi_setup: failed to connect to '<client-provided SSID>' via shell command or UI fallback
2026-09-08 17:32:40,015 ERROR    src.orchestration.slot: slot 352063910272451: run_init_apn failed: wifi connection failed
2026-09-08 17:32:40,015 ERROR    src.orchestration.scheduler: slot 352063910272451: exceeded max_retry (3); escalating. last_error=wifi connection failed
2026-09-08 17:32:40,015 ERROR    main_phase2: FAILED: device 352063910272451 ended in state ESCALATED (last_error=wifi connection failed)
2026-09-08 21:57:03,171 INFO     main_phase2: loading model profiles from C:\code\android-system\device-redeployment\config\models
2026-09-08 21:57:03,194 WARNING  main_phase2: config/network.yaml not found; falling back to config/network.yaml.example (placeholder values only - this will not work against a real network).
2026-09-08 21:57:03,195 INFO     main_phase2: starting Phase 2 run: serial=352063910272451 model=SHG10 (AQUOS sense7) [skip_wizard]
2026-09-08 21:57:04,372 WARNING  src.orchestration.slot: slot 352063910272451: skip_wizard=True - assuming the device is already past setup (e.g. re-testing an already-provisioned unit). This bypasses a real safety check; never use this for a production batch run.
2026-09-08 21:57:04,372 INFO     src.orchestration.slot: slot 352063910272451: connecting wifi
2026-09-08 21:57:04,636 INFO     src.phase2.wifi_setup: shell wifi connect-network unavailable/failed: adb command failed: 'shell cmd wifi connect-network "<client-provided SSID>" wpa2 "<client-provided password>"' - Exception occurred while executing 'connect-network':
java.lang.SecurityException: Uid 2000 does not have access to connect-network wifi command (or such command doesn't exist)
	at com.android.server.wifi.WifiShellCommand.onCommand(WifiShellCommand.java:483)
	at com.android.wifi.x.com.android.modules.utils.BasicShellCommandHandler.exec(BasicShellCommandHandler.java:97)
	at com.android.server.wifi.WifiServiceImpl.handleShellCommand(WifiServiceImpl.java:5204)
	at android.os.Binder.onShellCommand(Binder.java:1121)
	at android.os.Binder.shellCommand(Binder.java:1068)
	at android.os.Binder.onTransact(Binder.java:888)
	at android.net.wifi.IWifiManager$Stub.onTransact(IWifiManager.java:3230)
	at android.os.Binder.execTransactInternal(Binder.java:1344)
	at android.os.Binder.execTransact(Binder.java:1275)
2026-09-08 21:57:07,531 INFO     src.phase2.wifi_setup: reached Wi-Fi settings via android.settings.WIFI_SETTINGS intent
2026-09-08 21:57:15,127 WARNING  src.phase2.wifi_setup: wifi UI fallback: network '<client-provided SSID>' not found in scanned list
2026-09-08 21:57:47,158 ERROR    src.phase2.wifi_setup: failed to connect to '<client-provided SSID>' via shell command or UI fallback
2026-09-08 21:57:47,158 ERROR    src.orchestration.slot: slot 352063910272451: run_init_apn failed: wifi connection failed
2026-09-08 21:57:47,158 WARNING  src.orchestration.scheduler: slot 352063910272451: attempt failed (retry 1/3): wifi connection failed
2026-09-08 21:57:48,306 WARNING  src.orchestration.slot: slot 352063910272451: skip_wizard=True - assuming the device is already past setup (e.g. re-testing an already-provisioned unit). This bypasses a real safety check; never use this for a production batch run.
2026-09-08 21:57:48,306 INFO     src.orchestration.slot: slot 352063910272451: connecting wifi
2026-09-08 21:57:48,510 INFO     src.phase2.wifi_setup: shell wifi connect-network unavailable/failed: adb command failed: 'shell cmd wifi connect-network "<client-provided SSID>" wpa2 "<client-provided password>"' - Exception occurred while executing 'connect-network':
java.lang.SecurityException: Uid 2000 does not have access to connect-network wifi command (or such command doesn't exist)
	at com.android.server.wifi.WifiShellCommand.onCommand(WifiShellCommand.java:483)
	at com.android.wifi.x.com.android.modules.utils.BasicShellCommandHandler.exec(BasicShellCommandHandler.java:97)
	at com.android.server.wifi.WifiServiceImpl.handleShellCommand(WifiServiceImpl.java:5204)
	at android.os.Binder.onShellCommand(Binder.java:1121)
	at android.os.Binder.shellCommand(Binder.java:1068)
	at android.os.Binder.onTransact(Binder.java:888)
	at android.net.wifi.IWifiManager$Stub.onTransact(IWifiManager.java:3230)
	at android.os.Binder.execTransactInternal(Binder.java:1344)
	at android.os.Binder.execTransact(Binder.java:1275)
2026-09-08 21:57:52,010 INFO     src.phase2.wifi_setup: reached Wi-Fi settings via android.settings.WIFI_SETTINGS intent
2026-09-08 21:57:57,887 WARNING  src.phase2.wifi_setup: wifi UI fallback: network '<client-provided SSID>' not found in scanned list
2026-09-08 21:58:29,852 ERROR    src.phase2.wifi_setup: failed to connect to '<client-provided SSID>' via shell command or UI fallback
2026-09-08 21:58:29,852 ERROR    src.orchestration.slot: slot 352063910272451: run_init_apn failed: wifi connection failed
2026-09-08 21:58:29,852 WARNING  src.orchestration.scheduler: slot 352063910272451: attempt failed (retry 2/3): wifi connection failed
2026-09-08 21:58:31,001 WARNING  src.orchestration.slot: slot 352063910272451: skip_wizard=True - assuming the device is already past setup (e.g. re-testing an already-provisioned unit). This bypasses a real safety check; never use this for a production batch run.
2026-09-08 21:58:31,002 INFO     src.orchestration.slot: slot 352063910272451: connecting wifi
2026-09-08 21:58:31,227 INFO     src.phase2.wifi_setup: shell wifi connect-network unavailable/failed: adb command failed: 'shell cmd wifi connect-network "<client-provided SSID>" wpa2 "<client-provided password>"' - Exception occurred while executing 'connect-network':
java.lang.SecurityException: Uid 2000 does not have access to connect-network wifi command (or such command doesn't exist)
	at com.android.server.wifi.WifiShellCommand.onCommand(WifiShellCommand.java:483)
	at com.android.wifi.x.com.android.modules.utils.BasicShellCommandHandler.exec(BasicShellCommandHandler.java:97)
	at com.android.server.wifi.WifiServiceImpl.handleShellCommand(WifiServiceImpl.java:5204)
	at android.os.Binder.onShellCommand(Binder.java:1121)
	at android.os.Binder.shellCommand(Binder.java:1068)
	at android.os.Binder.onTransact(Binder.java:888)
	at android.net.wifi.IWifiManager$Stub.onTransact(IWifiManager.java:3230)
	at android.os.Binder.execTransactInternal(Binder.java:1344)
	at android.os.Binder.execTransact(Binder.java:1275)
2026-09-08 21:58:35,615 INFO     src.phase2.wifi_setup: reached Wi-Fi settings via android.settings.WIFI_SETTINGS intent
2026-09-08 21:58:41,243 WARNING  src.phase2.wifi_setup: wifi UI fallback: network '<client-provided SSID>' not found in scanned list
2026-09-08 21:59:13,187 ERROR    src.phase2.wifi_setup: failed to connect to '<client-provided SSID>' via shell command or UI fallback
2026-09-08 21:59:13,188 ERROR    src.orchestration.slot: slot 352063910272451: run_init_apn failed: wifi connection failed
2026-09-08 21:59:13,188 WARNING  src.orchestration.scheduler: slot 352063910272451: attempt failed (retry 3/3): wifi connection failed
2026-09-08 21:59:14,355 WARNING  src.orchestration.slot: slot 352063910272451: skip_wizard=True - assuming the device is already past setup (e.g. re-testing an already-provisioned unit). This bypasses a real safety check; never use this for a production batch run.
2026-09-08 21:59:14,355 INFO     src.orchestration.slot: slot 352063910272451: connecting wifi
2026-09-08 21:59:14,574 INFO     src.phase2.wifi_setup: shell wifi connect-network unavailable/failed: adb command failed: 'shell cmd wifi connect-network "<client-provided SSID>" wpa2 "<client-provided password>"' - Exception occurred while executing 'connect-network':
java.lang.SecurityException: Uid 2000 does not have access to connect-network wifi command (or such command doesn't exist)
	at com.android.server.wifi.WifiShellCommand.onCommand(WifiShellCommand.java:483)
	at com.android.wifi.x.com.android.modules.utils.BasicShellCommandHandler.exec(BasicShellCommandHandler.java:97)
	at com.android.server.wifi.WifiServiceImpl.handleShellCommand(WifiServiceImpl.java:5204)
	at android.os.Binder.onShellCommand(Binder.java:1121)
	at android.os.Binder.shellCommand(Binder.java:1068)
	at android.os.Binder.onTransact(Binder.java:888)
	at android.net.wifi.IWifiManager$Stub.onTransact(IWifiManager.java:3230)
	at android.os.Binder.execTransactInternal(Binder.java:1344)
	at android.os.Binder.execTransact(Binder.java:1275)
2026-09-08 21:59:18,989 INFO     src.phase2.wifi_setup: reached Wi-Fi settings via android.settings.WIFI_SETTINGS intent
2026-09-08 21:59:25,836 WARNING  src.phase2.wifi_setup: wifi UI fallback: network '<client-provided SSID>' not found in scanned list
2026-09-08 21:59:58,014 ERROR    src.phase2.wifi_setup: failed to connect to '<client-provided SSID>' via shell command or UI fallback
2026-09-08 21:59:58,014 ERROR    src.orchestration.slot: slot 352063910272451: run_init_apn failed: wifi connection failed
2026-09-08 21:59:58,014 ERROR    src.orchestration.scheduler: slot 352063910272451: exceeded max_retry (3); escalating. last_error=wifi connection failed
2026-09-08 21:59:58,014 ERROR    main_phase2: FAILED: device 352063910272451 ended in state ESCALATED (last_error=wifi connection failed)
2026-09-08 22:31:41,188 INFO     main_phase2: loading model profiles from C:\code\android-system\device-redeployment\config\models
2026-09-08 22:31:41,212 INFO     main_phase2: starting Phase 2 run: serial=352063910272451 model=SHG10 (AQUOS sense7) [skip_wizard]
2026-09-08 22:31:42,383 WARNING  src.orchestration.slot: slot 352063910272451: skip_wizard=True - assuming the device is already past setup (e.g. re-testing an already-provisioned unit). This bypasses a real safety check; never use this for a production batch run.
2026-09-08 22:31:42,384 INFO     src.orchestration.slot: slot 352063910272451: connecting wifi
2026-09-08 22:31:42,602 INFO     src.phase2.wifi_setup: shell wifi connect-network unavailable/failed: adb command failed: 'shell cmd wifi connect-network "earth5_1" wpa2 "earth5_1"' - Exception occurred while executing 'connect-network':
java.lang.SecurityException: Uid 2000 does not have access to connect-network wifi command (or such command doesn't exist)
	at com.android.server.wifi.WifiShellCommand.onCommand(WifiShellCommand.java:483)
	at com.android.wifi.x.com.android.modules.utils.BasicShellCommandHandler.exec(BasicShellCommandHandler.java:97)
	at com.android.server.wifi.WifiServiceImpl.handleShellCommand(WifiServiceImpl.java:5204)
	at android.os.Binder.onShellCommand(Binder.java:1121)
	at android.os.Binder.shellCommand(Binder.java:1068)
	at android.os.Binder.onTransact(Binder.java:888)
	at android.net.wifi.IWifiManager$Stub.onTransact(IWifiManager.java:3230)
	at android.os.Binder.execTransactInternal(Binder.java:1344)
	at android.os.Binder.execTransact(Binder.java:1275)
2026-09-08 22:31:46,333 INFO     src.phase2.wifi_setup: reached Wi-Fi settings via android.settings.WIFI_SETTINGS intent
2026-09-08 22:32:31,427 ERROR    src.phase2.wifi_setup: failed to connect to 'earth5_1' via shell command or UI fallback
2026-09-08 22:32:31,428 ERROR    src.orchestration.slot: slot 352063910272451: run_init_apn failed: wifi connection failed
2026-09-08 22:32:31,428 WARNING  src.orchestration.scheduler: slot 352063910272451: attempt failed (retry 1/3): wifi connection failed
2026-09-08 22:32:32,603 WARNING  src.orchestration.slot: slot 352063910272451: skip_wizard=True - assuming the device is already past setup (e.g. re-testing an already-provisioned unit). This bypasses a real safety check; never use this for a production batch run.
2026-09-08 22:32:32,604 INFO     src.orchestration.slot: slot 352063910272451: connecting wifi
2026-09-08 22:32:32,835 INFO     src.phase2.wifi_setup: shell wifi connect-network unavailable/failed: adb command failed: 'shell cmd wifi connect-network "earth5_1" wpa2 "earth5_1"' - Exception occurred while executing 'connect-network':
java.lang.SecurityException: Uid 2000 does not have access to connect-network wifi command (or such command doesn't exist)
	at com.android.server.wifi.WifiShellCommand.onCommand(WifiShellCommand.java:483)
	at com.android.wifi.x.com.android.modules.utils.BasicShellCommandHandler.exec(BasicShellCommandHandler.java:97)
	at com.android.server.wifi.WifiServiceImpl.handleShellCommand(WifiServiceImpl.java:5204)
	at android.os.Binder.onShellCommand(Binder.java:1121)
	at android.os.Binder.shellCommand(Binder.java:1068)
	at android.os.Binder.onTransact(Binder.java:888)
	at android.net.wifi.IWifiManager$Stub.onTransact(IWifiManager.java:3230)
	at android.os.Binder.execTransactInternal(Binder.java:1344)
	at android.os.Binder.execTransact(Binder.java:1275)
2026-09-08 22:32:37,102 INFO     src.phase2.wifi_setup: reached Wi-Fi settings via android.settings.WIFI_SETTINGS intent
2026-09-08 22:33:21,447 ERROR    src.phase2.wifi_setup: failed to connect to 'earth5_1' via shell command or UI fallback
2026-09-08 22:33:21,447 ERROR    src.orchestration.slot: slot 352063910272451: run_init_apn failed: wifi connection failed
2026-09-08 22:33:21,447 WARNING  src.orchestration.scheduler: slot 352063910272451: attempt failed (retry 2/3): wifi connection failed
2026-09-08 22:33:22,611 WARNING  src.orchestration.slot: slot 352063910272451: skip_wizard=True - assuming the device is already past setup (e.g. re-testing an already-provisioned unit). This bypasses a real safety check; never use this for a production batch run.
2026-09-08 22:33:22,611 INFO     src.orchestration.slot: slot 352063910272451: connecting wifi
2026-09-08 22:33:22,839 INFO     src.phase2.wifi_setup: shell wifi connect-network unavailable/failed: adb command failed: 'shell cmd wifi connect-network "earth5_1" wpa2 "earth5_1"' - Exception occurred while executing 'connect-network':
java.lang.SecurityException: Uid 2000 does not have access to connect-network wifi command (or such command doesn't exist)
	at com.android.server.wifi.WifiShellCommand.onCommand(WifiShellCommand.java:483)
	at com.android.wifi.x.com.android.modules.utils.BasicShellCommandHandler.exec(BasicShellCommandHandler.java:97)
	at com.android.server.wifi.WifiServiceImpl.handleShellCommand(WifiServiceImpl.java:5204)
	at android.os.Binder.onShellCommand(Binder.java:1121)
	at android.os.Binder.shellCommand(Binder.java:1068)
	at android.os.Binder.onTransact(Binder.java:888)
	at android.net.wifi.IWifiManager$Stub.onTransact(IWifiManager.java:3230)
	at android.os.Binder.execTransactInternal(Binder.java:1344)
	at android.os.Binder.execTransact(Binder.java:1275)
2026-09-08 22:33:27,074 INFO     src.phase2.wifi_setup: reached Wi-Fi settings via android.settings.WIFI_SETTINGS intent
2026-09-08 22:34:11,325 ERROR    src.phase2.wifi_setup: failed to connect to 'earth5_1' via shell command or UI fallback
2026-09-08 22:34:11,326 ERROR    src.orchestration.slot: slot 352063910272451: run_init_apn failed: wifi connection failed
2026-09-08 22:34:11,326 WARNING  src.orchestration.scheduler: slot 352063910272451: attempt failed (retry 3/3): wifi connection failed
2026-09-08 22:34:12,487 WARNING  src.orchestration.slot: slot 352063910272451: skip_wizard=True - assuming the device is already past setup (e.g. re-testing an already-provisioned unit). This bypasses a real safety check; never use this for a production batch run.
2026-09-08 22:34:12,488 INFO     src.orchestration.slot: slot 352063910272451: connecting wifi
2026-09-08 22:34:12,706 INFO     src.phase2.wifi_setup: shell wifi connect-network unavailable/failed: adb command failed: 'shell cmd wifi connect-network "earth5_1" wpa2 "earth5_1"' - Exception occurred while executing 'connect-network':
java.lang.SecurityException: Uid 2000 does not have access to connect-network wifi command (or such command doesn't exist)
	at com.android.server.wifi.WifiShellCommand.onCommand(WifiShellCommand.java:483)
	at com.android.wifi.x.com.android.modules.utils.BasicShellCommandHandler.exec(BasicShellCommandHandler.java:97)
	at com.android.server.wifi.WifiServiceImpl.handleShellCommand(WifiServiceImpl.java:5204)
	at android.os.Binder.onShellCommand(Binder.java:1121)
	at android.os.Binder.shellCommand(Binder.java:1068)
	at android.os.Binder.onTransact(Binder.java:888)
	at android.net.wifi.IWifiManager$Stub.onTransact(IWifiManager.java:3230)
	at android.os.Binder.execTransactInternal(Binder.java:1344)
	at android.os.Binder.execTransact(Binder.java:1275)
2026-09-08 22:34:17,616 INFO     src.phase2.wifi_setup: reached Wi-Fi settings via android.settings.WIFI_SETTINGS intent
2026-09-08 22:35:03,809 ERROR    src.phase2.wifi_setup: failed to connect to 'earth5_1' via shell command or UI fallback
2026-09-08 22:35:03,809 ERROR    src.orchestration.slot: slot 352063910272451: run_init_apn failed: wifi connection failed
2026-09-08 22:35:03,809 ERROR    src.orchestration.scheduler: slot 352063910272451: exceeded max_retry (3); escalating. last_error=wifi connection failed
2026-09-08 22:35:03,810 ERROR    main_phase2: FAILED: device 352063910272451 ended in state ESCALATED (last_error=wifi connection failed)
2026-09-08 23:12:13,789 INFO     main_phase2: loading model profiles from C:\code\android-system\device-redeployment\config\models
2026-09-08 23:12:13,811 INFO     main_phase2: starting Phase 2 run: serial=352063910272451 model=SHG10 (AQUOS sense7) [skip_wizard]
2026-09-08 23:12:14,978 WARNING  src.orchestration.slot: slot 352063910272451: skip_wizard=True - assuming the device is already past setup (e.g. re-testing an already-provisioned unit). This bypasses a real safety check; never use this for a production batch run.
2026-09-08 23:12:14,978 INFO     src.orchestration.slot: slot 352063910272451: connecting wifi
2026-09-08 23:12:15,197 INFO     src.phase2.wifi_setup: shell wifi connect-network unavailable/failed: adb command failed: 'shell cmd wifi connect-network "earth5_1" wpa2 "earth5_1"' - Exception occurred while executing 'connect-network':
java.lang.SecurityException: Uid 2000 does not have access to connect-network wifi command (or such command doesn't exist)
	at com.android.server.wifi.WifiShellCommand.onCommand(WifiShellCommand.java:483)
	at com.android.wifi.x.com.android.modules.utils.BasicShellCommandHandler.exec(BasicShellCommandHandler.java:97)
	at com.android.server.wifi.WifiServiceImpl.handleShellCommand(WifiServiceImpl.java:5204)
	at android.os.Binder.onShellCommand(Binder.java:1121)
	at android.os.Binder.shellCommand(Binder.java:1068)
	at android.os.Binder.onTransact(Binder.java:888)
	at android.net.wifi.IWifiManager$Stub.onTransact(IWifiManager.java:3230)
	at android.os.Binder.execTransactInternal(Binder.java:1344)
	at android.os.Binder.execTransact(Binder.java:1275)
2026-09-08 23:12:18,751 INFO     src.phase2.wifi_setup: reached Wi-Fi settings via android.settings.WIFI_SETTINGS intent
2026-09-08 23:12:28,806 WARNING  src.phase2.wifi_setup: wifi password field 'com.android.settings:id/wifi_password' (unresolved/best-guess id) not found; attempting text entry anyway in case it's already focused — the join-network dialog typically auto-focuses the password field itself
2026-09-08 23:13:03,668 ERROR    src.phase2.wifi_setup: failed to connect to 'earth5_1' via shell command or UI fallback
2026-09-08 23:13:03,670 ERROR    src.orchestration.slot: slot 352063910272451: run_init_apn failed: wifi connection failed
2026-09-08 23:13:03,670 WARNING  src.orchestration.scheduler: slot 352063910272451: attempt failed (retry 1/3): wifi connection failed
2026-09-08 23:13:04,813 WARNING  src.orchestration.slot: slot 352063910272451: skip_wizard=True - assuming the device is already past setup (e.g. re-testing an already-provisioned unit). This bypasses a real safety check; never use this for a production batch run.
2026-09-08 23:13:04,813 INFO     src.orchestration.slot: slot 352063910272451: connecting wifi
2026-09-08 23:13:05,043 INFO     src.phase2.wifi_setup: shell wifi connect-network unavailable/failed: adb command failed: 'shell cmd wifi connect-network "earth5_1" wpa2 "earth5_1"' - Exception occurred while executing 'connect-network':
java.lang.SecurityException: Uid 2000 does not have access to connect-network wifi command (or such command doesn't exist)
	at com.android.server.wifi.WifiShellCommand.onCommand(WifiShellCommand.java:483)
	at com.android.wifi.x.com.android.modules.utils.BasicShellCommandHandler.exec(BasicShellCommandHandler.java:97)
	at com.android.server.wifi.WifiServiceImpl.handleShellCommand(WifiServiceImpl.java:5204)
	at android.os.Binder.onShellCommand(Binder.java:1121)
	at android.os.Binder.shellCommand(Binder.java:1068)
	at android.os.Binder.onTransact(Binder.java:888)
	at android.net.wifi.IWifiManager$Stub.onTransact(IWifiManager.java:3230)
	at android.os.Binder.execTransactInternal(Binder.java:1344)
	at android.os.Binder.execTransact(Binder.java:1275)
2026-09-08 23:13:09,236 INFO     src.phase2.wifi_setup: reached Wi-Fi settings via android.settings.WIFI_SETTINGS intent
2026-09-08 23:13:17,855 WARNING  src.phase2.wifi_setup: wifi password field 'com.android.settings:id/wifi_password' (unresolved/best-guess id) not found; attempting text entry anyway in case it's already focused — the join-network dialog typically auto-focuses the password field itself
2026-09-08 23:13:52,495 ERROR    src.phase2.wifi_setup: failed to connect to 'earth5_1' via shell command or UI fallback
2026-09-08 23:13:52,496 ERROR    src.orchestration.slot: slot 352063910272451: run_init_apn failed: wifi connection failed
2026-09-08 23:13:52,496 WARNING  src.orchestration.scheduler: slot 352063910272451: attempt failed (retry 2/3): wifi connection failed
2026-09-08 23:13:53,672 WARNING  src.orchestration.slot: slot 352063910272451: skip_wizard=True - assuming the device is already past setup (e.g. re-testing an already-provisioned unit). This bypasses a real safety check; never use this for a production batch run.
2026-09-08 23:13:53,672 INFO     src.orchestration.slot: slot 352063910272451: connecting wifi
2026-09-08 23:13:53,883 INFO     src.phase2.wifi_setup: shell wifi connect-network unavailable/failed: adb command failed: 'shell cmd wifi connect-network "earth5_1" wpa2 "earth5_1"' - Exception occurred while executing 'connect-network':
java.lang.SecurityException: Uid 2000 does not have access to connect-network wifi command (or such command doesn't exist)
	at com.android.server.wifi.WifiShellCommand.onCommand(WifiShellCommand.java:483)
	at com.android.wifi.x.com.android.modules.utils.BasicShellCommandHandler.exec(BasicShellCommandHandler.java:97)
	at com.android.server.wifi.WifiServiceImpl.handleShellCommand(WifiServiceImpl.java:5204)
	at android.os.Binder.onShellCommand(Binder.java:1121)
	at android.os.Binder.shellCommand(Binder.java:1068)
	at android.os.Binder.onTransact(Binder.java:888)
	at android.net.wifi.IWifiManager$Stub.onTransact(IWifiManager.java:3230)
	at android.os.Binder.execTransactInternal(Binder.java:1344)
	at android.os.Binder.execTransact(Binder.java:1275)
2026-09-08 23:13:58,076 INFO     src.phase2.wifi_setup: reached Wi-Fi settings via android.settings.WIFI_SETTINGS intent
2026-09-08 23:14:06,538 WARNING  src.phase2.wifi_setup: wifi password field 'com.android.settings:id/wifi_password' (unresolved/best-guess id) not found; attempting text entry anyway in case it's already focused — the join-network dialog typically auto-focuses the password field itself
2026-09-08 23:31:53,186 INFO     main_phase2: loading model profiles from C:\code\android-system\device-redeployment\config\models
2026-09-08 23:31:53,209 INFO     main_phase2: starting Phase 2 run: serial=352063910272451 model=SHG10 (AQUOS sense7) [skip_wizard]
2026-09-08 23:31:54,389 WARNING  src.orchestration.slot: slot 352063910272451: skip_wizard=True - assuming the device is already past setup (e.g. re-testing an already-provisioned unit). This bypasses a real safety check; never use this for a production batch run.
2026-09-08 23:31:54,390 INFO     src.orchestration.slot: slot 352063910272451: connecting wifi
2026-09-08 23:31:54,616 INFO     src.phase2.wifi_setup: shell wifi connect-network unavailable/failed: adb command failed: 'shell cmd wifi connect-network "earth5_1" wpa2 "earth5_1"' - Exception occurred while executing 'connect-network':
java.lang.SecurityException: Uid 2000 does not have access to connect-network wifi command (or such command doesn't exist)
	at com.android.server.wifi.WifiShellCommand.onCommand(WifiShellCommand.java:483)
	at com.android.wifi.x.com.android.modules.utils.BasicShellCommandHandler.exec(BasicShellCommandHandler.java:97)
	at com.android.server.wifi.WifiServiceImpl.handleShellCommand(WifiServiceImpl.java:5204)
	at android.os.Binder.onShellCommand(Binder.java:1121)
	at android.os.Binder.shellCommand(Binder.java:1068)
	at android.os.Binder.onTransact(Binder.java:888)
	at android.net.wifi.IWifiManager$Stub.onTransact(IWifiManager.java:3230)
	at android.os.Binder.execTransactInternal(Binder.java:1344)
	at android.os.Binder.execTransact(Binder.java:1275)
2026-09-08 23:31:58,948 INFO     src.phase2.wifi_setup: reached Wi-Fi settings via android.settings.WIFI_SETTINGS intent
2026-09-08 23:32:07,468 WARNING  src.phase2.wifi_setup: wifi password field 'com.android.settings:id/wifi_password' (unresolved/best-guess id) not found; attempting text entry anyway in case it's already focused — the join-network dialog typically auto-focuses the password field itself
2026-09-08 23:32:13,474 INFO     src.phase2.wifi_setup: connected to 'earth5_1' via UI fallback
2026-09-08 23:32:13,474 INFO     src.orchestration.slot: slot 352063910272451: configuring apn
2026-09-08 23:32:18,563 INFO     src.phase2.apn_setup: apn menu: WIFI_SETTINGS intent landed correctly, skipping 3 leading text step(s) of menu_path
2026-09-08 23:32:31,068 ERROR    src.orchestration.slot: slot 352063910272451: run_init_apn failed: [Errno 2] No such file or directory: 'C:\\Users\\user\\AppData\\Local\\Temp\\tmp_o0vn44d\\window_dump.xml'
2026-09-08 23:32:31,072 WARNING  src.orchestration.scheduler: slot 352063910272451: attempt failed (retry 1/3): [Errno 2] No such file or directory: 'C:\\Users\\user\\AppData\\Local\\Temp\\tmp_o0vn44d\\window_dump.xml'
2026-09-08 23:32:32,531 WARNING  src.orchestration.slot: slot 352063910272451: skip_wizard=True - assuming the device is already past setup (e.g. re-testing an already-provisioned unit). This bypasses a real safety check; never use this for a production batch run.
2026-09-08 23:32:32,531 INFO     src.orchestration.slot: slot 352063910272451: connecting wifi
2026-09-08 23:32:32,897 INFO     src.phase2.wifi_setup: shell wifi connect-network unavailable/failed: adb command failed: 'shell cmd wifi connect-network "earth5_1" wpa2 "earth5_1"' - Exception occurred while executing 'connect-network':
java.lang.SecurityException: Uid 2000 does not have access to connect-network wifi command (or such command doesn't exist)
	at com.android.server.wifi.WifiShellCommand.onCommand(WifiShellCommand.java:483)
	at com.android.wifi.x.com.android.modules.utils.BasicShellCommandHandler.exec(BasicShellCommandHandler.java:97)
	at com.android.server.wifi.WifiServiceImpl.handleShellCommand(WifiServiceImpl.java:5204)
	at android.os.Binder.onShellCommand(Binder.java:1121)
	at android.os.Binder.shellCommand(Binder.java:1068)
	at android.os.Binder.onTransact(Binder.java:888)
	at android.net.wifi.IWifiManager$Stub.onTransact(IWifiManager.java:3230)
	at android.os.Binder.execTransactInternal(Binder.java:1344)
	at android.os.Binder.execTransact(Binder.java:1275)
2026-09-08 23:32:39,363 INFO     src.phase2.wifi_setup: reached Wi-Fi settings via android.settings.WIFI_SETTINGS intent
2026-09-08 23:32:48,957 WARNING  src.phase2.wifi_setup: wifi password field 'com.android.settings:id/wifi_password' (unresolved/best-guess id) not found; attempting text entry anyway in case it's already focused — the join-network dialog typically auto-focuses the password field itself
2026-09-08 23:32:51,685 WARNING  src.phase2.wifi_setup: wifi connect button (text '接続') not found on screen
2026-09-08 23:32:54,280 WARNING  src.phase2.wifi_setup: wifi connect button 'com.android.settings:id/wifi_connect_button' (unresolved/best-guess id) not found either
2026-09-08 23:32:54,685 INFO     src.phase2.wifi_setup: connected to 'earth5_1' via UI fallback
2026-09-08 23:32:54,685 INFO     src.orchestration.slot: slot 352063910272451: configuring apn
2026-09-08 23:32:58,160 INFO     src.phase2.apn_setup: apn menu: WIFI_SETTINGS intent landed correctly, skipping 3 leading text step(s) of menu_path
2026-09-08 23:33:05,211 ERROR    src.phase2.apn_setup: apn menu navigation failed
2026-09-08 23:33:05,212 ERROR    src.orchestration.slot: slot 352063910272451: run_init_apn failed: apn configuration failed
2026-09-08 23:33:05,212 WARNING  src.orchestration.scheduler: slot 352063910272451: attempt failed (retry 2/3): apn configuration failed
2026-09-08 23:33:06,441 WARNING  src.orchestration.slot: slot 352063910272451: skip_wizard=True - assuming the device is already past setup (e.g. re-testing an already-provisioned unit). This bypasses a real safety check; never use this for a production batch run.
2026-09-08 23:33:06,441 INFO     src.orchestration.slot: slot 352063910272451: connecting wifi
2026-09-08 23:33:06,609 INFO     src.phase2.wifi_setup: shell wifi connect-network unavailable/failed: adb command failed: 'shell cmd wifi connect-network "earth5_1" wpa2 "earth5_1"' - Exception occurred while executing 'connect-network':
java.lang.SecurityException: Uid 2000 does not have access to connect-network wifi command (or such command doesn't exist)
	at com.android.server.wifi.WifiShellCommand.onCommand(WifiShellCommand.java:483)
	at com.android.wifi.x.com.android.modules.utils.BasicShellCommandHandler.exec(BasicShellCommandHandler.java:97)
	at com.android.server.wifi.WifiServiceImpl.handleShellCommand(WifiServiceImpl.java:5204)
	at android.os.Binder.onShellCommand(Binder.java:1121)
	at android.os.Binder.shellCommand(Binder.java:1068)
	at android.os.Binder.onTransact(Binder.java:888)
	at android.net.wifi.IWifiManager$Stub.onTransact(IWifiManager.java:3230)
	at android.os.Binder.execTransactInternal(Binder.java:1344)
	at android.os.Binder.execTransact(Binder.java:1275)
2026-09-08 23:33:09,967 INFO     src.phase2.wifi_setup: reached Wi-Fi settings via android.settings.WIFI_SETTINGS intent
2026-09-08 23:33:18,022 WARNING  src.phase2.wifi_setup: wifi password field 'com.android.settings:id/wifi_password' (unresolved/best-guess id) not found; attempting text entry anyway in case it's already focused — the join-network dialog typically auto-focuses the password field itself
2026-09-08 23:33:20,740 WARNING  src.phase2.wifi_setup: wifi connect button (text '接続') not found on screen
2026-09-08 23:33:23,235 WARNING  src.phase2.wifi_setup: wifi connect button 'com.android.settings:id/wifi_connect_button' (unresolved/best-guess id) not found either
2026-09-08 23:33:23,668 INFO     src.phase2.wifi_setup: connected to 'earth5_1' via UI fallback
2026-09-08 23:33:23,669 INFO     src.orchestration.slot: slot 352063910272451: configuring apn
2026-09-08 23:33:27,360 INFO     src.phase2.apn_setup: apn menu: WIFI_SETTINGS intent landed correctly, skipping 3 leading text step(s) of menu_path
2026-09-08 23:33:33,595 ERROR    src.phase2.apn_setup: apn menu navigation failed
2026-09-08 23:33:33,595 ERROR    src.orchestration.slot: slot 352063910272451: run_init_apn failed: apn configuration failed
2026-09-08 23:33:33,595 WARNING  src.orchestration.scheduler: slot 352063910272451: attempt failed (retry 3/3): apn configuration failed
2026-09-08 23:33:34,758 WARNING  src.orchestration.slot: slot 352063910272451: skip_wizard=True - assuming the device is already past setup (e.g. re-testing an already-provisioned unit). This bypasses a real safety check; never use this for a production batch run.
2026-09-08 23:33:34,758 INFO     src.orchestration.slot: slot 352063910272451: connecting wifi
2026-09-08 23:33:34,982 INFO     src.phase2.wifi_setup: shell wifi connect-network unavailable/failed: adb command failed: 'shell cmd wifi connect-network "earth5_1" wpa2 "earth5_1"' - Exception occurred while executing 'connect-network':
java.lang.SecurityException: Uid 2000 does not have access to connect-network wifi command (or such command doesn't exist)
	at com.android.server.wifi.WifiShellCommand.onCommand(WifiShellCommand.java:483)
	at com.android.wifi.x.com.android.modules.utils.BasicShellCommandHandler.exec(BasicShellCommandHandler.java:97)
	at com.android.server.wifi.WifiServiceImpl.handleShellCommand(WifiServiceImpl.java:5204)
	at android.os.Binder.onShellCommand(Binder.java:1121)
	at android.os.Binder.shellCommand(Binder.java:1068)
	at android.os.Binder.onTransact(Binder.java:888)
	at android.net.wifi.IWifiManager$Stub.onTransact(IWifiManager.java:3230)
	at android.os.Binder.execTransactInternal(Binder.java:1344)
	at android.os.Binder.execTransact(Binder.java:1275)
2026-09-08 23:33:38,396 INFO     src.phase2.wifi_setup: reached Wi-Fi settings via android.settings.WIFI_SETTINGS intent
2026-09-08 23:33:48,702 WARNING  src.phase2.wifi_setup: wifi password field 'com.android.settings:id/wifi_password' (unresolved/best-guess id) not found; attempting text entry anyway in case it's already focused — the join-network dialog typically auto-focuses the password field itself
2026-09-08 23:33:51,378 WARNING  src.phase2.wifi_setup: wifi connect button (text '接続') not found on screen
2026-09-08 23:33:54,734 WARNING  src.phase2.wifi_setup: wifi connect button 'com.android.settings:id/wifi_connect_button' (unresolved/best-guess id) not found either
2026-09-08 23:33:55,176 INFO     src.phase2.wifi_setup: connected to 'earth5_1' via UI fallback
2026-09-08 23:33:55,176 INFO     src.orchestration.slot: slot 352063910272451: configuring apn
2026-09-08 23:33:58,536 INFO     src.phase2.apn_setup: apn menu: WIFI_SETTINGS intent landed correctly, skipping 3 leading text step(s) of menu_path
2026-09-08 23:34:04,669 ERROR    src.phase2.apn_setup: apn menu navigation failed
2026-09-08 23:34:04,669 ERROR    src.orchestration.slot: slot 352063910272451: run_init_apn failed: apn configuration failed
2026-09-08 23:34:04,669 ERROR    src.orchestration.scheduler: slot 352063910272451: exceeded max_retry (3); escalating. last_error=apn configuration failed
2026-09-08 23:34:04,670 ERROR    main_phase2: FAILED: device 352063910272451 ended in state ESCALATED (last_error=apn configuration failed)
2026-09-08 23:47:59,392 INFO     main_phase2: loading model profiles from C:\code\android-system\device-redeployment\config\models
2026-09-08 23:47:59,414 INFO     main_phase2: starting Phase 2 run: serial=352063910272451 model=SHG10 (AQUOS sense7) [skip_wizard]
2026-09-08 23:48:00,634 WARNING  src.orchestration.slot: slot 352063910272451: skip_wizard=True - assuming the device is already past setup (e.g. re-testing an already-provisioned unit). This bypasses a real safety check; never use this for a production batch run.
2026-09-08 23:48:00,635 INFO     src.orchestration.slot: slot 352063910272451: connecting wifi
2026-09-08 23:48:00,882 INFO     src.phase2.wifi_setup: shell wifi connect-network unavailable/failed: adb command failed: 'shell cmd wifi connect-network "earth5_1" wpa2 "earth5_1"' - Exception occurred while executing 'connect-network':
java.lang.SecurityException: Uid 2000 does not have access to connect-network wifi command (or such command doesn't exist)
	at com.android.server.wifi.WifiShellCommand.onCommand(WifiShellCommand.java:483)
	at com.android.wifi.x.com.android.modules.utils.BasicShellCommandHandler.exec(BasicShellCommandHandler.java:97)
	at com.android.server.wifi.WifiServiceImpl.handleShellCommand(WifiServiceImpl.java:5204)
	at android.os.Binder.onShellCommand(Binder.java:1121)
	at android.os.Binder.shellCommand(Binder.java:1068)
	at android.os.Binder.onTransact(Binder.java:888)
	at android.net.wifi.IWifiManager$Stub.onTransact(IWifiManager.java:3230)
	at android.os.Binder.execTransactInternal(Binder.java:1344)
	at android.os.Binder.execTransact(Binder.java:1275)
2026-09-08 23:48:05,962 INFO     src.phase2.wifi_setup: reached Wi-Fi settings via android.settings.WIFI_SETTINGS intent
2026-09-08 23:48:17,862 WARNING  src.phase2.wifi_setup: wifi password field 'com.android.settings:id/wifi_password' (unresolved/best-guess id) not found; attempting text entry anyway in case it's already focused — the join-network dialog typically auto-focuses the password field itself
2026-09-08 23:48:20,564 WARNING  src.phase2.wifi_setup: wifi connect button (text '接続') not found on screen
2026-09-08 23:48:24,102 WARNING  src.phase2.wifi_setup: wifi connect button 'com.android.settings:id/wifi_connect_button' (unresolved/best-guess id) not found either
2026-09-08 23:48:24,682 INFO     src.phase2.wifi_setup: connected to 'earth5_1' via UI fallback
2026-09-08 23:48:24,682 INFO     src.orchestration.slot: slot 352063910272451: configuring apn
2026-09-08 23:48:28,962 INFO     src.phase2.apn_setup: apn menu: WIFI_SETTINGS intent landed correctly, skipping 3 leading text step(s) of menu_path
2026-09-08 23:48:35,177 ERROR    src.phase2.apn_setup: apn menu navigation failed
2026-09-08 23:48:35,177 ERROR    src.orchestration.slot: slot 352063910272451: run_init_apn failed: apn configuration failed
2026-09-08 23:48:35,177 WARNING  src.orchestration.scheduler: slot 352063910272451: attempt failed (retry 1/3): apn configuration failed
2026-09-08 23:48:36,331 WARNING  src.orchestration.slot: slot 352063910272451: skip_wizard=True - assuming the device is already past setup (e.g. re-testing an already-provisioned unit). This bypasses a real safety check; never use this for a production batch run.
2026-09-08 23:48:36,332 INFO     src.orchestration.slot: slot 352063910272451: connecting wifi
2026-09-08 23:48:36,543 INFO     src.phase2.wifi_setup: shell wifi connect-network unavailable/failed: adb command failed: 'shell cmd wifi connect-network "earth5_1" wpa2 "earth5_1"' - Exception occurred while executing 'connect-network':
java.lang.SecurityException: Uid 2000 does not have access to connect-network wifi command (or such command doesn't exist)
	at com.android.server.wifi.WifiShellCommand.onCommand(WifiShellCommand.java:483)
	at com.android.wifi.x.com.android.modules.utils.BasicShellCommandHandler.exec(BasicShellCommandHandler.java:97)
	at com.android.server.wifi.WifiServiceImpl.handleShellCommand(WifiServiceImpl.java:5204)
	at android.os.Binder.onShellCommand(Binder.java:1121)
	at android.os.Binder.shellCommand(Binder.java:1068)
	at android.os.Binder.onTransact(Binder.java:888)
	at android.net.wifi.IWifiManager$Stub.onTransact(IWifiManager.java:3230)
	at android.os.Binder.execTransactInternal(Binder.java:1344)
	at android.os.Binder.execTransact(Binder.java:1275)
2026-09-08 23:48:40,242 INFO     src.phase2.wifi_setup: reached Wi-Fi settings via android.settings.WIFI_SETTINGS intent
2026-09-08 23:48:49,142 WARNING  src.phase2.wifi_setup: wifi password field 'com.android.settings:id/wifi_password' (unresolved/best-guess id) not found; attempting text entry anyway in case it's already focused — the join-network dialog typically auto-focuses the password field itself
2026-09-08 23:48:51,925 WARNING  src.phase2.wifi_setup: wifi connect button (text '接続') not found on screen
2026-09-08 23:48:54,431 WARNING  src.phase2.wifi_setup: wifi connect button 'com.android.settings:id/wifi_connect_button' (unresolved/best-guess id) not found either
2026-09-08 23:48:54,866 INFO     src.phase2.wifi_setup: connected to 'earth5_1' via UI fallback
2026-09-08 23:48:54,866 INFO     src.orchestration.slot: slot 352063910272451: configuring apn
2026-09-08 23:48:59,142 INFO     src.phase2.apn_setup: apn menu: WIFI_SETTINGS intent landed correctly, skipping 3 leading text step(s) of menu_path
2026-09-08 23:49:05,797 ERROR    src.phase2.apn_setup: apn menu navigation failed
2026-09-08 23:49:05,797 ERROR    src.orchestration.slot: slot 352063910272451: run_init_apn failed: apn configuration failed
2026-09-08 23:49:05,797 WARNING  src.orchestration.scheduler: slot 352063910272451: attempt failed (retry 2/3): apn configuration failed
2026-09-08 23:49:06,977 WARNING  src.orchestration.slot: slot 352063910272451: skip_wizard=True - assuming the device is already past setup (e.g. re-testing an already-provisioned unit). This bypasses a real safety check; never use this for a production batch run.
2026-09-08 23:49:06,977 INFO     src.orchestration.slot: slot 352063910272451: connecting wifi
2026-09-08 23:49:07,142 INFO     src.phase2.wifi_setup: shell wifi connect-network unavailable/failed: adb command failed: 'shell cmd wifi connect-network "earth5_1" wpa2 "earth5_1"' - Exception occurred while executing 'connect-network':
java.lang.SecurityException: Uid 2000 does not have access to connect-network wifi command (or such command doesn't exist)
	at com.android.server.wifi.WifiShellCommand.onCommand(WifiShellCommand.java:483)
	at com.android.wifi.x.com.android.modules.utils.BasicShellCommandHandler.exec(BasicShellCommandHandler.java:97)
	at com.android.server.wifi.WifiServiceImpl.handleShellCommand(WifiServiceImpl.java:5204)
	at android.os.Binder.onShellCommand(Binder.java:1121)
	at android.os.Binder.shellCommand(Binder.java:1068)
	at android.os.Binder.onTransact(Binder.java:888)
	at android.net.wifi.IWifiManager$Stub.onTransact(IWifiManager.java:3230)
	at android.os.Binder.execTransactInternal(Binder.java:1344)
	at android.os.Binder.execTransact(Binder.java:1275)
2026-09-08 23:49:10,662 INFO     src.phase2.wifi_setup: reached Wi-Fi settings via android.settings.WIFI_SETTINGS intent
2026-09-08 23:49:20,236 WARNING  src.phase2.wifi_setup: wifi password field 'com.android.settings:id/wifi_password' (unresolved/best-guess id) not found; attempting text entry anyway in case it's already focused — the join-network dialog typically auto-focuses the password field itself
2026-09-10 00:51:17,539 INFO     main_phase2: loading model profiles from C:\code\android-system\device-redeployment\config\models
2026-09-10 00:51:17,565 INFO     main_phase2: starting Phase 2 run: serial=352063910272451 model=SHG10 (AQUOS sense7) [skip_wizard]
2026-09-10 00:51:25,020 WARNING  src.orchestration.slot: slot 352063910272451: skip_wizard=True - assuming the device is already past setup (e.g. re-testing an already-provisioned unit). This bypasses a real safety check; never use this for a production batch run.
2026-09-10 00:51:25,020 INFO     src.orchestration.slot: slot 352063910272451: connecting wifi
2026-09-10 00:51:25,819 INFO     src.phase2.wifi_setup: shell wifi connect-network unavailable/failed: adb command failed: 'shell cmd wifi connect-network "earth5_1" wpa2 "earth5_1"' - Exception occurred while executing 'connect-network':
java.lang.SecurityException: Uid 2000 does not have access to connect-network wifi command (or such command doesn't exist)
	at com.android.server.wifi.WifiShellCommand.onCommand(WifiShellCommand.java:483)
	at com.android.wifi.x.com.android.modules.utils.BasicShellCommandHandler.exec(BasicShellCommandHandler.java:97)
	at com.android.server.wifi.WifiServiceImpl.handleShellCommand(WifiServiceImpl.java:5204)
	at android.os.Binder.onShellCommand(Binder.java:1121)
	at android.os.Binder.shellCommand(Binder.java:1068)
	at android.os.Binder.onTransact(Binder.java:888)
	at android.net.wifi.IWifiManager$Stub.onTransact(IWifiManager.java:3230)
	at android.os.Binder.execTransactInternal(Binder.java:1344)
	at android.os.Binder.execTransact(Binder.java:1275)
2026-09-10 00:51:28,702 INFO     src.phase2.wifi_setup: WIFI_SETTINGS intent didn't land on a recognizable Wi-Fi screen; falling back to menu_path navigation
2026-09-10 00:51:31,277 ERROR    src.orchestration.slot: slot 352063910272451: run_init_apn failed: refusing to tap: current screen contains the USB-debugging disable notification (matched '無効にするにはここをタップ' in the dump). A mistargeted tap here would disable ADB and strand the device. Clear the notification shade before retrying — see docs/record.md, 'UI hazard' section.
2026-09-10 00:51:31,277 WARNING  src.orchestration.scheduler: slot 352063910272451: attempt failed (retry 1/3): refusing to tap: current screen contains the USB-debugging disable notification (matched '無効にするにはここをタップ' in the dump). A mistargeted tap here would disable ADB and strand the device. Clear the notification shade before retrying — see docs/record.md, 'UI hazard' section.
2026-09-10 00:51:32,433 WARNING  src.orchestration.slot: slot 352063910272451: skip_wizard=True - assuming the device is already past setup (e.g. re-testing an already-provisioned unit). This bypasses a real safety check; never use this for a production batch run.
2026-09-10 00:51:32,435 INFO     src.orchestration.slot: slot 352063910272451: connecting wifi
2026-09-10 00:51:33,128 INFO     src.phase2.wifi_setup: shell wifi connect-network unavailable/failed: adb command failed: 'shell cmd wifi connect-network "earth5_1" wpa2 "earth5_1"' - Exception occurred while executing 'connect-network':
java.lang.SecurityException: Uid 2000 does not have access to connect-network wifi command (or such command doesn't exist)
	at com.android.server.wifi.WifiShellCommand.onCommand(WifiShellCommand.java:483)
	at com.android.wifi.x.com.android.modules.utils.BasicShellCommandHandler.exec(BasicShellCommandHandler.java:97)
	at com.android.server.wifi.WifiServiceImpl.handleShellCommand(WifiServiceImpl.java:5204)
	at android.os.Binder.onShellCommand(Binder.java:1121)
	at android.os.Binder.shellCommand(Binder.java:1068)
	at android.os.Binder.onTransact(Binder.java:888)
	at android.net.wifi.IWifiManager$Stub.onTransact(IWifiManager.java:3230)
	at android.os.Binder.execTransactInternal(Binder.java:1344)
	at android.os.Binder.execTransact(Binder.java:1275)
2026-09-10 00:51:35,873 INFO     src.phase2.wifi_setup: WIFI_SETTINGS intent didn't land on a recognizable Wi-Fi screen; falling back to menu_path navigation
2026-09-10 00:57:05,658 INFO     main_phase2: loading model profiles from C:\code\android-system\device-redeployment\config\models
2026-09-10 00:57:05,682 INFO     main_phase2: starting Phase 2 run: serial=352063910272451 model=SHG10 (AQUOS sense7) [skip_wizard]
2026-09-10 00:57:06,881 WARNING  src.orchestration.slot: slot 352063910272451: skip_wizard=True - assuming the device is already past setup (e.g. re-testing an already-provisioned unit). This bypasses a real safety check; never use this for a production batch run.
2026-09-10 00:57:06,882 INFO     src.orchestration.slot: slot 352063910272451: connecting wifi
2026-09-10 00:57:07,579 INFO     src.phase2.wifi_setup: shell wifi connect-network unavailable/failed: adb command failed: 'shell cmd wifi connect-network "earth5_1" wpa2 "earth5_1"' - Exception occurred while executing 'connect-network':
java.lang.SecurityException: Uid 2000 does not have access to connect-network wifi command (or such command doesn't exist)
	at com.android.server.wifi.WifiShellCommand.onCommand(WifiShellCommand.java:483)
	at com.android.wifi.x.com.android.modules.utils.BasicShellCommandHandler.exec(BasicShellCommandHandler.java:97)
	at com.android.server.wifi.WifiServiceImpl.handleShellCommand(WifiServiceImpl.java:5204)
	at android.os.Binder.onShellCommand(Binder.java:1121)
	at android.os.Binder.shellCommand(Binder.java:1068)
	at android.os.Binder.onTransact(Binder.java:888)
	at android.net.wifi.IWifiManager$Stub.onTransact(IWifiManager.java:3230)
	at android.os.Binder.execTransactInternal(Binder.java:1344)
	at android.os.Binder.execTransact(Binder.java:1275)
2026-09-10 00:57:10,414 INFO     src.phase2.wifi_setup: WIFI_SETTINGS intent didn't land on a recognizable Wi-Fi screen; falling back to menu_path navigation
2026-09-10 00:57:13,011 ERROR    src.orchestration.slot: slot 352063910272451: run_init_apn failed: refusing to tap: current screen contains the USB-debugging disable notification (matched '無効にするにはここをタップ' in the dump). A mistargeted tap here would disable ADB and strand the device. Clear the notification shade before retrying — see docs/record.md, 'UI hazard' section.
2026-09-10 00:57:13,012 WARNING  src.orchestration.scheduler: slot 352063910272451: attempt failed (retry 1/3): refusing to tap: current screen contains the USB-debugging disable notification (matched '無効にするにはここをタップ' in the dump). A mistargeted tap here would disable ADB and strand the device. Clear the notification shade before retrying — see docs/record.md, 'UI hazard' section.
2026-09-10 00:57:14,156 WARNING  src.orchestration.slot: slot 352063910272451: skip_wizard=True - assuming the device is already past setup (e.g. re-testing an already-provisioned unit). This bypasses a real safety check; never use this for a production batch run.
2026-09-10 00:57:14,156 INFO     src.orchestration.slot: slot 352063910272451: connecting wifi
2026-09-10 00:57:14,643 INFO     src.phase2.wifi_setup: shell wifi connect-network unavailable/failed: adb command failed: 'shell cmd wifi connect-network "earth5_1" wpa2 "earth5_1"' - Exception occurred while executing 'connect-network':
java.lang.SecurityException: Uid 2000 does not have access to connect-network wifi command (or such command doesn't exist)
	at com.android.server.wifi.WifiShellCommand.onCommand(WifiShellCommand.java:483)
	at com.android.wifi.x.com.android.modules.utils.BasicShellCommandHandler.exec(BasicShellCommandHandler.java:97)
	at com.android.server.wifi.WifiServiceImpl.handleShellCommand(WifiServiceImpl.java:5204)
	at android.os.Binder.onShellCommand(Binder.java:1121)
	at android.os.Binder.shellCommand(Binder.java:1068)
	at android.os.Binder.onTransact(Binder.java:888)
	at android.net.wifi.IWifiManager$Stub.onTransact(IWifiManager.java:3230)
	at android.os.Binder.execTransactInternal(Binder.java:1344)
	at android.os.Binder.execTransact(Binder.java:1275)
2026-09-10 00:57:19,607 INFO     src.phase2.wifi_setup: reached Wi-Fi settings via android.settings.WIFI_SETTINGS intent
2026-09-10 00:57:27,840 WARNING  src.phase2.wifi_setup: wifi password field 'com.android.settings:id/wifi_password' (unresolved/best-guess id) not found; attempting text entry anyway in case it's already focused — the join-network dialog typically auto-focuses the password field itself
2026-09-10 00:57:34,306 INFO     src.phase2.wifi_setup: connected to 'earth5_1' via UI fallback
2026-09-10 00:57:34,306 INFO     src.orchestration.slot: slot 352063910272451: configuring apn
2026-09-10 00:57:38,848 INFO     src.phase2.apn_setup: apn menu: WIFI_SETTINGS intent landed correctly, skipping 3 leading text step(s) of menu_path
2026-09-10 00:57:48,756 ERROR    src.phase2.apn_setup: apn menu navigation failed
2026-09-10 00:57:48,756 ERROR    src.orchestration.slot: slot 352063910272451: run_init_apn failed: apn configuration failed
2026-09-10 00:57:48,756 WARNING  src.orchestration.scheduler: slot 352063910272451: attempt failed (retry 2/3): apn configuration failed
2026-09-10 00:57:50,512 WARNING  src.orchestration.slot: slot 352063910272451: skip_wizard=True - assuming the device is already past setup (e.g. re-testing an already-provisioned unit). This bypasses a real safety check; never use this for a production batch run.
2026-09-10 00:57:50,513 INFO     src.orchestration.slot: slot 352063910272451: connecting wifi
2026-09-10 00:57:51,038 INFO     src.phase2.wifi_setup: already connected to 'earth5_1'; nothing to do
2026-09-10 00:57:51,038 INFO     src.orchestration.slot: slot 352063910272451: configuring apn
2026-09-10 00:57:54,010 INFO     src.phase2.apn_setup: apn menu: WIFI_SETTINGS intent didn't land where the next menu_path step is reachable; falling back to the full path
2026-09-10 00:57:56,828 ERROR    src.phase2.apn_setup: apn menu navigation failed
2026-09-10 00:57:56,829 ERROR    src.orchestration.slot: slot 352063910272451: run_init_apn failed: apn configuration failed
2026-09-10 00:57:56,829 WARNING  src.orchestration.scheduler: slot 352063910272451: attempt failed (retry 3/3): apn configuration failed
2026-09-10 00:57:58,450 WARNING  src.orchestration.slot: slot 352063910272451: skip_wizard=True - assuming the device is already past setup (e.g. re-testing an already-provisioned unit). This bypasses a real safety check; never use this for a production batch run.
2026-09-10 00:57:58,451 INFO     src.orchestration.slot: slot 352063910272451: connecting wifi
2026-09-10 00:57:58,838 INFO     src.phase2.wifi_setup: already connected to 'earth5_1'; nothing to do
2026-09-10 00:57:58,839 INFO     src.orchestration.slot: slot 352063910272451: configuring apn
2026-09-10 00:58:01,799 INFO     src.phase2.apn_setup: apn menu: WIFI_SETTINGS intent didn't land where the next menu_path step is reachable; falling back to the full path
2026-09-10 00:58:04,989 ERROR    src.phase2.apn_setup: apn menu navigation failed
2026-09-10 00:58:04,990 ERROR    src.orchestration.slot: slot 352063910272451: run_init_apn failed: apn configuration failed
2026-09-10 00:58:04,990 ERROR    src.orchestration.scheduler: slot 352063910272451: exceeded max_retry (3); escalating. last_error=apn configuration failed
2026-09-10 00:58:04,990 ERROR    main_phase2: FAILED: device 352063910272451 ended in state ESCALATED (last_error=apn configuration failed)
2026-09-11 15:51:55,936 INFO     main_phase2: loading model profiles from C:\code\android-system\device-redeployment\config\models
2026-09-11 15:51:55,962 INFO     main_phase2: starting Phase 2 run: serial=352063910272451 model=SHG10 (AQUOS sense7) [skip_wizard]
2026-09-11 15:51:57,164 WARNING  src.orchestration.slot: slot 352063910272451: skip_wizard=True - assuming the device is already past setup (e.g. re-testing an already-provisioned unit). This bypasses a real safety check; never use this for a production batch run.
2026-09-11 15:51:57,164 INFO     src.orchestration.slot: slot 352063910272451: connecting wifi
2026-09-11 15:51:57,766 INFO     src.phase2.wifi_setup: already connected to 'earth5_1'; nothing to do
2026-09-11 15:51:57,766 INFO     src.orchestration.slot: slot 352063910272451: configuring apn
2026-09-11 15:52:00,562 INFO     src.phase2.apn_setup: APN_SETTINGS intent didn't land on a recognizable APN list screen; falling back to menu_path navigation
2026-09-11 15:52:03,040 ERROR    src.phase2.apn_setup: apn menu navigation failed
2026-09-11 15:52:03,040 ERROR    src.orchestration.slot: slot 352063910272451: run_init_apn failed: apn configuration failed
2026-09-11 15:52:03,040 WARNING  src.orchestration.scheduler: slot 352063910272451: attempt failed (retry 1/3): apn configuration failed
2026-09-11 15:52:04,215 WARNING  src.orchestration.slot: slot 352063910272451: skip_wizard=True - assuming the device is already past setup (e.g. re-testing an already-provisioned unit). This bypasses a real safety check; never use this for a production batch run.
2026-09-11 15:52:04,215 INFO     src.orchestration.slot: slot 352063910272451: connecting wifi
2026-09-11 15:52:04,748 INFO     src.phase2.wifi_setup: already connected to 'earth5_1'; nothing to do
2026-09-11 15:52:04,748 INFO     src.orchestration.slot: slot 352063910272451: configuring apn
2026-09-11 15:52:07,357 INFO     src.phase2.apn_setup: APN_SETTINGS intent didn't land on a recognizable APN list screen; falling back to menu_path navigation
2026-09-11 15:52:09,811 ERROR    src.phase2.apn_setup: apn menu navigation failed
2026-09-11 15:52:09,811 ERROR    src.orchestration.slot: slot 352063910272451: run_init_apn failed: apn configuration failed
2026-09-11 15:52:09,812 WARNING  src.orchestration.scheduler: slot 352063910272451: attempt failed (retry 2/3): apn configuration failed
2026-09-11 15:52:10,982 WARNING  src.orchestration.slot: slot 352063910272451: skip_wizard=True - assuming the device is already past setup (e.g. re-testing an already-provisioned unit). This bypasses a real safety check; never use this for a production batch run.
2026-09-11 15:52:10,983 INFO     src.orchestration.slot: slot 352063910272451: connecting wifi
2026-09-11 15:52:11,514 INFO     src.phase2.wifi_setup: already connected to 'earth5_1'; nothing to do
2026-09-11 15:52:11,514 INFO     src.orchestration.slot: slot 352063910272451: configuring apn
2026-09-11 15:52:14,122 INFO     src.phase2.apn_setup: APN_SETTINGS intent didn't land on a recognizable APN list screen; falling back to menu_path navigation
2026-09-11 15:52:16,541 ERROR    src.phase2.apn_setup: apn menu navigation failed
2026-09-11 15:52:16,541 ERROR    src.orchestration.slot: slot 352063910272451: run_init_apn failed: apn configuration failed
2026-09-11 15:52:16,541 WARNING  src.orchestration.scheduler: slot 352063910272451: attempt failed (retry 3/3): apn configuration failed
2026-09-11 15:52:17,717 WARNING  src.orchestration.slot: slot 352063910272451: skip_wizard=True - assuming the device is already past setup (e.g. re-testing an already-provisioned unit). This bypasses a real safety check; never use this for a production batch run.
2026-09-11 15:52:17,717 INFO     src.orchestration.slot: slot 352063910272451: connecting wifi
2026-09-11 15:52:18,247 INFO     src.phase2.wifi_setup: already connected to 'earth5_1'; nothing to do
2026-09-11 15:52:18,247 INFO     src.orchestration.slot: slot 352063910272451: configuring apn
2026-09-11 15:52:20,930 INFO     src.phase2.apn_setup: APN_SETTINGS intent didn't land on a recognizable APN list screen; falling back to menu_path navigation
2026-09-11 15:52:23,423 ERROR    src.phase2.apn_setup: apn menu navigation failed
2026-09-11 15:52:23,423 ERROR    src.orchestration.slot: slot 352063910272451: run_init_apn failed: apn configuration failed
2026-09-11 15:52:23,423 ERROR    src.orchestration.scheduler: slot 352063910272451: exceeded max_retry (3); escalating. last_error=apn configuration failed
2026-09-11 15:52:23,423 ERROR    main_phase2: FAILED: device 352063910272451 ended in state ESCALATED (last_error=apn configuration failed)
2026-09-11 16:31:48,955 INFO     main_phase2: loading model profiles from C:\code\android-system\device-redeployment\config\models
2026-09-11 16:31:48,980 INFO     main_phase2: starting Phase 2 run: serial=352063910272451 model=SHG10 (AQUOS sense7) [skip_wizard]
2026-09-11 16:31:50,157 WARNING  src.orchestration.slot: slot 352063910272451: skip_wizard=True - assuming the device is already past setup (e.g. re-testing an already-provisioned unit). This bypasses a real safety check; never use this for a production batch run.
2026-09-11 16:31:50,157 INFO     src.orchestration.slot: slot 352063910272451: connecting wifi
2026-09-11 16:31:50,720 INFO     src.phase2.wifi_setup: already connected to 'earth5_1'; nothing to do
2026-09-11 16:31:50,721 INFO     src.orchestration.slot: slot 352063910272451: configuring apn
2026-09-11 16:31:53,364 INFO     src.phase2.apn_setup: APN_SETTINGS intent didn't land on a recognizable APN list screen; falling back to menu_path navigation
2026-09-11 16:31:55,859 ERROR    src.phase2.apn_setup: apn menu navigation failed
2026-09-11 16:31:55,860 ERROR    src.orchestration.slot: slot 352063910272451: run_init_apn failed: apn configuration failed
2026-09-11 16:31:55,861 WARNING  src.orchestration.scheduler: slot 352063910272451: attempt failed (retry 1/3): apn configuration failed
2026-09-11 16:31:57,050 WARNING  src.orchestration.slot: slot 352063910272451: skip_wizard=True - assuming the device is already past setup (e.g. re-testing an already-provisioned unit). This bypasses a real safety check; never use this for a production batch run.
2026-09-11 16:31:57,050 INFO     src.orchestration.slot: slot 352063910272451: connecting wifi
2026-09-11 16:31:57,573 INFO     src.phase2.wifi_setup: already connected to 'earth5_1'; nothing to do
2026-09-11 16:31:57,573 INFO     src.orchestration.slot: slot 352063910272451: configuring apn
2026-09-11 16:32:00,148 INFO     src.phase2.apn_setup: APN_SETTINGS intent didn't land on a recognizable APN list screen; falling back to menu_path navigation
2026-09-11 16:32:02,607 ERROR    src.phase2.apn_setup: apn menu navigation failed
2026-09-11 16:32:02,607 ERROR    src.orchestration.slot: slot 352063910272451: run_init_apn failed: apn configuration failed
2026-09-11 16:32:02,608 WARNING  src.orchestration.scheduler: slot 352063910272451: attempt failed (retry 2/3): apn configuration failed
2026-09-11 16:32:03,791 WARNING  src.orchestration.slot: slot 352063910272451: skip_wizard=True - assuming the device is already past setup (e.g. re-testing an already-provisioned unit). This bypasses a real safety check; never use this for a production batch run.
2026-09-11 16:32:03,791 INFO     src.orchestration.slot: slot 352063910272451: connecting wifi
2026-09-11 16:32:04,301 INFO     src.phase2.wifi_setup: already connected to 'earth5_1'; nothing to do
2026-09-11 16:32:04,301 INFO     src.orchestration.slot: slot 352063910272451: configuring apn
2026-09-11 16:32:06,929 INFO     src.phase2.apn_setup: APN_SETTINGS intent didn't land on a recognizable APN list screen; falling back to menu_path navigation
2026-09-11 16:32:09,430 ERROR    src.phase2.apn_setup: apn menu navigation failed
2026-09-11 16:32:09,431 ERROR    src.orchestration.slot: slot 352063910272451: run_init_apn failed: apn configuration failed
2026-09-11 16:32:09,431 WARNING  src.orchestration.scheduler: slot 352063910272451: attempt failed (retry 3/3): apn configuration failed
2026-09-11 16:32:10,641 WARNING  src.orchestration.slot: slot 352063910272451: skip_wizard=True - assuming the device is already past setup (e.g. re-testing an already-provisioned unit). This bypasses a real safety check; never use this for a production batch run.
2026-09-11 16:32:10,641 INFO     src.orchestration.slot: slot 352063910272451: connecting wifi
2026-09-11 16:32:11,177 INFO     src.phase2.wifi_setup: already connected to 'earth5_1'; nothing to do
2026-09-11 16:32:11,177 INFO     src.orchestration.slot: slot 352063910272451: configuring apn
2026-09-11 16:32:13,781 INFO     src.phase2.apn_setup: APN_SETTINGS intent didn't land on a recognizable APN list screen; falling back to menu_path navigation
2026-09-11 16:32:16,289 ERROR    src.phase2.apn_setup: apn menu navigation failed
2026-09-11 16:32:16,290 ERROR    src.orchestration.slot: slot 352063910272451: run_init_apn failed: apn configuration failed
2026-09-11 16:32:16,290 ERROR    src.orchestration.scheduler: slot 352063910272451: exceeded max_retry (3); escalating. last_error=apn configuration failed
2026-09-11 16:32:16,290 ERROR    main_phase2: FAILED: device 352063910272451 ended in state ESCALATED (last_error=apn configuration failed)
2026-09-11 16:51:53,777 INFO     main_phase2: loading model profiles from C:\code\android-system\device-redeployment\config\models
2026-09-11 16:51:53,803 INFO     main_phase2: starting Phase 2 run: serial=352063910272451 model=SHG10 (AQUOS sense7) [skip_wizard]
2026-09-11 16:51:54,998 WARNING  src.orchestration.slot: slot 352063910272451: skip_wizard=True - assuming the device is already past setup (e.g. re-testing an already-provisioned unit). This bypasses a real safety check; never use this for a production batch run.
2026-09-11 16:51:54,999 INFO     src.orchestration.slot: slot 352063910272451: connecting wifi
2026-09-11 16:51:55,551 INFO     src.phase2.wifi_setup: already connected to 'earth5_1'; nothing to do
2026-09-11 16:51:55,551 INFO     src.orchestration.slot: slot 352063910272451: configuring apn
2026-09-11 16:51:58,100 INFO     src.phase2.apn_setup: reached APN list via android.settings.APN_SETTINGS intent
2026-09-11 16:52:46,979 WARNING  src.phase2.apn_setup: apn: save reported no validation error, but '<APN value from client>' wasn't spotted back on the APN list (soft check only — not treated as a failure; could be scroll position or list truncation)
2026-09-11 16:52:46,979 INFO     src.phase2.apn_setup: apn '<APN value from client>' configured successfully
2026-09-11 16:52:46,979 INFO     src.orchestration.slot: slot 352063910272451: reached LOGIN_INSTALL (Phase 2 success condition)
2026-09-11 16:52:46,979 INFO     main_phase2: SUCCESS: device 352063910272451 reached LOGIN_INSTALL
2026-09-11 20:33:55,293 INFO     main_phase2: loading model profiles from C:\code\android-system\device-redeployment\config\models
2026-09-11 20:33:55,318 INFO     main_phase2: starting Phase 2 run: serial=352063910272451 model=SHG10 (AQUOS sense7) [skip_wizard]
2026-09-11 20:33:56,503 WARNING  src.orchestration.slot: slot 352063910272451: skip_wizard=True - assuming the device is already past setup (e.g. re-testing an already-provisioned unit). This bypasses a real safety check; never use this for a production batch run.
2026-09-11 20:33:56,503 INFO     src.orchestration.slot: slot 352063910272451: connecting wifi
2026-09-11 20:33:56,967 INFO     src.phase2.wifi_setup: already connected to 'earth5_1'; nothing to do
2026-09-11 20:33:56,967 INFO     src.orchestration.slot: slot 352063910272451: configuring apn
2026-09-11 20:33:59,514 INFO     src.phase2.apn_setup: APN_SETTINGS intent didn't land on a recognizable APN list screen; falling back to menu_path navigation
2026-09-11 20:34:01,984 ERROR    src.phase2.apn_setup: apn menu navigation failed
2026-09-11 20:34:01,984 ERROR    src.orchestration.slot: slot 352063910272451: run_init_apn failed: apn configuration failed
2026-09-11 20:34:01,984 WARNING  src.orchestration.scheduler: slot 352063910272451: attempt failed (retry 1/3): apn configuration failed
2026-09-11 20:34:03,145 WARNING  src.orchestration.slot: slot 352063910272451: skip_wizard=True - assuming the device is already past setup (e.g. re-testing an already-provisioned unit). This bypasses a real safety check; never use this for a production batch run.
2026-09-11 20:34:03,145 INFO     src.orchestration.slot: slot 352063910272451: connecting wifi
2026-09-11 20:34:03,659 INFO     src.phase2.wifi_setup: already connected to 'earth5_1'; nothing to do
2026-09-11 20:34:03,660 INFO     src.orchestration.slot: slot 352063910272451: configuring apn
2026-09-11 20:34:06,292 INFO     src.phase2.apn_setup: APN_SETTINGS intent didn't land on a recognizable APN list screen; falling back to menu_path navigation
2026-09-11 20:34:08,734 ERROR    src.phase2.apn_setup: apn menu navigation failed
2026-09-11 20:34:08,735 ERROR    src.orchestration.slot: slot 352063910272451: run_init_apn failed: apn configuration failed
2026-09-11 20:34:08,735 WARNING  src.orchestration.scheduler: slot 352063910272451: attempt failed (retry 2/3): apn configuration failed
2026-09-11 20:34:09,906 WARNING  src.orchestration.slot: slot 352063910272451: skip_wizard=True - assuming the device is already past setup (e.g. re-testing an already-provisioned unit). This bypasses a real safety check; never use this for a production batch run.
2026-09-11 20:34:09,906 INFO     src.orchestration.slot: slot 352063910272451: connecting wifi
2026-09-11 20:34:10,432 INFO     src.phase2.wifi_setup: already connected to 'earth5_1'; nothing to do
2026-09-11 20:34:10,433 INFO     src.orchestration.slot: slot 352063910272451: configuring apn
2026-09-11 20:34:13,121 INFO     src.phase2.apn_setup: APN_SETTINGS intent didn't land on a recognizable APN list screen; falling back to menu_path navigation
2026-09-11 20:34:15,594 ERROR    src.phase2.apn_setup: apn menu navigation failed
2026-09-11 20:34:15,594 ERROR    src.orchestration.slot: slot 352063910272451: run_init_apn failed: apn configuration failed
2026-09-11 20:34:15,594 WARNING  src.orchestration.scheduler: slot 352063910272451: attempt failed (retry 3/3): apn configuration failed
2026-09-11 20:34:16,788 WARNING  src.orchestration.slot: slot 352063910272451: skip_wizard=True - assuming the device is already past setup (e.g. re-testing an already-provisioned unit). This bypasses a real safety check; never use this for a production batch run.
2026-09-11 20:34:16,788 INFO     src.orchestration.slot: slot 352063910272451: connecting wifi
2026-09-11 20:34:17,289 INFO     src.phase2.wifi_setup: already connected to 'earth5_1'; nothing to do
2026-09-11 20:34:17,289 INFO     src.orchestration.slot: slot 352063910272451: configuring apn
2026-09-11 20:34:19,964 INFO     src.phase2.apn_setup: APN_SETTINGS intent didn't land on a recognizable APN list screen; falling back to menu_path navigation
2026-09-11 20:34:22,451 ERROR    src.phase2.apn_setup: apn menu navigation failed
2026-09-11 20:34:22,452 ERROR    src.orchestration.slot: slot 352063910272451: run_init_apn failed: apn configuration failed
2026-09-11 20:34:22,452 ERROR    src.orchestration.scheduler: slot 352063910272451: exceeded max_retry (3); escalating. last_error=apn configuration failed
2026-09-11 20:34:22,452 ERROR    main_phase2: FAILED: device 352063910272451 ended in state ESCALATED (last_error=apn configuration failed)
2026-09-11 20:34:34,550 INFO     main_phase2: loading model profiles from C:\code\android-system\device-redeployment\config\models
2026-09-11 20:34:34,575 INFO     main_phase2: starting Phase 2 run: serial=352063910272451 model=SHG10 (AQUOS sense7) [skip_wizard]
2026-09-11 20:34:35,745 WARNING  src.orchestration.slot: slot 352063910272451: skip_wizard=True - assuming the device is already past setup (e.g. re-testing an already-provisioned unit). This bypasses a real safety check; never use this for a production batch run.
2026-09-11 20:34:35,746 INFO     src.orchestration.slot: slot 352063910272451: connecting wifi
2026-09-11 20:34:36,275 INFO     src.phase2.wifi_setup: already connected to 'earth5_1'; nothing to do
2026-09-11 20:34:36,275 INFO     src.orchestration.slot: slot 352063910272451: configuring apn
2026-09-11 20:34:38,876 INFO     src.phase2.apn_setup: reached APN list via android.settings.APN_SETTINGS intent
2026-09-11 20:35:30,835 WARNING  src.phase2.apn_setup: apn: save reported no validation error, but '<APN value from client>' wasn't spotted back on the APN list (soft check only — not treated as a failure; could be scroll position or list truncation)
2026-09-11 20:35:30,835 INFO     src.phase2.apn_setup: apn '<APN value from client>' configured successfully
2026-09-11 20:35:30,835 INFO     src.orchestration.slot: slot 352063910272451: reached LOGIN_INSTALL (Phase 2 success condition)
2026-09-11 20:35:30,836 INFO     main_phase2: SUCCESS: device 352063910272451 reached LOGIN_INSTALL
2026-09-11 20:47:20,662 INFO     main_phase2: loading model profiles from C:\code\android-system\device-redeployment\config\models
2026-09-11 20:47:20,687 INFO     main_phase2: starting Phase 2 run: serial=352063910272451 model=SHG10 (AQUOS sense7) [skip_wizard]
2026-09-11 20:47:21,866 WARNING  src.orchestration.slot: slot 352063910272451: skip_wizard=True - assuming the device is already past setup (e.g. re-testing an already-provisioned unit). This bypasses a real safety check; never use this for a production batch run.
2026-09-11 20:47:21,866 INFO     src.orchestration.slot: slot 352063910272451: connecting wifi
2026-09-11 20:47:22,365 INFO     src.phase2.wifi_setup: already connected to 'earth5_1'; nothing to do
2026-09-11 20:47:22,365 INFO     src.orchestration.slot: slot 352063910272451: configuring apn
2026-09-11 20:47:24,974 INFO     src.phase2.apn_setup: reached APN list via android.settings.APN_SETTINGS intent
2026-09-11 20:48:14,093 WARNING  src.phase2.apn_setup: apn: save reported no validation error, but '<APN value from client>' wasn't spotted back on the APN list (soft check only — not treated as a failure; could be scroll position or list truncation)
2026-09-11 20:48:14,094 INFO     src.phase2.apn_setup: apn '<APN value from client>' configured successfully
2026-09-11 20:48:14,094 INFO     src.orchestration.slot: slot 352063910272451: reached LOGIN_INSTALL (Phase 2 success condition)
2026-09-11 20:48:14,094 INFO     main_phase2: SUCCESS: device 352063910272451 reached LOGIN_INSTALL
2026-09-11 20:52:19,880 INFO     main_phase2: loading model profiles from C:\code\android-system\device-redeployment\config\models
2026-09-11 20:52:19,904 INFO     main_phase2: starting Phase 2 run: serial=352063910272451 model=SHG10 (AQUOS sense7) [skip_wizard]
2026-09-11 20:52:21,091 WARNING  src.orchestration.slot: slot 352063910272451: skip_wizard=True - assuming the device is already past setup (e.g. re-testing an already-provisioned unit). This bypasses a real safety check; never use this for a production batch run.
2026-09-11 20:52:21,091 INFO     src.orchestration.slot: slot 352063910272451: connecting wifi
2026-09-11 20:52:21,632 INFO     src.phase2.wifi_setup: already connected to 'earth5_1'; nothing to do
2026-09-11 20:52:21,633 INFO     src.orchestration.slot: slot 352063910272451: configuring apn
2026-09-11 20:52:24,207 INFO     src.phase2.apn_setup: reached APN list via android.settings.APN_SETTINGS intent
2026-09-11 20:53:12,918 WARNING  src.phase2.apn_setup: apn: save reported no validation error, but '<APN value from client>' wasn't spotted back on the APN list (soft check only — not treated as a failure; could be scroll position or list truncation)
2026-09-11 20:53:12,918 INFO     src.phase2.apn_setup: apn '<APN value from client>' configured successfully
2026-09-11 20:53:12,918 INFO     src.orchestration.slot: slot 352063910272451: reached LOGIN_INSTALL (Phase 2 success condition)
2026-09-11 20:53:12,918 INFO     main_phase2: SUCCESS: device 352063910272451 reached LOGIN_INSTALL
2026-09-11 20:56:20,349 INFO     main_phase2: loading model profiles from C:\code\android-system\device-redeployment\config\models
2026-09-11 20:56:20,373 INFO     main_phase2: starting Phase 2 run: serial=352063910272451 model=SHG10 (AQUOS sense7) [skip_wizard]
2026-09-11 20:56:21,545 WARNING  src.orchestration.slot: slot 352063910272451: skip_wizard=True - assuming the device is already past setup (e.g. re-testing an already-provisioned unit). This bypasses a real safety check; never use this for a production batch run.
2026-09-11 20:56:21,546 INFO     src.orchestration.slot: slot 352063910272451: connecting wifi
2026-09-11 20:56:22,040 INFO     src.phase2.wifi_setup: already connected to 'earth5_1'; nothing to do
2026-09-11 20:56:22,040 INFO     src.orchestration.slot: slot 352063910272451: configuring apn
2026-09-11 20:56:24,552 INFO     src.phase2.apn_setup: reached APN list via android.settings.APN_SETTINGS intent
2026-09-11 20:57:13,292 WARNING  src.phase2.apn_setup: apn: save reported no validation error, but '<APN value from client>' wasn't spotted back on the APN list (soft check only — not treated as a failure; could be scroll position or list truncation)
2026-09-11 20:57:13,293 INFO     src.phase2.apn_setup: apn '<APN value from client>' configured successfully
2026-09-11 20:57:13,293 INFO     src.orchestration.slot: slot 352063910272451: reached LOGIN_INSTALL (Phase 2 success condition)
2026-09-11 20:57:13,293 INFO     main_phase2: SUCCESS: device 352063910272451 reached LOGIN_INSTALL
2026-09-11 21:00:03,166 INFO     main_phase2: loading model profiles from C:\code\android-system\device-redeployment\config\models
2026-09-11 21:00:03,191 INFO     main_phase2: starting Phase 2 run: serial=352063910272451 model=SHG10 (AQUOS sense7) [skip_wizard]
2026-09-11 21:00:04,372 WARNING  src.orchestration.slot: slot 352063910272451: skip_wizard=True - assuming the device is already past setup (e.g. re-testing an already-provisioned unit). This bypasses a real safety check; never use this for a production batch run.
2026-09-11 21:00:04,373 INFO     src.orchestration.slot: slot 352063910272451: connecting wifi
2026-09-11 21:00:04,904 INFO     src.phase2.wifi_setup: already connected to 'earth5_1'; nothing to do
2026-09-11 21:00:04,904 INFO     src.orchestration.slot: slot 352063910272451: configuring apn
2026-09-11 21:00:07,437 INFO     src.phase2.apn_setup: reached APN list via android.settings.APN_SETTINGS intent
2026-09-11 21:00:56,251 WARNING  src.phase2.apn_setup: apn: save reported no validation error, but '<APN value from client>' wasn't spotted back on the APN list (soft check only — not treated as a failure; could be scroll position or list truncation)
2026-09-11 21:00:56,252 INFO     src.phase2.apn_setup: apn '<APN value from client>' configured successfully
2026-09-11 21:00:56,252 INFO     src.orchestration.slot: slot 352063910272451: reached LOGIN_INSTALL (Phase 2 success condition)
2026-09-11 21:00:56,252 INFO     main_phase2: SUCCESS: device 352063910272451 reached LOGIN_INSTALL
2026-09-11 21:34:05,374 INFO     main_phase2: loading model profiles from C:\code\android-system\device-redeployment\config\models
2026-09-11 21:34:05,398 ERROR    main_phase2: config/network.yaml['apn.carrier'] is still the placeholder value '<carrier name>' copied from network.yaml.example — fill in a real value before running against real hardware.
2026-09-11 21:34:40,434 INFO     main_phase2: loading model profiles from C:\code\android-system\device-redeployment\config\models
2026-09-11 21:34:40,462 ERROR    main_phase2: config/network.yaml['apn.carrier'] is still the placeholder value '<carrier name>' copied from network.yaml.example — fill in a real value before running against real hardware.
2026-09-11 21:36:25,741 INFO     main_phase2: loading model profiles from C:\code\android-system\device-redeployment\config\models
2026-09-11 21:36:25,766 ERROR    main_phase2: config/network.yaml['apn.carrier'] is still the placeholder value '<carrier name>' copied from network.yaml.example — fill in a real value before running against real hardware.
2026-09-11 21:37:52,070 INFO     main_phase2: loading model profiles from C:\code\android-system\device-redeployment\config\models
2026-09-11 21:37:52,095 ERROR    main_phase2: config/network.yaml['apn.carrier'] is still the placeholder value '<carrier name>' copied from network.yaml.example — fill in a real value before running against real hardware.
2026-09-11 21:43:09,915 INFO     main_phase2: loading model profiles from C:\code\android-system\device-redeployment\config\models
2026-09-11 21:43:09,940 ERROR    main_phase2: config/network.yaml['apn.apn_name'] is still the placeholder value '<APN value from client>' copied from network.yaml.example — fill in a real value before running against real hardware.
2026-09-11 21:43:40,032 INFO     main_phase2: loading model profiles from C:\code\android-system\device-redeployment\config\models
2026-09-11 21:43:40,058 ERROR    main_phase2: config/network.yaml['apn.apn_name'] is still the placeholder value '<APN value from client>' copied from network.yaml.example — fill in a real value before running against real hardware.
2026-09-11 21:53:25,224 INFO     main_phase2: loading model profiles from C:\code\android-system\device-redeployment\config\models
2026-09-11 21:53:25,248 INFO     main_phase2: starting Phase 2 run: serial=352063910272451 model=SHG10 (AQUOS sense7) [skip_wizard]
2026-09-11 21:53:26,417 WARNING  src.orchestration.slot: slot 352063910272451: skip_wizard=True - assuming the device is already past setup (e.g. re-testing an already-provisioned unit). This bypasses a real safety check; never use this for a production batch run.
2026-09-11 21:53:26,417 INFO     src.orchestration.slot: slot 352063910272451: connecting wifi
2026-09-11 21:53:26,956 INFO     src.phase2.wifi_setup: already connected to 'earth5_1'; nothing to do
2026-09-11 21:53:26,956 INFO     src.orchestration.slot: slot 352063910272451: configuring apn
2026-09-11 21:53:29,529 INFO     src.phase2.apn_setup: reached APN list via android.settings.APN_SETTINGS intent
2026-09-11 21:54:17,722 WARNING  src.phase2.apn_setup: apn: save reported no validation error, but 'rakuten.jp' wasn't spotted back on the APN list (soft check only — not treated as a failure; could be scroll position or list truncation)
2026-09-11 21:54:17,723 INFO     src.phase2.apn_setup: apn 'rakuten.jp' configured successfully
2026-09-11 21:54:17,723 INFO     src.orchestration.slot: slot 352063910272451: reached LOGIN_INSTALL (Phase 2 success condition)
2026-09-11 21:54:17,723 INFO     main_phase2: SUCCESS: device 352063910272451 reached LOGIN_INSTALL
2026-09-11 22:19:47,262 INFO     main_phase2: loading model profiles from C:\code\android-system\device-redeployment\config\models
2026-09-11 22:19:47,287 INFO     main_phase2: starting Phase 2 run: serial=352063910272451 model=SHG10 (AQUOS sense7) [skip_wizard]
2026-09-11 22:19:48,506 WARNING  src.orchestration.slot: slot 352063910272451: skip_wizard=True - assuming the device is already past setup (e.g. re-testing an already-provisioned unit). This bypasses a real safety check; never use this for a production batch run.
2026-09-11 22:19:48,506 INFO     src.orchestration.slot: slot 352063910272451: connecting wifi
2026-09-11 22:19:49,020 INFO     src.phase2.wifi_setup: already connected to 'earth5_1'; nothing to do
2026-09-11 22:19:49,021 INFO     src.orchestration.slot: slot 352063910272451: configuring apn
2026-09-11 22:19:51,667 INFO     src.phase2.apn_setup: reached APN list via android.settings.APN_SETTINGS intent
2026-09-11 22:21:00,252 WARNING  src.phase2.apn_setup: apn: save reported no validation error, but 'rakuten.jp' wasn't spotted back on the APN list (soft check only — not treated as a failure; could be scroll position or list truncation)
2026-09-11 22:21:00,252 INFO     src.phase2.apn_setup: apn 'rakuten.jp' configured successfully
2026-09-11 22:21:00,253 INFO     src.orchestration.slot: slot 352063910272451: reached LOGIN_INSTALL (Phase 2 success condition)
2026-09-11 22:21:00,253 INFO     main_phase2: SUCCESS: device 352063910272451 reached LOGIN_INSTALL
2026-09-12 17:01:15,657 INFO     main_phase2: loading model profiles from C:\code\android-system\device-redeployment\config\models
2026-09-12 17:01:15,681 INFO     main_phase2: starting Phase 2 run: serial=352063910272451 model=SHG10 (AQUOS sense7) [skip_wizard]
2026-09-12 17:01:17,088 WARNING  src.orchestration.slot: slot 352063910272451: skip_wizard=True - assuming the device is already past setup (e.g. re-testing an already-provisioned unit). This bypasses a real safety check; never use this for a production batch run.
2026-09-12 17:01:17,088 INFO     src.orchestration.slot: slot 352063910272451: connecting wifi
2026-09-12 17:01:17,671 INFO     src.phase2.wifi_setup: already connected to 'earth5_1'; nothing to do
2026-09-12 17:01:17,671 INFO     src.orchestration.slot: slot 352063910272451: configuring apn
2026-09-12 17:01:20,419 INFO     src.phase2.apn_setup: reached APN list via android.settings.APN_SETTINGS intent
2026-09-12 17:02:13,229 WARNING  src.phase2.apn_setup: apn: save reported no validation error, but 'rakuten.jp' wasn't spotted back on the APN list (soft check only — not treated as a failure; could be scroll position or list truncation)
2026-09-12 17:02:13,231 INFO     src.phase2.apn_setup: apn 'rakuten.jp' configured successfully
2026-09-12 17:02:13,231 INFO     src.orchestration.slot: slot 352063910272451: reached LOGIN_INSTALL (Phase 2 success condition)
2026-09-12 17:02:13,231 INFO     main_phase2: SUCCESS: device 352063910272451 reached LOGIN_INSTALL
2026-09-14 02:58:20,052 INFO     main_phase2: loading model profiles from C:\code\android-system\device-redeployment\config\models
2026-09-14 02:58:20,084 INFO     main_phase2: starting Phase 2 run: serial=353681650397052 model=SHG07 (AQUOS sense6s) [skip_wizard]
2026-09-14 02:58:22,368 WARNING  src.orchestration.slot: slot 353681650397052: skip_wizard=True - assuming the device is already past setup (e.g. re-testing an already-provisioned unit). This bypasses a real safety check; never use this for a production batch run.
2026-09-14 02:58:22,368 INFO     src.orchestration.slot: slot 353681650397052: connecting wifi
2026-09-14 02:58:22,963 INFO     src.phase2.wifi_setup: already connected to 'earth5_1'; nothing to do
2026-09-14 02:58:22,963 INFO     src.orchestration.slot: slot 353681650397052: configuring apn
2026-09-14 02:58:25,728 INFO     src.phase2.apn_setup: reached APN list via android.settings.APN_SETTINGS intent
2026-09-14 02:59:18,382 WARNING  src.phase2.apn_setup: apn: save reported no validation error, but 'rakuten.jp' wasn't spotted back on the APN list (soft check only — not treated as a failure; could be scroll position or list truncation)
2026-09-14 02:59:18,382 INFO     src.phase2.apn_setup: apn 'rakuten.jp' configured successfully
2026-09-14 02:59:18,383 INFO     src.orchestration.slot: slot 353681650397052: reached LOGIN_INSTALL (Phase 2 success condition)
2026-09-14 02:59:18,383 INFO     main_phase2: SUCCESS: device 353681650397052 reached LOGIN_INSTALL
2026-09-15 02:09:43,002 INFO     main_phase2: loading model profiles from C:\code\android-system\device-redeployment\config\models
2026-09-15 02:09:43,032 INFO     main_phase2: starting Phase 2 run: serial=353681650397052 model=SHG07 (AQUOS sense6s) [skip_wizard]
2026-09-15 02:09:45,145 WARNING  src.orchestration.slot: slot 353681650397052: skip_wizard=True - assuming the device is already past setup (e.g. re-testing an already-provisioned unit). This bypasses a real safety check; never use this for a production batch run.
2026-09-15 02:09:45,146 INFO     src.orchestration.slot: slot 353681650397052: connecting wifi
2026-09-15 02:09:45,659 INFO     src.phase2.wifi_setup: already connected to 'earth5_1'; nothing to do
2026-09-15 02:09:45,659 INFO     src.orchestration.slot: slot 353681650397052: configuring apn
2026-09-15 02:09:46,899 INFO     src.phase2.apn_setup: apn: current input method is 'com.google.android.inputmethod.latin/com.android.inputmethod.latin.LatinIME'
2026-09-15 02:09:49,561 INFO     src.phase2.apn_setup: reached APN list via android.settings.APN_SETTINGS intent
2026-09-15 02:10:50,333 WARNING  src.phase2.apn_setup: apn: save reported no validation error, but 'rakuten.jp' wasn't spotted back on the APN list (soft check only — not treated as a failure; could be scroll position or list truncation)
2026-09-15 02:10:50,333 INFO     src.phase2.apn_setup: apn 'rakuten.jp' configured successfully
2026-09-15 02:10:50,333 INFO     src.orchestration.slot: slot 353681650397052: reached LOGIN_INSTALL (Phase 2 success condition)
2026-09-15 02:10:50,334 INFO     main_phase2: SUCCESS: device 353681650397052 reached LOGIN_INSTALL
2026-09-15 02:43:51,791 INFO     main_phase2: loading model profiles from C:\code\android-system\device-redeployment\config\models
2026-09-15 02:43:51,821 INFO     main_phase2: starting Phase 2 run: serial=353681650397052 model=SHG07 (AQUOS sense6s) [skip_wizard]
2026-09-15 02:43:52,995 WARNING  src.orchestration.slot: slot 353681650397052: skip_wizard=True - assuming the device is already past setup (e.g. re-testing an already-provisioned unit). This bypasses a real safety check; never use this for a production batch run.
2026-09-15 02:43:52,995 INFO     src.orchestration.slot: slot 353681650397052: connecting wifi
2026-09-15 02:43:53,444 INFO     src.phase2.wifi_setup: already connected to 'earth5_1'; nothing to do
2026-09-15 02:43:53,444 INFO     src.orchestration.slot: slot 353681650397052: configuring apn
2026-09-15 02:43:54,241 INFO     src.phase2.apn_setup: apn: current input method is 'com.google.android.inputmethod.latin/com.android.inputmethod.latin.LatinIME'
2026-09-15 02:43:56,834 INFO     src.phase2.apn_setup: reached APN list via android.settings.APN_SETTINGS intent
2026-09-15 03:02:23,328 INFO     main_phase2: loading model profiles from C:\code\android-system\device-redeployment\config\models
2026-09-15 03:02:23,358 INFO     main_phase2: starting Phase 2 run: serial=353681650397052 model=SHG07 (AQUOS sense6s) [skip_wizard]
2026-09-15 03:02:24,549 WARNING  src.orchestration.slot: slot 353681650397052: skip_wizard=True - assuming the device is already past setup (e.g. re-testing an already-provisioned unit). This bypasses a real safety check; never use this for a production batch run.
2026-09-15 03:02:24,549 INFO     src.orchestration.slot: slot 353681650397052: connecting wifi
2026-09-15 03:02:24,992 INFO     src.phase2.wifi_setup: already connected to 'earth5_1'; nothing to do
2026-09-15 03:02:24,993 INFO     src.orchestration.slot: slot 353681650397052: configuring apn
2026-09-15 03:02:25,775 INFO     src.phase2.apn_setup: apn: current input method is 'com.google.android.inputmethod.latin/com.android.inputmethod.latin.LatinIME'
2026-09-15 03:02:28,444 INFO     src.phase2.apn_setup: APN_SETTINGS intent didn't land on a recognizable APN list screen; falling back to menu_path navigation
2026-09-15 03:02:30,973 ERROR    src.phase2.apn_setup: apn menu navigation failed
2026-09-15 03:02:30,973 ERROR    src.orchestration.slot: slot 353681650397052: run_init_apn failed: apn configuration failed
2026-09-15 03:02:30,974 WARNING  src.orchestration.scheduler: slot 353681650397052: attempt failed (retry 1/3): apn configuration failed
2026-09-15 03:02:32,155 WARNING  src.orchestration.slot: slot 353681650397052: skip_wizard=True - assuming the device is already past setup (e.g. re-testing an already-provisioned unit). This bypasses a real safety check; never use this for a production batch run.
2026-09-15 03:02:32,155 INFO     src.orchestration.slot: slot 353681650397052: connecting wifi
2026-09-15 03:02:32,524 INFO     src.phase2.wifi_setup: already connected to 'earth5_1'; nothing to do
2026-09-15 03:02:32,524 INFO     src.orchestration.slot: slot 353681650397052: configuring apn
2026-09-15 03:02:33,405 INFO     src.phase2.apn_setup: apn: current input method is 'com.google.android.inputmethod.latin/com.android.inputmethod.latin.LatinIME'
2026-09-15 03:02:36,145 INFO     src.phase2.apn_setup: APN_SETTINGS intent didn't land on a recognizable APN list screen; falling back to menu_path navigation
2026-09-15 03:02:38,617 ERROR    src.phase2.apn_setup: apn menu navigation failed
2026-09-15 03:02:38,617 ERROR    src.orchestration.slot: slot 353681650397052: run_init_apn failed: apn configuration failed
2026-09-15 03:02:38,617 WARNING  src.orchestration.scheduler: slot 353681650397052: attempt failed (retry 2/3): apn configuration failed
2026-09-15 03:02:39,787 WARNING  src.orchestration.slot: slot 353681650397052: skip_wizard=True - assuming the device is already past setup (e.g. re-testing an already-provisioned unit). This bypasses a real safety check; never use this for a production batch run.
2026-09-15 03:02:39,787 INFO     src.orchestration.slot: slot 353681650397052: connecting wifi
2026-09-15 03:02:40,208 INFO     src.phase2.wifi_setup: already connected to 'earth5_1'; nothing to do
2026-09-15 03:02:40,209 INFO     src.orchestration.slot: slot 353681650397052: configuring apn
2026-09-15 03:02:40,966 INFO     src.phase2.apn_setup: apn: current input method is 'com.google.android.inputmethod.latin/com.android.inputmethod.latin.LatinIME'
2026-09-15 03:02:43,620 INFO     src.phase2.apn_setup: APN_SETTINGS intent didn't land on a recognizable APN list screen; falling back to menu_path navigation
2026-09-15 03:02:46,121 ERROR    src.phase2.apn_setup: apn menu navigation failed
2026-09-15 03:02:46,121 ERROR    src.orchestration.slot: slot 353681650397052: run_init_apn failed: apn configuration failed
2026-09-15 03:02:46,121 WARNING  src.orchestration.scheduler: slot 353681650397052: attempt failed (retry 3/3): apn configuration failed
2026-09-15 03:02:47,299 WARNING  src.orchestration.slot: slot 353681650397052: skip_wizard=True - assuming the device is already past setup (e.g. re-testing an already-provisioned unit). This bypasses a real safety check; never use this for a production batch run.
2026-09-15 03:02:47,300 INFO     src.orchestration.slot: slot 353681650397052: connecting wifi
2026-09-15 03:02:47,692 INFO     src.phase2.wifi_setup: already connected to 'earth5_1'; nothing to do
2026-09-15 03:02:47,693 INFO     src.orchestration.slot: slot 353681650397052: configuring apn
2026-09-15 03:02:48,432 INFO     src.phase2.apn_setup: apn: current input method is 'com.google.android.inputmethod.latin/com.android.inputmethod.latin.LatinIME'
2026-09-15 03:02:51,124 INFO     src.phase2.apn_setup: APN_SETTINGS intent didn't land on a recognizable APN list screen; falling back to menu_path navigation
2026-09-15 03:02:53,620 ERROR    src.phase2.apn_setup: apn menu navigation failed
2026-09-15 03:02:53,620 ERROR    src.orchestration.slot: slot 353681650397052: run_init_apn failed: apn configuration failed
2026-09-15 03:02:53,620 ERROR    src.orchestration.scheduler: slot 353681650397052: exceeded max_retry (3); escalating. last_error=apn configuration failed
2026-09-15 03:02:53,620 ERROR    main_phase2: FAILED: device 353681650397052 ended in state ESCALATED (last_error=apn configuration failed)
2026-09-15 03:12:36,763 INFO     main_phase2: loading model profiles from C:\code\android-system\device-redeployment\config\models
2026-09-15 03:12:36,792 INFO     main_phase2: starting Phase 2 run: serial=353681650397052 model=SHG07 (AQUOS sense6s) [skip_wizard]
2026-09-15 03:12:37,983 WARNING  src.orchestration.slot: slot 353681650397052: skip_wizard=True - assuming the device is already past setup (e.g. re-testing an already-provisioned unit). This bypasses a real safety check; never use this for a production batch run.
2026-09-15 03:12:37,984 INFO     src.orchestration.slot: slot 353681650397052: connecting wifi
2026-09-15 03:12:38,410 INFO     src.phase2.wifi_setup: already connected to 'earth5_1'; nothing to do
2026-09-15 03:12:38,410 INFO     src.orchestration.slot: slot 353681650397052: configuring apn
2026-09-15 03:12:39,188 INFO     src.phase2.apn_setup: apn: current input method is 'com.google.android.inputmethod.latin/com.android.inputmethod.latin.LatinIME'
2026-09-15 03:12:41,780 INFO     src.phase2.apn_setup: reached APN list via android.settings.APN_SETTINGS intent
2026-09-15 03:12:53,067 ERROR    src.phase2.apn_setup: apn field '名前': typed 'rakuten.jp' but the field now reads 'らくてん。ｊｐ' — the active input method appears to have transformed it (see docs/record.md, 2026-09-15). Refusing to confirm/save a value that doesn't match what was actually intended.
2026-09-15 03:12:55,594 ERROR    src.phase2.apn_setup: apn field labeled '名前' not found/could not be filled
2026-09-15 03:12:55,594 ERROR    src.orchestration.slot: slot 353681650397052: run_init_apn failed: apn configuration failed
2026-09-15 03:12:55,594 WARNING  src.orchestration.scheduler: slot 353681650397052: attempt failed (retry 1/3): apn configuration failed
2026-09-15 03:12:56,755 WARNING  src.orchestration.slot: slot 353681650397052: skip_wizard=True - assuming the device is already past setup (e.g. re-testing an already-provisioned unit). This bypasses a real safety check; never use this for a production batch run.
2026-09-15 03:12:56,755 INFO     src.orchestration.slot: slot 353681650397052: connecting wifi
2026-09-15 03:12:57,161 INFO     src.phase2.wifi_setup: already connected to 'earth5_1'; nothing to do
2026-09-15 03:12:57,161 INFO     src.orchestration.slot: slot 353681650397052: configuring apn
2026-09-15 03:12:57,904 INFO     src.phase2.apn_setup: apn: current input method is 'com.google.android.inputmethod.latin/com.android.inputmethod.latin.LatinIME'
2026-09-15 03:13:00,567 INFO     src.phase2.apn_setup: APN_SETTINGS intent didn't land on a recognizable APN list screen; falling back to menu_path navigation
2026-09-15 03:13:03,264 ERROR    src.phase2.apn_setup: apn menu navigation failed
2026-09-15 03:13:03,264 ERROR    src.orchestration.slot: slot 353681650397052: run_init_apn failed: apn configuration failed
2026-09-15 03:13:03,264 WARNING  src.orchestration.scheduler: slot 353681650397052: attempt failed (retry 2/3): apn configuration failed
2026-09-15 03:13:04,413 WARNING  src.orchestration.slot: slot 353681650397052: skip_wizard=True - assuming the device is already past setup (e.g. re-testing an already-provisioned unit). This bypasses a real safety check; never use this for a production batch run.
2026-09-15 03:13:04,413 INFO     src.orchestration.slot: slot 353681650397052: connecting wifi
2026-09-15 03:13:04,830 INFO     src.phase2.wifi_setup: already connected to 'earth5_1'; nothing to do
2026-09-15 03:13:04,830 INFO     src.orchestration.slot: slot 353681650397052: configuring apn
2026-09-15 03:13:05,562 INFO     src.phase2.apn_setup: apn: current input method is 'com.google.android.inputmethod.latin/com.android.inputmethod.latin.LatinIME'
2026-09-15 03:13:08,232 INFO     src.phase2.apn_setup: APN_SETTINGS intent didn't land on a recognizable APN list screen; falling back to menu_path navigation
2026-09-15 03:13:12,824 ERROR    src.phase2.apn_setup: apn menu navigation failed
2026-09-15 03:13:12,825 ERROR    src.orchestration.slot: slot 353681650397052: run_init_apn failed: apn configuration failed
2026-09-15 03:13:12,825 WARNING  src.orchestration.scheduler: slot 353681650397052: attempt failed (retry 3/3): apn configuration failed
2026-09-15 03:13:13,974 WARNING  src.orchestration.slot: slot 353681650397052: skip_wizard=True - assuming the device is already past setup (e.g. re-testing an already-provisioned unit). This bypasses a real safety check; never use this for a production batch run.
2026-09-15 03:13:13,975 INFO     src.orchestration.slot: slot 353681650397052: connecting wifi
2026-09-15 03:13:14,389 INFO     src.phase2.wifi_setup: already connected to 'earth5_1'; nothing to do
2026-09-15 03:13:14,390 INFO     src.orchestration.slot: slot 353681650397052: configuring apn
2026-09-15 03:13:15,123 INFO     src.phase2.apn_setup: apn: current input method is 'com.google.android.inputmethod.latin/com.android.inputmethod.latin.LatinIME'
2026-09-15 03:13:17,741 INFO     src.phase2.apn_setup: APN_SETTINGS intent didn't land on a recognizable APN list screen; falling back to menu_path navigation
2026-09-15 03:13:20,242 ERROR    src.phase2.apn_setup: apn menu navigation failed
2026-09-15 03:13:20,243 ERROR    src.orchestration.slot: slot 353681650397052: run_init_apn failed: apn configuration failed
2026-09-15 03:13:20,243 ERROR    src.orchestration.scheduler: slot 353681650397052: exceeded max_retry (3); escalating. last_error=apn configuration failed
2026-09-15 03:13:20,243 ERROR    main_phase2: FAILED: device 353681650397052 ended in state ESCALATED (last_error=apn configuration failed)
2026-09-15 03:22:25,793 INFO     main_phase2: loading model profiles from C:\code\android-system\device-redeployment\config\models
2026-09-15 03:22:25,823 INFO     main_phase2: starting Phase 2 run: serial=353681650397052 model=SHG07 (AQUOS sense6s) [skip_wizard]
2026-09-15 03:22:26,998 WARNING  src.orchestration.slot: slot 353681650397052: skip_wizard=True - assuming the device is already past setup (e.g. re-testing an already-provisioned unit). This bypasses a real safety check; never use this for a production batch run.
2026-09-15 03:22:26,998 INFO     src.orchestration.slot: slot 353681650397052: connecting wifi
2026-09-15 03:22:27,447 INFO     src.phase2.wifi_setup: already connected to 'earth5_1'; nothing to do
2026-09-15 03:22:27,447 INFO     src.orchestration.slot: slot 353681650397052: configuring apn
2026-09-15 03:22:28,204 INFO     src.phase2.apn_setup: apn: current input method is 'com.google.android.inputmethod.latin/com.android.inputmethod.latin.LatinIME'
2026-09-15 03:22:30,811 INFO     src.phase2.apn_setup: reached APN list via android.settings.APN_SETTINGS intent
2026-09-15 03:22:42,534 ERROR    src.phase2.apn_setup: apn field '名前': typed 'rakuten.jp' but the field now reads 'らくてん。ｊｐ' — the active input method appears to have transformed it (see docs/record.md, 2026-09-15). Refusing to confirm/save a value that doesn't match what was actually intended.
2026-09-15 03:22:45,180 ERROR    src.phase2.apn_setup: apn field labeled '名前' not found/could not be filled
2026-09-15 03:22:45,180 ERROR    src.orchestration.slot: slot 353681650397052: run_init_apn failed: apn configuration failed
2026-09-15 03:22:45,181 WARNING  src.orchestration.scheduler: slot 353681650397052: attempt failed (retry 1/3): apn configuration failed
2026-09-15 03:22:46,355 WARNING  src.orchestration.slot: slot 353681650397052: skip_wizard=True - assuming the device is already past setup (e.g. re-testing an already-provisioned unit). This bypasses a real safety check; never use this for a production batch run.
2026-09-15 03:22:46,356 INFO     src.orchestration.slot: slot 353681650397052: connecting wifi
2026-09-15 03:22:46,787 INFO     src.phase2.wifi_setup: already connected to 'earth5_1'; nothing to do
2026-09-15 03:22:46,787 INFO     src.orchestration.slot: slot 353681650397052: configuring apn
2026-09-15 13:05:19,735 INFO     main_phase2: loading model profiles from C:\code\android-system\device-redeployment\config\models
2026-09-15 13:05:19,768 INFO     main_phase2: starting Phase 2 run: serial=353681650397052 model=SHG07 (AQUOS sense6s) [skip_wizard]
2026-09-15 13:05:20,947 WARNING  src.orchestration.slot: slot 353681650397052: skip_wizard=True - assuming the device is already past setup (e.g. re-testing an already-provisioned unit). This bypasses a real safety check; never use this for a production batch run.
2026-09-15 13:05:20,948 INFO     src.orchestration.slot: slot 353681650397052: connecting wifi
2026-09-15 13:05:21,408 INFO     src.phase2.wifi_setup: already connected to 'earth5_1'; nothing to do
2026-09-15 13:05:21,408 INFO     src.orchestration.slot: slot 353681650397052: configuring apn
2026-09-15 13:05:22,180 INFO     src.phase2.apn_setup: apn: current input method is 'com.google.android.inputmethod.latin/com.android.inputmethod.latin.LatinIME'
2026-09-15 13:05:25,040 INFO     src.phase2.apn_setup: reached APN list via android.settings.APN_SETTINGS intent
2026-09-15 13:05:37,842 ERROR    src.phase2.apn_setup: apn field '名前': typed 'rakuten.jp' but the field now reads 'らくてん。ｊｐ' — the active input method appears to have transformed it (see docs/record.md, 2026-09-15). Refusing to confirm/save a value that doesn't match what was actually intended.
2026-09-15 13:08:08,995 INFO     main_phase2: loading model profiles from C:\code\android-system\device-redeployment\config\models
2026-09-15 13:08:09,029 INFO     main_phase2: starting Phase 2 run: serial=353681650397052 model=SHG07 (AQUOS sense6s) [skip_wizard]
2026-09-15 13:08:10,203 WARNING  src.orchestration.slot: slot 353681650397052: skip_wizard=True - assuming the device is already past setup (e.g. re-testing an already-provisioned unit). This bypasses a real safety check; never use this for a production batch run.
2026-09-15 13:08:10,203 INFO     src.orchestration.slot: slot 353681650397052: connecting wifi
2026-09-15 13:08:10,653 INFO     src.phase2.wifi_setup: already connected to 'earth5_1'; nothing to do
2026-09-15 13:08:10,655 INFO     src.orchestration.slot: slot 353681650397052: configuring apn
2026-09-15 13:08:11,439 INFO     src.phase2.apn_setup: apn: current input method is 'com.google.android.inputmethod.latin/com.android.inputmethod.latin.LatinIME'
2026-09-15 13:08:14,276 INFO     src.phase2.apn_setup: APN_SETTINGS intent didn't land on a recognizable APN list screen; falling back to menu_path navigation
2026-09-15 13:08:16,796 ERROR    src.phase2.apn_setup: apn menu navigation failed
2026-09-15 13:08:16,796 ERROR    src.orchestration.slot: slot 353681650397052: run_init_apn failed: apn configuration failed
2026-09-15 13:08:16,796 WARNING  src.orchestration.scheduler: slot 353681650397052: attempt failed (retry 1/3): apn configuration failed
2026-09-15 13:08:17,971 WARNING  src.orchestration.slot: slot 353681650397052: skip_wizard=True - assuming the device is already past setup (e.g. re-testing an already-provisioned unit). This bypasses a real safety check; never use this for a production batch run.
2026-09-15 13:08:17,971 INFO     src.orchestration.slot: slot 353681650397052: connecting wifi
2026-09-15 13:08:18,427 INFO     src.phase2.wifi_setup: already connected to 'earth5_1'; nothing to do
2026-09-15 13:08:18,428 INFO     src.orchestration.slot: slot 353681650397052: configuring apn
2026-09-15 13:08:19,164 INFO     src.phase2.apn_setup: apn: current input method is 'com.google.android.inputmethod.latin/com.android.inputmethod.latin.LatinIME'
2026-09-15 13:08:21,758 INFO     src.phase2.apn_setup: APN_SETTINGS intent didn't land on a recognizable APN list screen; falling back to menu_path navigation
2026-09-15 13:08:24,640 ERROR    src.phase2.apn_setup: apn menu navigation failed
2026-09-15 13:08:24,640 ERROR    src.orchestration.slot: slot 353681650397052: run_init_apn failed: apn configuration failed
2026-09-15 13:08:24,640 WARNING  src.orchestration.scheduler: slot 353681650397052: attempt failed (retry 2/3): apn configuration failed
2026-09-15 13:08:25,807 WARNING  src.orchestration.slot: slot 353681650397052: skip_wizard=True - assuming the device is already past setup (e.g. re-testing an already-provisioned unit). This bypasses a real safety check; never use this for a production batch run.
2026-09-15 13:08:25,807 INFO     src.orchestration.slot: slot 353681650397052: connecting wifi
2026-09-15 13:08:26,204 INFO     src.phase2.wifi_setup: already connected to 'earth5_1'; nothing to do
2026-09-15 13:08:26,204 INFO     src.orchestration.slot: slot 353681650397052: configuring apn
2026-09-15 13:08:26,925 INFO     src.phase2.apn_setup: apn: current input method is 'com.google.android.inputmethod.latin/com.android.inputmethod.latin.LatinIME'
2026-09-15 13:08:30,618 INFO     src.phase2.apn_setup: APN_SETTINGS intent didn't land on a recognizable APN list screen; falling back to menu_path navigation
2026-09-15 13:08:34,600 ERROR    src.phase2.apn_setup: apn menu navigation failed
2026-09-15 13:08:34,600 ERROR    src.orchestration.slot: slot 353681650397052: run_init_apn failed: apn configuration failed
2026-09-15 13:08:34,600 WARNING  src.orchestration.scheduler: slot 353681650397052: attempt failed (retry 3/3): apn configuration failed
2026-09-15 13:08:41,264 INFO     main_phase2: loading model profiles from C:\code\android-system\device-redeployment\config\models
2026-09-15 13:08:41,298 INFO     main_phase2: starting Phase 2 run: serial=353681650397052 model=SHG07 (AQUOS sense6s) [skip_wizard]
2026-09-15 13:08:42,483 WARNING  src.orchestration.slot: slot 353681650397052: skip_wizard=True - assuming the device is already past setup (e.g. re-testing an already-provisioned unit). This bypasses a real safety check; never use this for a production batch run.
2026-09-15 13:08:42,483 INFO     src.orchestration.slot: slot 353681650397052: connecting wifi
2026-09-15 13:08:42,918 INFO     src.phase2.wifi_setup: already connected to 'earth5_1'; nothing to do
2026-09-15 13:08:42,919 INFO     src.orchestration.slot: slot 353681650397052: configuring apn
2026-09-15 13:08:43,713 INFO     src.phase2.apn_setup: apn: current input method is 'com.google.android.inputmethod.latin/com.android.inputmethod.latin.LatinIME'
2026-09-15 13:08:46,361 INFO     src.phase2.apn_setup: reached APN list via android.settings.APN_SETTINGS intent
2026-09-15 13:08:58,143 ERROR    src.phase2.apn_setup: apn field '名前': typed 'rakuten.jp' but the field now reads 'らくてん。ｊｐ' — the active input method appears to have transformed it (see docs/record.md, 2026-09-15). Refusing to confirm/save a value that doesn't match what was actually intended.
2026-09-15 13:09:01,593 ERROR    src.phase2.apn_setup: apn field labeled '名前' not found/could not be filled
2026-09-15 13:09:01,593 ERROR    src.orchestration.slot: slot 353681650397052: run_init_apn failed: apn configuration failed
2026-09-15 13:09:01,594 WARNING  src.orchestration.scheduler: slot 353681650397052: attempt failed (retry 1/3): apn configuration failed
2026-09-15 13:09:02,763 WARNING  src.orchestration.slot: slot 353681650397052: skip_wizard=True - assuming the device is already past setup (e.g. re-testing an already-provisioned unit). This bypasses a real safety check; never use this for a production batch run.
2026-09-15 13:09:02,763 INFO     src.orchestration.slot: slot 353681650397052: connecting wifi
2026-09-15 13:09:03,143 INFO     src.phase2.wifi_setup: already connected to 'earth5_1'; nothing to do
2026-09-15 13:09:03,143 INFO     src.orchestration.slot: slot 353681650397052: configuring apn
2026-09-15 13:09:03,872 INFO     src.phase2.apn_setup: apn: current input method is 'com.google.android.inputmethod.latin/com.android.inputmethod.latin.LatinIME'
2026-09-15 13:09:07,027 INFO     src.phase2.apn_setup: APN_SETTINGS intent didn't land on a recognizable APN list screen; falling back to menu_path navigation
2026-09-15 13:09:09,598 ERROR    src.phase2.apn_setup: apn menu navigation failed
2026-09-15 13:09:09,598 ERROR    src.orchestration.slot: slot 353681650397052: run_init_apn failed: apn configuration failed
2026-09-15 13:09:09,598 WARNING  src.orchestration.scheduler: slot 353681650397052: attempt failed (retry 2/3): apn configuration failed
2026-09-15 13:09:10,746 WARNING  src.orchestration.slot: slot 353681650397052: skip_wizard=True - assuming the device is already past setup (e.g. re-testing an already-provisioned unit). This bypasses a real safety check; never use this for a production batch run.
2026-09-15 13:09:10,746 INFO     src.orchestration.slot: slot 353681650397052: connecting wifi
2026-09-15 13:09:11,150 INFO     src.phase2.wifi_setup: already connected to 'earth5_1'; nothing to do
2026-09-15 13:09:11,150 INFO     src.orchestration.slot: slot 353681650397052: configuring apn
2026-09-15 13:09:12,034 INFO     src.phase2.apn_setup: apn: current input method is 'com.google.android.inputmethod.latin/com.android.inputmethod.latin.LatinIME'
2026-09-15 13:09:14,684 INFO     src.phase2.apn_setup: APN_SETTINGS intent didn't land on a recognizable APN list screen; falling back to menu_path navigation
2026-09-15 13:09:17,198 ERROR    src.phase2.apn_setup: apn menu navigation failed
2026-09-15 13:09:17,198 ERROR    src.orchestration.slot: slot 353681650397052: run_init_apn failed: apn configuration failed
2026-09-15 13:09:17,199 WARNING  src.orchestration.scheduler: slot 353681650397052: attempt failed (retry 3/3): apn configuration failed
2026-09-15 13:09:18,365 WARNING  src.orchestration.slot: slot 353681650397052: skip_wizard=True - assuming the device is already past setup (e.g. re-testing an already-provisioned unit). This bypasses a real safety check; never use this for a production batch run.
2026-09-15 13:09:18,365 INFO     src.orchestration.slot: slot 353681650397052: connecting wifi
2026-09-15 13:09:18,787 INFO     src.phase2.wifi_setup: already connected to 'earth5_1'; nothing to do
2026-09-15 13:09:18,788 INFO     src.orchestration.slot: slot 353681650397052: configuring apn
2026-09-15 13:09:19,521 INFO     src.phase2.apn_setup: apn: current input method is 'com.google.android.inputmethod.latin/com.android.inputmethod.latin.LatinIME'
2026-09-15 13:09:22,158 INFO     src.phase2.apn_setup: APN_SETTINGS intent didn't land on a recognizable APN list screen; falling back to menu_path navigation
2026-09-15 13:09:24,638 ERROR    src.phase2.apn_setup: apn menu navigation failed
2026-09-15 13:09:24,638 ERROR    src.orchestration.slot: slot 353681650397052: run_init_apn failed: apn configuration failed
2026-09-15 13:09:24,638 ERROR    src.orchestration.scheduler: slot 353681650397052: exceeded max_retry (3); escalating. last_error=apn configuration failed
2026-09-15 13:09:24,638 ERROR    main_phase2: FAILED: device 353681650397052 ended in state ESCALATED (last_error=apn configuration failed)
2026-09-15 13:09:49,804 INFO     main_phase2: loading model profiles from C:\code\android-system\device-redeployment\config\models
2026-09-15 13:09:49,838 INFO     main_phase2: starting Phase 2 run: serial=353681650397052 model=SHG07 (AQUOS sense6s) [skip_wizard]
2026-09-15 13:09:51,025 WARNING  src.orchestration.slot: slot 353681650397052: skip_wizard=True - assuming the device is already past setup (e.g. re-testing an already-provisioned unit). This bypasses a real safety check; never use this for a production batch run.
2026-09-15 13:09:51,025 INFO     src.orchestration.slot: slot 353681650397052: connecting wifi
2026-09-15 13:09:51,467 INFO     src.phase2.wifi_setup: already connected to 'earth5_1'; nothing to do
2026-09-15 13:09:51,468 INFO     src.orchestration.slot: slot 353681650397052: configuring apn
2026-09-15 13:09:52,273 INFO     src.phase2.apn_setup: apn: current input method is 'com.google.android.inputmethod.latin/com.android.inputmethod.latin.LatinIME'
2026-09-15 13:09:55,065 INFO     src.phase2.apn_setup: APN_SETTINGS intent didn't land on a recognizable APN list screen; falling back to menu_path navigation
2026-09-15 13:09:57,621 ERROR    src.phase2.apn_setup: apn menu navigation failed
2026-09-15 13:09:57,621 ERROR    src.orchestration.slot: slot 353681650397052: run_init_apn failed: apn configuration failed
2026-09-15 13:09:57,622 WARNING  src.orchestration.scheduler: slot 353681650397052: attempt failed (retry 1/3): apn configuration failed
2026-09-15 13:09:58,818 WARNING  src.orchestration.slot: slot 353681650397052: skip_wizard=True - assuming the device is already past setup (e.g. re-testing an already-provisioned unit). This bypasses a real safety check; never use this for a production batch run.
2026-09-15 13:09:58,819 INFO     src.orchestration.slot: slot 353681650397052: connecting wifi
2026-09-15 13:09:59,256 INFO     src.phase2.wifi_setup: already connected to 'earth5_1'; nothing to do
2026-09-15 13:09:59,257 INFO     src.orchestration.slot: slot 353681650397052: configuring apn
2026-09-15 13:10:00,038 INFO     src.phase2.apn_setup: apn: current input method is 'com.google.android.inputmethod.latin/com.android.inputmethod.latin.LatinIME'
2026-09-15 13:10:02,734 INFO     src.phase2.apn_setup: APN_SETTINGS intent didn't land on a recognizable APN list screen; falling back to menu_path navigation
2026-09-15 13:10:05,161 ERROR    src.phase2.apn_setup: apn menu navigation failed
2026-09-15 13:10:05,161 ERROR    src.orchestration.slot: slot 353681650397052: run_init_apn failed: apn configuration failed
2026-09-15 13:10:05,161 WARNING  src.orchestration.scheduler: slot 353681650397052: attempt failed (retry 2/3): apn configuration failed
2026-09-15 13:10:06,310 WARNING  src.orchestration.slot: slot 353681650397052: skip_wizard=True - assuming the device is already past setup (e.g. re-testing an already-provisioned unit). This bypasses a real safety check; never use this for a production batch run.
2026-09-15 13:10:06,311 INFO     src.orchestration.slot: slot 353681650397052: connecting wifi
2026-09-15 13:10:06,703 INFO     src.phase2.wifi_setup: already connected to 'earth5_1'; nothing to do
2026-09-15 13:10:06,703 INFO     src.orchestration.slot: slot 353681650397052: configuring apn
2026-09-15 13:10:07,397 INFO     src.phase2.apn_setup: apn: current input method is 'com.google.android.inputmethod.latin/com.android.inputmethod.latin.LatinIME'
2026-09-15 13:10:24,800 INFO     main_phase2: loading model profiles from C:\code\android-system\device-redeployment\config\models
2026-09-15 13:10:24,836 INFO     main_phase2: starting Phase 2 run: serial=353681650397052 model=SHG07 (AQUOS sense6s) [skip_wizard]
2026-09-15 13:10:26,015 WARNING  src.orchestration.slot: slot 353681650397052: skip_wizard=True - assuming the device is already past setup (e.g. re-testing an already-provisioned unit). This bypasses a real safety check; never use this for a production batch run.
2026-09-15 13:10:26,017 INFO     src.orchestration.slot: slot 353681650397052: connecting wifi
2026-09-15 13:10:26,446 INFO     src.phase2.wifi_setup: already connected to 'earth5_1'; nothing to do
2026-09-15 13:10:26,447 INFO     src.orchestration.slot: slot 353681650397052: configuring apn
2026-09-15 13:10:27,245 INFO     src.phase2.apn_setup: apn: current input method is 'com.google.android.inputmethod.latin/com.android.inputmethod.latin.LatinIME'
2026-09-15 13:10:29,955 INFO     src.phase2.apn_setup: reached APN list via android.settings.APN_SETTINGS intent
2026-09-15 13:10:42,156 ERROR    src.phase2.apn_setup: apn field '名前': typed 'rakuten.jp' but the field now reads 'らくてん。ｊｐ' — the active input method appears to have transformed it (see docs/record.md, 2026-09-15). Refusing to confirm/save a value that doesn't match what was actually intended.
2026-09-15 13:10:44,734 ERROR    src.phase2.apn_setup: apn field labeled '名前' not found/could not be filled
2026-09-15 13:10:44,734 ERROR    src.orchestration.slot: slot 353681650397052: run_init_apn failed: apn configuration failed
2026-09-15 13:10:44,735 WARNING  src.orchestration.scheduler: slot 353681650397052: attempt failed (retry 1/3): apn configuration failed
2026-09-15 13:10:45,888 WARNING  src.orchestration.slot: slot 353681650397052: skip_wizard=True - assuming the device is already past setup (e.g. re-testing an already-provisioned unit). This bypasses a real safety check; never use this for a production batch run.
2026-09-15 13:10:45,888 INFO     src.orchestration.slot: slot 353681650397052: connecting wifi
2026-09-15 13:10:46,304 INFO     src.phase2.wifi_setup: already connected to 'earth5_1'; nothing to do
2026-09-15 13:10:46,304 INFO     src.orchestration.slot: slot 353681650397052: configuring apn
2026-09-15 13:10:47,039 INFO     src.phase2.apn_setup: apn: current input method is 'com.google.android.inputmethod.latin/com.android.inputmethod.latin.LatinIME'
2026-09-15 13:10:49,638 INFO     src.phase2.apn_setup: APN_SETTINGS intent didn't land on a recognizable APN list screen; falling back to menu_path navigation
2026-09-15 13:10:52,143 ERROR    src.phase2.apn_setup: apn menu navigation failed
2026-09-15 13:10:52,143 ERROR    src.orchestration.slot: slot 353681650397052: run_init_apn failed: apn configuration failed
2026-09-15 13:10:52,143 WARNING  src.orchestration.scheduler: slot 353681650397052: attempt failed (retry 2/3): apn configuration failed
2026-09-15 13:10:53,321 WARNING  src.orchestration.slot: slot 353681650397052: skip_wizard=True - assuming the device is already past setup (e.g. re-testing an already-provisioned unit). This bypasses a real safety check; never use this for a production batch run.
2026-09-15 13:10:53,321 INFO     src.orchestration.slot: slot 353681650397052: connecting wifi
2026-09-15 13:10:53,735 INFO     src.phase2.wifi_setup: already connected to 'earth5_1'; nothing to do
2026-09-15 13:10:53,735 INFO     src.orchestration.slot: slot 353681650397052: configuring apn
2026-09-15 13:10:54,467 INFO     src.phase2.apn_setup: apn: current input method is 'com.google.android.inputmethod.latin/com.android.inputmethod.latin.LatinIME'
2026-09-15 13:10:57,081 INFO     src.phase2.apn_setup: APN_SETTINGS intent didn't land on a recognizable APN list screen; falling back to menu_path navigation
2026-09-15 13:10:59,519 ERROR    src.phase2.apn_setup: apn menu navigation failed
2026-09-15 13:10:59,520 ERROR    src.orchestration.slot: slot 353681650397052: run_init_apn failed: apn configuration failed
2026-09-15 13:10:59,520 WARNING  src.orchestration.scheduler: slot 353681650397052: attempt failed (retry 3/3): apn configuration failed
2026-09-15 13:11:00,724 WARNING  src.orchestration.slot: slot 353681650397052: skip_wizard=True - assuming the device is already past setup (e.g. re-testing an already-provisioned unit). This bypasses a real safety check; never use this for a production batch run.
2026-09-15 13:11:00,724 INFO     src.orchestration.slot: slot 353681650397052: connecting wifi
2026-09-15 13:11:01,146 INFO     src.phase2.wifi_setup: already connected to 'earth5_1'; nothing to do
2026-09-15 13:11:01,146 INFO     src.orchestration.slot: slot 353681650397052: configuring apn
2026-09-15 13:11:01,907 INFO     src.phase2.apn_setup: apn: current input method is 'com.google.android.inputmethod.latin/com.android.inputmethod.latin.LatinIME'
2026-09-15 13:11:04,661 INFO     src.phase2.apn_setup: APN_SETTINGS intent didn't land on a recognizable APN list screen; falling back to menu_path navigation
2026-09-15 13:11:07,058 ERROR    src.phase2.apn_setup: apn menu navigation failed
2026-09-15 13:11:07,058 ERROR    src.orchestration.slot: slot 353681650397052: run_init_apn failed: apn configuration failed
2026-09-15 13:11:07,058 ERROR    src.orchestration.scheduler: slot 353681650397052: exceeded max_retry (3); escalating. last_error=apn configuration failed
2026-09-15 13:11:07,058 ERROR    main_phase2: FAILED: device 353681650397052 ended in state ESCALATED (last_error=apn configuration failed)
2026-09-15 14:15:50,856 INFO     main_phase2: loading model profiles from C:\code\android-system\device-redeployment\config\models
2026-09-15 14:15:50,891 INFO     main_phase2: starting Phase 2 run: serial=353681650397052 model=SHG07 (AQUOS sense6s) [skip_wizard]
2026-09-15 14:15:52,068 WARNING  src.orchestration.slot: slot 353681650397052: skip_wizard=True - assuming the device is already past setup (e.g. re-testing an already-provisioned unit). This bypasses a real safety check; never use this for a production batch run.
2026-09-15 14:15:52,068 INFO     src.orchestration.slot: slot 353681650397052: connecting wifi
2026-09-15 14:15:52,517 INFO     src.phase2.wifi_setup: already connected to 'earth5_1'; nothing to do
2026-09-15 14:15:52,517 INFO     src.orchestration.slot: slot 353681650397052: configuring apn
2026-09-15 14:15:53,257 INFO     src.phase2.apn_setup: apn: current input method is 'com.google.android.inputmethod.latin/com.android.inputmethod.latin.LatinIME'
2026-09-15 14:15:55,814 INFO     src.phase2.apn_setup: reached APN list via android.settings.APN_SETTINGS intent
2026-09-15 14:16:06,206 ERROR    src.phase2.apn_setup: apn field '名前': typed 'rakuten.jp' but the field now reads 'らくてん。ｊｐ' — the active input method appears to have transformed it (see docs/record.md, 2026-09-15). Refusing to confirm/save a value that doesn't match what was actually intended.
2026-09-15 14:16:08,782 ERROR    src.phase2.apn_setup: apn field labeled '名前' not found/could not be filled
2026-09-15 14:16:08,782 ERROR    src.orchestration.slot: slot 353681650397052: run_init_apn failed: apn configuration failed
2026-09-15 14:16:08,782 WARNING  src.orchestration.scheduler: slot 353681650397052: attempt failed (retry 1/3): apn configuration failed
2026-09-15 14:16:09,941 WARNING  src.orchestration.slot: slot 353681650397052: skip_wizard=True - assuming the device is already past setup (e.g. re-testing an already-provisioned unit). This bypasses a real safety check; never use this for a production batch run.
2026-09-15 14:16:09,942 INFO     src.orchestration.slot: slot 353681650397052: connecting wifi
2026-09-15 14:16:10,363 INFO     src.phase2.wifi_setup: already connected to 'earth5_1'; nothing to do
2026-09-15 14:16:10,363 INFO     src.orchestration.slot: slot 353681650397052: configuring apn
2026-09-15 14:16:11,090 INFO     src.phase2.apn_setup: apn: current input method is 'com.google.android.inputmethod.latin/com.android.inputmethod.latin.LatinIME'
2026-09-15 14:16:13,753 INFO     src.phase2.apn_setup: APN_SETTINGS intent didn't land on a recognizable APN list screen; falling back to menu_path navigation
2026-09-15 14:16:16,250 ERROR    src.phase2.apn_setup: apn menu navigation failed
2026-09-15 14:16:16,250 ERROR    src.orchestration.slot: slot 353681650397052: run_init_apn failed: apn configuration failed
2026-09-15 14:16:16,250 WARNING  src.orchestration.scheduler: slot 353681650397052: attempt failed (retry 2/3): apn configuration failed
2026-09-15 14:16:17,416 WARNING  src.orchestration.slot: slot 353681650397052: skip_wizard=True - assuming the device is already past setup (e.g. re-testing an already-provisioned unit). This bypasses a real safety check; never use this for a production batch run.
2026-09-15 14:16:17,416 INFO     src.orchestration.slot: slot 353681650397052: connecting wifi
2026-09-15 14:16:17,844 INFO     src.phase2.wifi_setup: already connected to 'earth5_1'; nothing to do
2026-09-15 14:16:17,845 INFO     src.orchestration.slot: slot 353681650397052: configuring apn
2026-09-15 14:16:18,584 INFO     src.phase2.apn_setup: apn: current input method is 'com.google.android.inputmethod.latin/com.android.inputmethod.latin.LatinIME'
2026-09-15 14:16:21,689 INFO     src.phase2.apn_setup: APN_SETTINGS intent didn't land on a recognizable APN list screen; falling back to menu_path navigation
2026-09-15 15:25:55,568 INFO     main_phase2: loading model profiles from C:\code\android-system\device-redeployment\config\models
2026-09-15 15:25:55,603 INFO     main_phase2: starting Phase 2 run: serial=353681650397052 model=SHG07 (AQUOS sense6s) [skip_wizard]
2026-09-15 15:25:57,721 WARNING  src.orchestration.slot: slot 353681650397052: skip_wizard=True - assuming the device is already past setup (e.g. re-testing an already-provisioned unit). This bypasses a real safety check; never use this for a production batch run.
2026-09-15 15:25:57,721 INFO     src.orchestration.slot: slot 353681650397052: connecting wifi
2026-09-15 15:25:58,154 INFO     src.phase2.wifi_setup: already connected to 'earth5_1'; nothing to do
2026-09-15 15:25:58,154 INFO     src.orchestration.slot: slot 353681650397052: configuring apn
2026-09-15 15:25:58,656 INFO     src.phase2.apn_setup: apn: current input method is 'com.google.android.inputmethod.latin/com.android.inputmethod.latin.LatinIME'
2026-09-15 15:26:01,560 INFO     src.phase2.apn_setup: reached APN list via android.settings.APN_SETTINGS intent
2026-09-15 15:26:39,808 ERROR    src.phase2.apn_setup: apn field 'MCC': typed '440' but the field now reads '４４０' — the active input method appears to have transformed it (see docs/record.md, 2026-09-15). Refusing to confirm/save a value that doesn't match what was actually intended.
2026-09-15 15:26:45,050 ERROR    src.phase2.apn_setup: apn field labeled 'MCC' not found/could not be filled
2026-09-15 15:26:45,050 ERROR    src.orchestration.slot: slot 353681650397052: run_init_apn failed: apn configuration failed
2026-09-15 15:26:45,050 WARNING  src.orchestration.scheduler: slot 353681650397052: attempt failed (retry 1/3): apn configuration failed
2026-09-15 15:26:46,214 WARNING  src.orchestration.slot: slot 353681650397052: skip_wizard=True - assuming the device is already past setup (e.g. re-testing an already-provisioned unit). This bypasses a real safety check; never use this for a production batch run.
2026-09-15 15:26:46,214 INFO     src.orchestration.slot: slot 353681650397052: connecting wifi
2026-09-15 15:26:46,626 INFO     src.phase2.wifi_setup: already connected to 'earth5_1'; nothing to do
2026-09-15 15:26:46,626 INFO     src.orchestration.slot: slot 353681650397052: configuring apn
2026-09-15 15:26:47,334 INFO     src.phase2.apn_setup: apn: current input method is 'com.google.android.inputmethod.latin/com.android.inputmethod.latin.LatinIME'
2026-09-15 15:26:49,930 INFO     src.phase2.apn_setup: reached APN list via android.settings.APN_SETTINGS intent
2026-09-15 15:32:24,249 INFO     main_phase2: loading model profiles from C:\code\android-system\device-redeployment\config\models
2026-09-15 15:32:24,284 INFO     main_phase2: starting Phase 2 run: serial=353681650397052 model=SHG07 (AQUOS sense6s) [skip_wizard]
2026-09-15 15:32:25,459 WARNING  src.orchestration.slot: slot 353681650397052: skip_wizard=True - assuming the device is already past setup (e.g. re-testing an already-provisioned unit). This bypasses a real safety check; never use this for a production batch run.
2026-09-15 15:32:25,460 INFO     src.orchestration.slot: slot 353681650397052: connecting wifi
2026-09-15 15:32:25,872 INFO     src.phase2.wifi_setup: already connected to 'earth5_1'; nothing to do
2026-09-15 15:32:25,873 INFO     src.orchestration.slot: slot 353681650397052: configuring apn
2026-09-15 15:32:26,645 INFO     src.phase2.apn_setup: apn: current input method is 'com.google.android.inputmethod.latin/com.android.inputmethod.latin.LatinIME'
2026-09-15 15:32:29,403 INFO     src.phase2.apn_setup: reached APN list via android.settings.APN_SETTINGS intent
2026-09-15 15:33:39,238 WARNING  src.phase2.apn_setup: apn: save reported no validation error, but 'rakuten.jp' wasn't spotted back on the APN list (soft check only — not treated as a failure; could be scroll position or list truncation)
2026-09-15 15:33:39,238 INFO     src.phase2.apn_setup: apn 'rakuten.jp' configured successfully
2026-09-15 15:33:39,239 INFO     src.orchestration.slot: slot 353681650397052: reached LOGIN_INSTALL (Phase 2 success condition)
2026-09-15 15:33:39,239 INFO     main_phase2: SUCCESS: device 353681650397052 reached LOGIN_INSTALL
2026-09-15 18:48:08,919 INFO     main_phase2: loading model profiles from C:\code\android-system\device-redeployment\config\models
2026-09-15 18:48:08,955 INFO     main_phase2: starting Phase 2 run: serial=353681650397052 model=SHG07 (AQUOS sense6s) [skip_wizard]
2026-09-15 18:48:10,986 WARNING  src.orchestration.slot: slot 353681650397052: skip_wizard=True - assuming the device is already past setup (e.g. re-testing an already-provisioned unit). This bypasses a real safety check; never use this for a production batch run.
2026-09-15 18:48:10,986 INFO     src.orchestration.slot: slot 353681650397052: connecting wifi
2026-09-15 18:48:11,494 INFO     src.phase2.wifi_setup: already connected to 'earth5_1'; nothing to do
2026-09-15 18:48:11,494 INFO     src.orchestration.slot: slot 353681650397052: configuring apn
2026-09-15 18:48:12,720 INFO     src.phase2.apn_setup: apn: current input method is 'com.google.android.inputmethod.latin/com.android.inputmethod.latin.LatinIME'
2026-09-15 18:48:15,427 INFO     src.phase2.apn_setup: reached APN list via android.settings.APN_SETTINGS intent
2026-09-15 18:49:27,090 WARNING  src.phase2.apn_setup: apn: save reported no validation error, but 'rakuten.jp' wasn't spotted back on the APN list (soft check only — not treated as a failure; could be scroll position or list truncation)
2026-09-15 18:49:27,090 INFO     src.phase2.apn_setup: apn 'rakuten.jp' configured successfully
2026-09-15 18:49:27,090 INFO     src.orchestration.slot: slot 353681650397052: reached LOGIN_INSTALL (Phase 2 success condition)
2026-09-15 18:49:27,090 INFO     main_phase2: SUCCESS: device 353681650397052 reached LOGIN_INSTALL
2026-09-16 23:50:54,350 INFO     main_phase2: loading model profiles from C:\code\android-system\device-redeployment\config\models
2026-09-16 23:50:54,389 INFO     main_phase2: starting Phase 2 run: serial=HQ632M1012 model=SOG07 (Xperia 10 IV) [skip_wizard]
2026-09-16 23:50:55,915 WARNING  src.orchestration.slot: slot HQ632M1012: skip_wizard=True - assuming the device is already past setup (e.g. re-testing an already-provisioned unit). This bypasses a real safety check; never use this for a production batch run.
2026-09-16 23:50:55,916 INFO     src.orchestration.slot: slot HQ632M1012: connecting wifi
2026-09-16 23:51:02,448 INFO     src.phase2.wifi_setup: connected to 'earth5_1' via shell command
2026-09-16 23:51:02,449 INFO     src.orchestration.slot: slot HQ632M1012: configuring apn
2026-09-16 23:51:02,896 INFO     src.phase2.apn_setup: apn: current input method is 'com.google.android.inputmethod.latin/com.android.inputmethod.latin.LatinIME'
2026-09-16 23:51:06,660 INFO     src.phase2.apn_setup: reached APN list via android.settings.APN_SETTINGS intent
2026-09-16 23:51:20,557 ERROR    src.phase2.apn_setup: apn field '名前': typed 'rakuten.jp' but the field now reads 'らくてん。ｊｐ' — the active input method appears to have transformed it (see docs/record.md, 2026-09-15). Refusing to confirm/save a value that doesn't match what was actually intended.
2026-09-16 23:51:28,351 ERROR    src.phase2.apn_setup: apn field labeled '名前' not found/could not be filled
2026-09-16 23:51:28,351 ERROR    src.orchestration.slot: slot HQ632M1012: run_init_apn failed: apn configuration failed
2026-09-16 23:51:28,353 WARNING  src.orchestration.scheduler: slot HQ632M1012: attempt failed (retry 1/3): apn configuration failed
2026-09-16 23:51:30,331 WARNING  src.orchestration.slot: slot HQ632M1012: skip_wizard=True - assuming the device is already past setup (e.g. re-testing an already-provisioned unit). This bypasses a real safety check; never use this for a production batch run.
2026-09-16 23:51:30,331 INFO     src.orchestration.slot: slot HQ632M1012: connecting wifi
2026-09-16 23:51:30,794 INFO     src.phase2.wifi_setup: already connected to 'earth5_1'; nothing to do
2026-09-16 23:51:30,795 INFO     src.orchestration.slot: slot HQ632M1012: configuring apn
2026-09-16 23:51:31,148 INFO     src.phase2.apn_setup: apn: current input method is 'com.google.android.inputmethod.latin/com.android.inputmethod.latin.LatinIME'
2026-09-16 23:51:34,320 INFO     src.phase2.apn_setup: reached APN list via android.settings.APN_SETTINGS intent
2026-09-16 23:51:45,634 ERROR    src.phase2.apn_setup: apn field '名前': typed 'rakuten.jp' but the field now reads 'らくてん。ｊｐ' — the active input method appears to have transformed it (see docs/record.md, 2026-09-15). Refusing to confirm/save a value that doesn't match what was actually intended.
2026-09-16 23:51:52,275 ERROR    src.phase2.apn_setup: apn field labeled '名前' not found/could not be filled
2026-09-16 23:51:52,275 ERROR    src.orchestration.slot: slot HQ632M1012: run_init_apn failed: apn configuration failed
2026-09-16 23:51:52,276 WARNING  src.orchestration.scheduler: slot HQ632M1012: attempt failed (retry 2/3): apn configuration failed
2026-09-16 23:51:53,677 WARNING  src.orchestration.slot: slot HQ632M1012: skip_wizard=True - assuming the device is already past setup (e.g. re-testing an already-provisioned unit). This bypasses a real safety check; never use this for a production batch run.
2026-09-16 23:51:53,678 INFO     src.orchestration.slot: slot HQ632M1012: connecting wifi
2026-09-16 23:51:54,021 INFO     src.phase2.wifi_setup: already connected to 'earth5_1'; nothing to do
2026-09-16 23:51:54,023 INFO     src.orchestration.slot: slot HQ632M1012: configuring apn
2026-09-16 23:51:54,436 INFO     src.phase2.apn_setup: apn: current input method is 'com.google.android.inputmethod.latin/com.android.inputmethod.latin.LatinIME'
2026-09-16 23:51:57,264 INFO     src.phase2.apn_setup: reached APN list via android.settings.APN_SETTINGS intent
2026-09-16 23:52:07,977 ERROR    src.phase2.apn_setup: apn field '名前': typed 'rakuten.jp' but the field now reads 'らくてん。ｊｐ' — the active input method appears to have transformed it (see docs/record.md, 2026-09-15). Refusing to confirm/save a value that doesn't match what was actually intended.
2026-09-16 23:52:13,316 ERROR    src.phase2.apn_setup: apn field labeled '名前' not found/could not be filled
2026-09-16 23:52:13,316 ERROR    src.orchestration.slot: slot HQ632M1012: run_init_apn failed: apn configuration failed
2026-09-16 23:52:13,317 WARNING  src.orchestration.scheduler: slot HQ632M1012: attempt failed (retry 3/3): apn configuration failed
2026-09-16 23:52:14,534 WARNING  src.orchestration.slot: slot HQ632M1012: skip_wizard=True - assuming the device is already past setup (e.g. re-testing an already-provisioned unit). This bypasses a real safety check; never use this for a production batch run.
2026-09-16 23:52:14,535 INFO     src.orchestration.slot: slot HQ632M1012: connecting wifi
2026-09-16 23:52:14,906 INFO     src.phase2.wifi_setup: already connected to 'earth5_1'; nothing to do
2026-09-16 23:52:14,906 INFO     src.orchestration.slot: slot HQ632M1012: configuring apn
2026-09-16 23:52:15,123 INFO     src.phase2.apn_setup: apn: current input method is 'com.google.android.inputmethod.latin/com.android.inputmethod.latin.LatinIME'
2026-09-16 23:52:17,621 INFO     src.phase2.apn_setup: reached APN list via android.settings.APN_SETTINGS intent
2026-09-16 23:52:27,777 ERROR    src.phase2.apn_setup: apn field '名前': typed 'rakuten.jp' but the field now reads 'らくてん。ｊｐ' — the active input method appears to have transformed it (see docs/record.md, 2026-09-15). Refusing to confirm/save a value that doesn't match what was actually intended.
2026-09-16 23:52:32,684 ERROR    src.phase2.apn_setup: apn field labeled '名前' not found/could not be filled
2026-09-16 23:52:32,685 ERROR    src.orchestration.slot: slot HQ632M1012: run_init_apn failed: apn configuration failed
2026-09-16 23:52:32,685 ERROR    src.orchestration.scheduler: slot HQ632M1012: exceeded max_retry (3); escalating. last_error=apn configuration failed
2026-09-16 23:52:32,686 ERROR    main_phase2: FAILED: device HQ632M1012 ended in state ESCALATED (last_error=apn configuration failed)
2026-09-17 01:37:39,689 INFO     main_phase2: loading model profiles from C:\code\android-system\device-redeployment\config\models
2026-09-17 01:37:39,728 INFO     main_phase2: starting Phase 2 run: serial=HQ632M1012 model=SOG07 (Xperia 10 IV) [skip_wizard]
2026-09-17 01:37:41,385 WARNING  src.orchestration.slot: slot HQ632M1012: skip_wizard=True - assuming the device is already past setup (e.g. re-testing an already-provisioned unit). This bypasses a real safety check; never use this for a production batch run.
2026-09-17 01:37:41,386 INFO     src.orchestration.slot: slot HQ632M1012: connecting wifi
2026-09-17 01:37:41,958 INFO     src.phase2.wifi_setup: already connected to 'earth5_1'; nothing to do
2026-09-17 01:37:41,958 INFO     src.orchestration.slot: slot HQ632M1012: configuring apn
2026-09-17 01:37:42,396 INFO     src.phase2.apn_setup: apn: current input method is 'com.google.android.inputmethod.latin/com.android.inputmethod.latin.LatinIME'
2026-09-17 01:37:45,051 INFO     src.phase2.apn_setup: reached APN list via android.settings.APN_SETTINGS intent
2026-09-17 01:38:22,273 ERROR    src.phase2.apn_setup: apn field 'MCC': typed '440' but the field now reads '４４０' — the active input method appears to have transformed it (see docs/record.md, 2026-09-15). Refusing to confirm/save a value that doesn't match what was actually intended.
2026-09-17 01:38:27,342 ERROR    src.phase2.apn_setup: apn field labeled 'MCC' not found/could not be filled
2026-09-17 01:38:27,342 ERROR    src.orchestration.slot: slot HQ632M1012: run_init_apn failed: apn configuration failed
2026-09-17 01:38:27,342 WARNING  src.orchestration.scheduler: slot HQ632M1012: attempt failed (retry 1/3): apn configuration failed
2026-09-17 01:38:28,512 WARNING  src.orchestration.slot: slot HQ632M1012: skip_wizard=True - assuming the device is already past setup (e.g. re-testing an already-provisioned unit). This bypasses a real safety check; never use this for a production batch run.
2026-09-17 01:38:28,513 INFO     src.orchestration.slot: slot HQ632M1012: connecting wifi
2026-09-17 01:38:28,933 INFO     src.phase2.wifi_setup: already connected to 'earth5_1'; nothing to do
2026-09-17 01:38:28,933 INFO     src.orchestration.slot: slot HQ632M1012: configuring apn
2026-09-17 01:38:29,181 INFO     src.phase2.apn_setup: apn: current input method is 'com.google.android.inputmethod.latin/com.android.inputmethod.latin.LatinIME'
2026-09-17 01:38:31,716 INFO     src.phase2.apn_setup: reached APN list via android.settings.APN_SETTINGS intent
2026-09-17 01:39:09,361 ERROR    src.phase2.apn_setup: apn field 'MCC': typed '440' but the field now reads '４４０' — the active input method appears to have transformed it (see docs/record.md, 2026-09-15). Refusing to confirm/save a value that doesn't match what was actually intended.
2026-09-17 01:39:14,516 ERROR    src.phase2.apn_setup: apn field labeled 'MCC' not found/could not be filled
2026-09-17 01:39:14,517 ERROR    src.orchestration.slot: slot HQ632M1012: run_init_apn failed: apn configuration failed
2026-09-17 01:39:14,517 WARNING  src.orchestration.scheduler: slot HQ632M1012: attempt failed (retry 2/3): apn configuration failed
2026-09-17 01:39:15,698 WARNING  src.orchestration.slot: slot HQ632M1012: skip_wizard=True - assuming the device is already past setup (e.g. re-testing an already-provisioned unit). This bypasses a real safety check; never use this for a production batch run.
2026-09-17 01:39:15,698 INFO     src.orchestration.slot: slot HQ632M1012: connecting wifi
2026-09-17 01:39:16,103 INFO     src.phase2.wifi_setup: already connected to 'earth5_1'; nothing to do
2026-09-17 01:39:16,103 INFO     src.orchestration.slot: slot HQ632M1012: configuring apn
2026-09-17 01:39:16,368 INFO     src.phase2.apn_setup: apn: current input method is 'com.google.android.inputmethod.latin/com.android.inputmethod.latin.LatinIME'
2026-09-17 01:39:18,910 INFO     src.phase2.apn_setup: reached APN list via android.settings.APN_SETTINGS intent
2026-09-17 01:39:56,074 ERROR    src.phase2.apn_setup: apn field 'MCC': typed '440' but the field now reads '４４０' — the active input method appears to have transformed it (see docs/record.md, 2026-09-15). Refusing to confirm/save a value that doesn't match what was actually intended.
2026-09-17 01:40:01,163 ERROR    src.phase2.apn_setup: apn field labeled 'MCC' not found/could not be filled
2026-09-17 01:40:01,164 ERROR    src.orchestration.slot: slot HQ632M1012: run_init_apn failed: apn configuration failed
2026-09-17 01:40:01,165 WARNING  src.orchestration.scheduler: slot HQ632M1012: attempt failed (retry 3/3): apn configuration failed
2026-09-17 01:40:02,340 WARNING  src.orchestration.slot: slot HQ632M1012: skip_wizard=True - assuming the device is already past setup (e.g. re-testing an already-provisioned unit). This bypasses a real safety check; never use this for a production batch run.
2026-09-17 01:40:02,341 INFO     src.orchestration.slot: slot HQ632M1012: connecting wifi
2026-09-17 01:40:02,781 INFO     src.phase2.wifi_setup: already connected to 'earth5_1'; nothing to do
2026-09-17 01:40:02,781 INFO     src.orchestration.slot: slot HQ632M1012: configuring apn
2026-09-17 01:40:03,020 INFO     src.phase2.apn_setup: apn: current input method is 'com.google.android.inputmethod.latin/com.android.inputmethod.latin.LatinIME'
2026-09-17 01:40:05,575 INFO     src.phase2.apn_setup: reached APN list via android.settings.APN_SETTINGS intent
2026-09-17 01:40:42,997 ERROR    src.phase2.apn_setup: apn field 'MCC': typed '440' but the field now reads '４４０' — the active input method appears to have transformed it (see docs/record.md, 2026-09-15). Refusing to confirm/save a value that doesn't match what was actually intended.
2026-09-17 01:40:48,183 ERROR    src.phase2.apn_setup: apn field labeled 'MCC' not found/could not be filled
2026-09-17 01:40:48,183 ERROR    src.orchestration.slot: slot HQ632M1012: run_init_apn failed: apn configuration failed
2026-09-17 01:40:48,183 ERROR    src.orchestration.scheduler: slot HQ632M1012: exceeded max_retry (3); escalating. last_error=apn configuration failed
2026-09-17 01:40:48,183 ERROR    main_phase2: FAILED: device HQ632M1012 ended in state ESCALATED (last_error=apn configuration failed)
2026-09-17 02:36:57,896 INFO     main_phase2: loading model profiles from C:\code\android-system\device-redeployment\config\models
2026-09-17 02:36:57,934 INFO     main_phase2: starting Phase 2 run: serial=HQ632M1012 model=SOG07 (Xperia 10 IV) [skip_wizard]
2026-09-17 02:36:59,754 WARNING  src.orchestration.slot: slot HQ632M1012: skip_wizard=True - assuming the device is already past setup (e.g. re-testing an already-provisioned unit). This bypasses a real safety check; never use this for a production batch run.
2026-09-17 02:36:59,754 INFO     src.orchestration.slot: slot HQ632M1012: connecting wifi
2026-09-17 02:37:00,207 INFO     src.phase2.wifi_setup: already connected to 'earth5_1'; nothing to do
2026-09-17 02:37:00,207 INFO     src.orchestration.slot: slot HQ632M1012: configuring apn
2026-09-17 02:37:00,548 INFO     src.phase2.apn_setup: apn: current input method is 'com.google.android.inputmethod.latin/com.android.inputmethod.latin.LatinIME'
2026-09-17 02:37:03,254 INFO     src.phase2.apn_setup: reached APN list via android.settings.APN_SETTINGS intent
2026-09-17 02:37:24,690 ERROR    src.phase2.apn_setup: apn field 'APN': typed 'rakuten.jp' but the field now reads 'らくてん。ｊｐ' — the active input method appears to have transformed it (see docs/record.md, 2026-09-15). Refusing to confirm/save a value that doesn't match what was actually intended.
2026-09-17 02:37:29,844 ERROR    src.phase2.apn_setup: apn field labeled 'APN' not found/could not be filled
2026-09-17 02:37:29,844 ERROR    src.orchestration.slot: slot HQ632M1012: run_init_apn failed: apn configuration failed
2026-09-17 02:37:29,845 WARNING  src.orchestration.scheduler: slot HQ632M1012: attempt failed (retry 1/3): apn configuration failed
2026-09-17 02:37:30,988 WARNING  src.orchestration.slot: slot HQ632M1012: skip_wizard=True - assuming the device is already past setup (e.g. re-testing an already-provisioned unit). This bypasses a real safety check; never use this for a production batch run.
2026-09-17 02:37:30,989 INFO     src.orchestration.slot: slot HQ632M1012: connecting wifi
2026-09-17 02:37:31,413 INFO     src.phase2.wifi_setup: already connected to 'earth5_1'; nothing to do
2026-09-17 02:37:31,413 INFO     src.orchestration.slot: slot HQ632M1012: configuring apn
2026-09-17 02:37:31,674 INFO     src.phase2.apn_setup: apn: current input method is 'com.google.android.inputmethod.latin/com.android.inputmethod.latin.LatinIME'
2026-09-17 02:37:34,181 INFO     src.phase2.apn_setup: reached APN list via android.settings.APN_SETTINGS intent
2026-09-17 15:18:36,369 INFO     main_phase2: loading model profiles from C:\code\android-system\device-redeployment\config\models
2026-09-17 15:18:36,412 INFO     main_phase2: starting Phase 2 run: serial=HQ632M1012 model=SOG07 (Xperia 10 IV) [skip_wizard]
2026-09-17 15:18:38,575 WARNING  src.orchestration.slot: slot HQ632M1012: skip_wizard=True - assuming the device is already past setup (e.g. re-testing an already-provisioned unit). This bypasses a real safety check; never use this for a production batch run.
2026-09-17 15:18:38,575 INFO     src.orchestration.slot: slot HQ632M1012: connecting wifi
2026-09-17 15:18:39,195 INFO     src.phase2.wifi_setup: already connected to 'earth5_1'; nothing to do
2026-09-17 15:18:39,196 INFO     src.orchestration.slot: slot HQ632M1012: configuring apn
2026-09-17 15:18:39,643 INFO     src.phase2.apn_setup: apn: current input method is 'com.google.android.inputmethod.latin/com.android.inputmethod.latin.LatinIME'
2026-09-17 15:18:42,461 INFO     src.phase2.apn_setup: APN_SETTINGS intent didn't land on a recognizable APN list screen; falling back to menu_path navigation
2026-09-17 15:18:44,938 ERROR    src.phase2.apn_setup: apn menu navigation failed
2026-09-17 15:18:44,938 ERROR    src.orchestration.slot: slot HQ632M1012: run_init_apn failed: apn configuration failed
2026-09-17 15:18:44,938 WARNING  src.orchestration.scheduler: slot HQ632M1012: attempt failed (retry 1/3): apn configuration failed
2026-09-17 15:18:46,065 WARNING  src.orchestration.slot: slot HQ632M1012: skip_wizard=True - assuming the device is already past setup (e.g. re-testing an already-provisioned unit). This bypasses a real safety check; never use this for a production batch run.
2026-09-17 15:18:46,065 INFO     src.orchestration.slot: slot HQ632M1012: connecting wifi
2026-09-17 15:18:46,512 INFO     src.phase2.wifi_setup: already connected to 'earth5_1'; nothing to do
2026-09-17 15:18:46,512 INFO     src.orchestration.slot: slot HQ632M1012: configuring apn
2026-09-17 15:18:46,726 INFO     src.phase2.apn_setup: apn: current input method is 'com.google.android.inputmethod.latin/com.android.inputmethod.latin.LatinIME'
2026-09-17 15:18:49,249 INFO     src.phase2.apn_setup: APN_SETTINGS intent didn't land on a recognizable APN list screen; falling back to menu_path navigation
2026-09-17 15:18:51,673 ERROR    src.phase2.apn_setup: apn menu navigation failed
2026-09-17 15:18:51,673 ERROR    src.orchestration.slot: slot HQ632M1012: run_init_apn failed: apn configuration failed
2026-09-17 15:18:51,674 WARNING  src.orchestration.scheduler: slot HQ632M1012: attempt failed (retry 2/3): apn configuration failed
2026-09-17 15:18:52,865 WARNING  src.orchestration.slot: slot HQ632M1012: skip_wizard=True - assuming the device is already past setup (e.g. re-testing an already-provisioned unit). This bypasses a real safety check; never use this for a production batch run.
2026-09-17 15:18:52,865 INFO     src.orchestration.slot: slot HQ632M1012: connecting wifi
2026-09-17 15:18:53,348 INFO     src.phase2.wifi_setup: already connected to 'earth5_1'; nothing to do
2026-09-17 15:18:53,348 INFO     src.orchestration.slot: slot HQ632M1012: configuring apn
2026-09-17 15:18:53,603 INFO     src.phase2.apn_setup: apn: current input method is 'com.google.android.inputmethod.latin/com.android.inputmethod.latin.LatinIME'
2026-09-17 15:18:56,200 INFO     src.phase2.apn_setup: APN_SETTINGS intent didn't land on a recognizable APN list screen; falling back to menu_path navigation
2026-09-17 15:19:07,681 INFO     main_phase2: loading model profiles from C:\code\android-system\device-redeployment\config\models
2026-09-17 15:19:07,720 INFO     main_phase2: starting Phase 2 run: serial=HQ632M1012 model=SOG07 (Xperia 10 IV) [skip_wizard]
2026-09-17 15:19:08,934 WARNING  src.orchestration.slot: slot HQ632M1012: skip_wizard=True - assuming the device is already past setup (e.g. re-testing an already-provisioned unit). This bypasses a real safety check; never use this for a production batch run.
2026-09-17 15:19:08,935 INFO     src.orchestration.slot: slot HQ632M1012: connecting wifi
2026-09-17 15:19:09,404 INFO     src.phase2.wifi_setup: already connected to 'earth5_1'; nothing to do
2026-09-17 15:19:09,404 INFO     src.orchestration.slot: slot HQ632M1012: configuring apn
2026-09-17 15:19:09,697 INFO     src.phase2.apn_setup: apn: current input method is 'com.google.android.inputmethod.latin/com.android.inputmethod.latin.LatinIME'
2026-09-17 15:19:12,295 INFO     src.phase2.apn_setup: reached APN list via android.settings.APN_SETTINGS intent
2026-09-17 15:19:23,571 ERROR    src.phase2.apn_setup: apn field '名前': typed 'rakuten.jp' but the field now reads 'らくてん。ｊｐ' — the active input method appears to have transformed it (see docs/record.md, 2026-09-15). Refusing to confirm/save a value that doesn't match what was actually intended.
2026-09-17 15:19:28,648 ERROR    src.phase2.apn_setup: apn field labeled '名前' not found/could not be filled
2026-09-17 15:19:28,648 ERROR    src.orchestration.slot: slot HQ632M1012: run_init_apn failed: apn configuration failed
2026-09-17 15:19:28,648 WARNING  src.orchestration.scheduler: slot HQ632M1012: attempt failed (retry 1/3): apn configuration failed
2026-09-17 15:19:29,792 WARNING  src.orchestration.slot: slot HQ632M1012: skip_wizard=True - assuming the device is already past setup (e.g. re-testing an already-provisioned unit). This bypasses a real safety check; never use this for a production batch run.
2026-09-17 15:19:29,793 INFO     src.orchestration.slot: slot HQ632M1012: connecting wifi
2026-09-17 15:19:30,232 INFO     src.phase2.wifi_setup: already connected to 'earth5_1'; nothing to do
2026-09-17 15:19:30,233 INFO     src.orchestration.slot: slot HQ632M1012: configuring apn
2026-09-17 15:19:30,461 INFO     src.phase2.apn_setup: apn: current input method is 'com.google.android.inputmethod.latin/com.android.inputmethod.latin.LatinIME'
2026-09-17 15:19:32,990 INFO     src.phase2.apn_setup: reached APN list via android.settings.APN_SETTINGS intent
2026-09-17 15:26:13,153 INFO     main_phase2: loading model profiles from C:\code\android-system\device-redeployment\config\models
2026-09-17 15:26:13,194 INFO     main_phase2: starting Phase 2 run: serial=HQ632M1012 model=SOG07 (Xperia 10 IV) [skip_wizard]
2026-09-17 15:26:14,440 WARNING  src.orchestration.slot: slot HQ632M1012: skip_wizard=True - assuming the device is already past setup (e.g. re-testing an already-provisioned unit). This bypasses a real safety check; never use this for a production batch run.
2026-09-17 15:26:14,440 INFO     src.orchestration.slot: slot HQ632M1012: connecting wifi
2026-09-17 15:26:14,937 INFO     src.phase2.wifi_setup: already connected to 'earth5_1'; nothing to do
2026-09-17 15:26:14,937 INFO     src.orchestration.slot: slot HQ632M1012: configuring apn
2026-09-17 15:26:15,175 INFO     src.phase2.apn_setup: apn: current input method is 'com.google.android.inputmethod.latin/com.android.inputmethod.latin.LatinIME'
2026-09-17 15:26:17,804 INFO     src.phase2.apn_setup: reached APN list via android.settings.APN_SETTINGS intent
2026-09-17 15:26:55,208 ERROR    src.phase2.apn_setup: apn field 'MCC': typed '440' but the field now reads '４４０' — the active input method appears to have transformed it (see docs/record.md, 2026-09-15). Refusing to confirm/save a value that doesn't match what was actually intended.
2026-09-17 15:27:00,292 ERROR    src.phase2.apn_setup: apn field labeled 'MCC' not found/could not be filled
2026-09-17 15:27:00,292 ERROR    src.orchestration.slot: slot HQ632M1012: run_init_apn failed: apn configuration failed
2026-09-17 15:27:00,293 WARNING  src.orchestration.scheduler: slot HQ632M1012: attempt failed (retry 1/3): apn configuration failed
2026-09-17 15:27:01,424 WARNING  src.orchestration.slot: slot HQ632M1012: skip_wizard=True - assuming the device is already past setup (e.g. re-testing an already-provisioned unit). This bypasses a real safety check; never use this for a production batch run.
2026-09-17 15:27:01,424 INFO     src.orchestration.slot: slot HQ632M1012: connecting wifi
2026-09-17 15:27:01,846 INFO     src.phase2.wifi_setup: already connected to 'earth5_1'; nothing to do
2026-09-17 15:27:01,848 INFO     src.orchestration.slot: slot HQ632M1012: configuring apn
2026-09-17 15:27:02,082 INFO     src.phase2.apn_setup: apn: current input method is 'com.google.android.inputmethod.latin/com.android.inputmethod.latin.LatinIME'
2026-09-17 15:27:04,608 INFO     src.phase2.apn_setup: reached APN list via android.settings.APN_SETTINGS intent
2026-09-17 15:27:41,892 ERROR    src.phase2.apn_setup: apn field 'MCC': typed '440' but the field now reads '４４０' — the active input method appears to have transformed it (see docs/record.md, 2026-09-15). Refusing to confirm/save a value that doesn't match what was actually intended.
2026-09-17 15:27:46,976 ERROR    src.phase2.apn_setup: apn field labeled 'MCC' not found/could not be filled
2026-09-17 15:27:46,976 ERROR    src.orchestration.slot: slot HQ632M1012: run_init_apn failed: apn configuration failed
2026-09-17 15:27:46,977 WARNING  src.orchestration.scheduler: slot HQ632M1012: attempt failed (retry 2/3): apn configuration failed
2026-09-17 15:27:48,105 WARNING  src.orchestration.slot: slot HQ632M1012: skip_wizard=True - assuming the device is already past setup (e.g. re-testing an already-provisioned unit). This bypasses a real safety check; never use this for a production batch run.
2026-09-17 15:27:48,105 INFO     src.orchestration.slot: slot HQ632M1012: connecting wifi
2026-09-17 15:27:48,542 INFO     src.phase2.wifi_setup: already connected to 'earth5_1'; nothing to do
2026-09-17 15:27:48,542 INFO     src.orchestration.slot: slot HQ632M1012: configuring apn
2026-09-17 15:27:48,779 INFO     src.phase2.apn_setup: apn: current input method is 'com.google.android.inputmethod.latin/com.android.inputmethod.latin.LatinIME'
2026-09-17 15:27:51,354 INFO     src.phase2.apn_setup: reached APN list via android.settings.APN_SETTINGS intent
2026-09-17 15:28:28,611 ERROR    src.phase2.apn_setup: apn field 'MCC': typed '440' but the field now reads '４４０' — the active input method appears to have transformed it (see docs/record.md, 2026-09-15). Refusing to confirm/save a value that doesn't match what was actually intended.
2026-09-17 15:28:33,671 ERROR    src.phase2.apn_setup: apn field labeled 'MCC' not found/could not be filled
2026-09-17 15:28:33,671 ERROR    src.orchestration.slot: slot HQ632M1012: run_init_apn failed: apn configuration failed
2026-09-17 15:28:33,672 WARNING  src.orchestration.scheduler: slot HQ632M1012: attempt failed (retry 3/3): apn configuration failed
2026-09-17 15:28:34,864 WARNING  src.orchestration.slot: slot HQ632M1012: skip_wizard=True - assuming the device is already past setup (e.g. re-testing an already-provisioned unit). This bypasses a real safety check; never use this for a production batch run.
2026-09-17 15:28:34,864 INFO     src.orchestration.slot: slot HQ632M1012: connecting wifi
2026-09-17 15:28:35,286 INFO     src.phase2.wifi_setup: already connected to 'earth5_1'; nothing to do
2026-09-17 15:28:35,286 INFO     src.orchestration.slot: slot HQ632M1012: configuring apn
2026-09-17 15:28:35,494 INFO     src.phase2.apn_setup: apn: current input method is 'com.google.android.inputmethod.latin/com.android.inputmethod.latin.LatinIME'
2026-09-17 15:28:38,003 INFO     src.phase2.apn_setup: reached APN list via android.settings.APN_SETTINGS intent
2026-09-17 15:29:15,251 ERROR    src.phase2.apn_setup: apn field 'MCC': typed '440' but the field now reads '４４０' — the active input method appears to have transformed it (see docs/record.md, 2026-09-15). Refusing to confirm/save a value that doesn't match what was actually intended.
2026-09-17 15:29:20,439 ERROR    src.phase2.apn_setup: apn field labeled 'MCC' not found/could not be filled
2026-09-17 15:29:20,440 ERROR    src.orchestration.slot: slot HQ632M1012: run_init_apn failed: apn configuration failed
2026-09-17 15:29:20,440 ERROR    src.orchestration.scheduler: slot HQ632M1012: exceeded max_retry (3); escalating. last_error=apn configuration failed
2026-09-17 15:29:20,441 ERROR    main_phase2: FAILED: device HQ632M1012 ended in state ESCALATED (last_error=apn configuration failed)
2026-09-17 15:40:33,274 INFO     main_phase2: loading model profiles from C:\code\android-system\device-redeployment\config\models
2026-09-17 15:40:33,313 INFO     main_phase2: starting Phase 2 run: serial=HQ632M1012 model=SOG07 (Xperia 10 IV) [skip_wizard]
2026-09-17 15:40:34,485 WARNING  src.orchestration.slot: slot HQ632M1012: skip_wizard=True - assuming the device is already past setup (e.g. re-testing an already-provisioned unit). This bypasses a real safety check; never use this for a production batch run.
2026-09-17 15:40:34,485 INFO     src.orchestration.slot: slot HQ632M1012: connecting wifi
2026-09-17 15:40:34,898 INFO     src.phase2.wifi_setup: already connected to 'earth5_1'; nothing to do
2026-09-17 15:40:34,899 INFO     src.orchestration.slot: slot HQ632M1012: configuring apn
2026-09-17 15:40:35,106 INFO     src.phase2.apn_setup: apn: current input method is 'com.google.android.inputmethod.latin/com.android.inputmethod.latin.LatinIME'
2026-09-17 15:40:37,717 INFO     src.phase2.apn_setup: reached APN list via android.settings.APN_SETTINGS intent
2026-09-17 15:41:14,491 ERROR    src.phase2.apn_setup: apn field 'MCC': typed '440' but the field now reads '４４０' — the active input method appears to have transformed it (see docs/record.md, 2026-09-15). Refusing to confirm/save a value that doesn't match what was actually intended.
2026-09-17 15:41:19,633 ERROR    src.phase2.apn_setup: apn field labeled 'MCC' not found/could not be filled
2026-09-17 15:41:19,633 ERROR    src.orchestration.slot: slot HQ632M1012: run_init_apn failed: apn configuration failed
2026-09-17 15:41:19,635 WARNING  src.orchestration.scheduler: slot HQ632M1012: attempt failed (retry 1/3): apn configuration failed
2026-09-17 15:41:20,812 WARNING  src.orchestration.slot: slot HQ632M1012: skip_wizard=True - assuming the device is already past setup (e.g. re-testing an already-provisioned unit). This bypasses a real safety check; never use this for a production batch run.
2026-09-17 15:41:20,812 INFO     src.orchestration.slot: slot HQ632M1012: connecting wifi
2026-09-17 15:41:21,231 INFO     src.phase2.wifi_setup: already connected to 'earth5_1'; nothing to do
2026-09-17 15:41:21,232 INFO     src.orchestration.slot: slot HQ632M1012: configuring apn
2026-09-17 15:41:21,462 INFO     src.phase2.apn_setup: apn: current input method is 'com.google.android.inputmethod.latin/com.android.inputmethod.latin.LatinIME'
2026-09-17 15:41:24,012 INFO     src.phase2.apn_setup: reached APN list via android.settings.APN_SETTINGS intent
2026-09-17 15:42:01,122 ERROR    src.phase2.apn_setup: apn field 'MCC': typed '440' but the field now reads '４４０' — the active input method appears to have transformed it (see docs/record.md, 2026-09-15). Refusing to confirm/save a value that doesn't match what was actually intended.
2026-09-17 15:42:06,313 ERROR    src.phase2.apn_setup: apn field labeled 'MCC' not found/could not be filled
2026-09-17 15:42:06,313 ERROR    src.orchestration.slot: slot HQ632M1012: run_init_apn failed: apn configuration failed
2026-09-17 15:42:06,313 WARNING  src.orchestration.scheduler: slot HQ632M1012: attempt failed (retry 2/3): apn configuration failed
2026-09-17 15:42:07,486 WARNING  src.orchestration.slot: slot HQ632M1012: skip_wizard=True - assuming the device is already past setup (e.g. re-testing an already-provisioned unit). This bypasses a real safety check; never use this for a production batch run.
2026-09-17 15:42:07,486 INFO     src.orchestration.slot: slot HQ632M1012: connecting wifi
2026-09-17 15:42:07,914 INFO     src.phase2.wifi_setup: already connected to 'earth5_1'; nothing to do
2026-09-17 15:42:07,915 INFO     src.orchestration.slot: slot HQ632M1012: configuring apn
2026-09-17 15:42:08,180 INFO     src.phase2.apn_setup: apn: current input method is 'com.google.android.inputmethod.latin/com.android.inputmethod.latin.LatinIME'
2026-09-17 15:42:10,710 INFO     src.phase2.apn_setup: reached APN list via android.settings.APN_SETTINGS intent
2026-09-17 15:42:47,855 ERROR    src.phase2.apn_setup: apn field 'MCC': typed '440' but the field now reads '４４０' — the active input method appears to have transformed it (see docs/record.md, 2026-09-15). Refusing to confirm/save a value that doesn't match what was actually intended.
2026-09-17 15:42:52,961 ERROR    src.phase2.apn_setup: apn field labeled 'MCC' not found/could not be filled
2026-09-17 15:42:52,962 ERROR    src.orchestration.slot: slot HQ632M1012: run_init_apn failed: apn configuration failed
2026-09-17 15:42:52,962 WARNING  src.orchestration.scheduler: slot HQ632M1012: attempt failed (retry 3/3): apn configuration failed
2026-09-17 15:42:54,126 WARNING  src.orchestration.slot: slot HQ632M1012: skip_wizard=True - assuming the device is already past setup (e.g. re-testing an already-provisioned unit). This bypasses a real safety check; never use this for a production batch run.
2026-09-17 15:42:54,126 INFO     src.orchestration.slot: slot HQ632M1012: connecting wifi
2026-09-17 15:42:54,546 INFO     src.phase2.wifi_setup: already connected to 'earth5_1'; nothing to do
2026-09-17 15:42:54,547 INFO     src.orchestration.slot: slot HQ632M1012: configuring apn
2026-09-17 15:42:54,783 INFO     src.phase2.apn_setup: apn: current input method is 'com.google.android.inputmethod.latin/com.android.inputmethod.latin.LatinIME'
2026-09-17 15:42:57,361 INFO     src.phase2.apn_setup: reached APN list via android.settings.APN_SETTINGS intent
2026-09-17 15:43:34,399 ERROR    src.phase2.apn_setup: apn field 'MCC': typed '440' but the field now reads '４４０' — the active input method appears to have transformed it (see docs/record.md, 2026-09-15). Refusing to confirm/save a value that doesn't match what was actually intended.
2026-09-17 15:43:39,475 ERROR    src.phase2.apn_setup: apn field labeled 'MCC' not found/could not be filled
2026-09-17 15:43:39,476 ERROR    src.orchestration.slot: slot HQ632M1012: run_init_apn failed: apn configuration failed
2026-09-17 15:43:39,476 ERROR    src.orchestration.scheduler: slot HQ632M1012: exceeded max_retry (3); escalating. last_error=apn configuration failed
2026-09-17 15:43:39,476 ERROR    main_phase2: FAILED: device HQ632M1012 ended in state ESCALATED (last_error=apn configuration failed)
2026-09-17 15:52:08,615 INFO     main_phase2: loading model profiles from C:\code\android-system\device-redeployment\config\models
2026-09-17 15:52:08,657 INFO     main_phase2: starting Phase 2 run: serial=HQ632M1012 model=SOG07 (Xperia 10 IV) [skip_wizard]
2026-09-17 15:52:09,831 WARNING  src.orchestration.slot: slot HQ632M1012: skip_wizard=True - assuming the device is already past setup (e.g. re-testing an already-provisioned unit). This bypasses a real safety check; never use this for a production batch run.
2026-09-17 15:52:09,831 INFO     src.orchestration.slot: slot HQ632M1012: connecting wifi
2026-09-17 15:52:10,252 INFO     src.phase2.wifi_setup: already connected to 'earth5_1'; nothing to do
2026-09-17 15:52:10,253 INFO     src.orchestration.slot: slot HQ632M1012: configuring apn
2026-09-17 15:52:10,469 INFO     src.phase2.apn_setup: apn: current input method is 'com.google.android.inputmethod.latin/com.android.inputmethod.latin.LatinIME'
2026-09-17 15:52:13,053 INFO     src.phase2.apn_setup: reached APN list via android.settings.APN_SETTINGS intent
2026-09-17 15:52:51,485 ERROR    src.phase2.apn_setup: apn field 'MCC': typed '440' but the field now reads '４４０' — the active input method appears to have transformed it (see docs/record.md, 2026-09-15). Refusing to confirm/save a value that doesn't match what was actually intended.
2026-09-17 15:52:56,535 ERROR    src.phase2.apn_setup: apn field labeled 'MCC' not found/could not be filled
2026-09-17 15:52:56,536 ERROR    src.orchestration.slot: slot HQ632M1012: run_init_apn failed: apn configuration failed
2026-09-17 15:52:56,536 WARNING  src.orchestration.scheduler: slot HQ632M1012: attempt failed (retry 1/3): apn configuration failed
2026-09-17 15:52:57,665 WARNING  src.orchestration.slot: slot HQ632M1012: skip_wizard=True - assuming the device is already past setup (e.g. re-testing an already-provisioned unit). This bypasses a real safety check; never use this for a production batch run.
2026-09-17 15:52:57,666 INFO     src.orchestration.slot: slot HQ632M1012: connecting wifi
2026-09-17 15:52:58,059 INFO     src.phase2.wifi_setup: already connected to 'earth5_1'; nothing to do
2026-09-17 15:52:58,059 INFO     src.orchestration.slot: slot HQ632M1012: configuring apn
2026-09-17 15:52:58,276 INFO     src.phase2.apn_setup: apn: current input method is 'com.google.android.inputmethod.latin/com.android.inputmethod.latin.LatinIME'
2026-09-17 15:53:00,800 INFO     src.phase2.apn_setup: reached APN list via android.settings.APN_SETTINGS intent
2026-09-17 15:53:39,410 ERROR    src.phase2.apn_setup: apn field 'MCC': typed '440' but the field now reads '４４０' — the active input method appears to have transformed it (see docs/record.md, 2026-09-15). Refusing to confirm/save a value that doesn't match what was actually intended.
2026-09-17 15:53:44,430 ERROR    src.phase2.apn_setup: apn field labeled 'MCC' not found/could not be filled
2026-09-17 15:53:44,430 ERROR    src.orchestration.slot: slot HQ632M1012: run_init_apn failed: apn configuration failed
2026-09-17 15:53:44,431 WARNING  src.orchestration.scheduler: slot HQ632M1012: attempt failed (retry 2/3): apn configuration failed
2026-09-17 15:53:45,610 WARNING  src.orchestration.slot: slot HQ632M1012: skip_wizard=True - assuming the device is already past setup (e.g. re-testing an already-provisioned unit). This bypasses a real safety check; never use this for a production batch run.
2026-09-17 15:53:45,612 INFO     src.orchestration.slot: slot HQ632M1012: connecting wifi
2026-09-17 15:53:46,064 INFO     src.phase2.wifi_setup: already connected to 'earth5_1'; nothing to do
2026-09-17 15:53:46,065 INFO     src.orchestration.slot: slot HQ632M1012: configuring apn
2026-09-17 15:53:46,288 INFO     src.phase2.apn_setup: apn: current input method is 'com.google.android.inputmethod.latin/com.android.inputmethod.latin.LatinIME'
2026-09-17 15:53:48,797 INFO     src.phase2.apn_setup: reached APN list via android.settings.APN_SETTINGS intent
2026-09-17 15:54:27,122 ERROR    src.phase2.apn_setup: apn field 'MCC': typed '440' but the field now reads '４４０' — the active input method appears to have transformed it (see docs/record.md, 2026-09-15). Refusing to confirm/save a value that doesn't match what was actually intended.
2026-09-17 15:54:32,189 ERROR    src.phase2.apn_setup: apn field labeled 'MCC' not found/could not be filled
2026-09-17 15:54:32,190 ERROR    src.orchestration.slot: slot HQ632M1012: run_init_apn failed: apn configuration failed
2026-09-17 15:54:32,191 WARNING  src.orchestration.scheduler: slot HQ632M1012: attempt failed (retry 3/3): apn configuration failed
2026-09-17 15:54:33,342 WARNING  src.orchestration.slot: slot HQ632M1012: skip_wizard=True - assuming the device is already past setup (e.g. re-testing an already-provisioned unit). This bypasses a real safety check; never use this for a production batch run.
2026-09-17 15:54:33,342 INFO     src.orchestration.slot: slot HQ632M1012: connecting wifi
2026-09-17 15:54:33,785 INFO     src.phase2.wifi_setup: already connected to 'earth5_1'; nothing to do
2026-09-17 15:54:33,786 INFO     src.orchestration.slot: slot HQ632M1012: configuring apn
2026-09-17 15:54:34,022 INFO     src.phase2.apn_setup: apn: current input method is 'com.google.android.inputmethod.latin/com.android.inputmethod.latin.LatinIME'
2026-09-17 15:54:36,538 INFO     src.phase2.apn_setup: reached APN list via android.settings.APN_SETTINGS intent
2026-09-17 15:55:14,887 ERROR    src.phase2.apn_setup: apn field 'MCC': typed '440' but the field now reads '４４０' — the active input method appears to have transformed it (see docs/record.md, 2026-09-15). Refusing to confirm/save a value that doesn't match what was actually intended.
2026-09-17 15:55:19,991 ERROR    src.phase2.apn_setup: apn field labeled 'MCC' not found/could not be filled
2026-09-17 15:55:19,991 ERROR    src.orchestration.slot: slot HQ632M1012: run_init_apn failed: apn configuration failed
2026-09-17 15:55:19,992 ERROR    src.orchestration.scheduler: slot HQ632M1012: exceeded max_retry (3); escalating. last_error=apn configuration failed
2026-09-17 15:55:19,992 ERROR    main_phase2: FAILED: device HQ632M1012 ended in state ESCALATED (last_error=apn configuration failed)
2026-09-17 16:36:43,210 INFO     main_phase2: loading model profiles from C:\code\android-system\device-redeployment\config\models
2026-09-17 16:36:43,250 INFO     main_phase2: starting Phase 2 run: serial=HQ632M1012 model=SOG07 (Xperia 10 IV) [skip_wizard]
2026-09-17 16:36:44,651 WARNING  src.orchestration.slot: slot HQ632M1012: skip_wizard=True - assuming the device is already past setup (e.g. re-testing an already-provisioned unit). This bypasses a real safety check; never use this for a production batch run.
2026-09-17 16:36:44,651 INFO     src.orchestration.slot: slot HQ632M1012: connecting wifi
2026-09-17 16:36:45,110 INFO     src.phase2.wifi_setup: already connected to 'earth5_1'; nothing to do
2026-09-17 16:36:45,110 INFO     src.orchestration.slot: slot HQ632M1012: configuring apn
2026-09-17 16:36:45,368 INFO     src.phase2.apn_setup: apn: current input method is 'com.google.android.inputmethod.latin/com.android.inputmethod.latin.LatinIME'
2026-09-17 16:36:48,028 INFO     src.phase2.apn_setup: reached APN list via android.settings.APN_SETTINGS intent
2026-09-17 16:38:02,217 WARNING  src.phase2.apn_setup: apn: save reported no validation error, but 'rakuten.jp' wasn't spotted back on the APN list (soft check only — not treated as a failure; could be scroll position or list truncation)
2026-09-17 16:38:02,217 INFO     src.phase2.apn_setup: apn 'rakuten.jp' configured successfully
2026-09-17 16:38:02,217 INFO     src.orchestration.slot: slot HQ632M1012: reached LOGIN_INSTALL (Phase 2 success condition)
2026-09-17 16:38:02,217 INFO     main_phase2: SUCCESS: device HQ632M1012 reached LOGIN_INSTALL
2026-09-17 20:21:07,987 INFO     main_phase2: loading model profiles from C:\code\android-system\device-redeployment\config\models
2026-09-17 20:21:08,030 INFO     main_phase2: starting Phase 2 run: serial=HQ632M1012 model=SOG07 (Xperia 10 IV) [skip_wizard]
2026-09-17 20:21:09,379 WARNING  src.orchestration.slot: slot HQ632M1012: skip_wizard=True - assuming the device is already past setup (e.g. re-testing an already-provisioned unit). This bypasses a real safety check; never use this for a production batch run.
2026-09-17 20:21:09,379 INFO     src.orchestration.slot: slot HQ632M1012: connecting wifi
2026-09-17 20:21:09,866 INFO     src.phase2.wifi_setup: already connected to 'earth5_1'; nothing to do
2026-09-17 20:21:09,866 INFO     src.orchestration.slot: slot HQ632M1012: configuring apn
2026-09-17 20:21:10,121 INFO     src.phase2.apn_setup: apn: current input method is 'com.google.android.inputmethod.latin/com.android.inputmethod.latin.LatinIME'
2026-09-17 20:21:12,676 INFO     src.phase2.apn_setup: reached APN list via android.settings.APN_SETTINGS intent
2026-09-17 20:22:38,776 WARNING  src.phase2.apn_setup: apn: save reported no validation error, but 'rakuten.jp' wasn't spotted back on the APN list (soft check only — not treated as a failure; could be scroll position or list truncation)
2026-09-17 20:22:38,776 INFO     src.phase2.apn_setup: apn 'rakuten.jp' configured successfully
2026-09-17 20:22:38,777 INFO     src.orchestration.slot: slot HQ632M1012: reached LOGIN_INSTALL (Phase 2 success condition)
2026-09-17 20:22:38,777 INFO     main_phase2: SUCCESS: device HQ632M1012 reached LOGIN_INSTALL
2026-09-17 21:46:45,880 INFO     main_phase2: loading model profiles from C:\code\android-system\device-redeployment\config\models
2026-09-17 21:46:45,921 INFO     main_phase2: starting Phase 2 run: serial=HQ632M1012 model=SOG07 (Xperia 10 IV) [skip_wizard]
2026-09-17 21:46:47,695 WARNING  src.orchestration.slot: slot HQ632M1012: skip_wizard=True - assuming the device is already past setup (e.g. re-testing an already-provisioned unit). This bypasses a real safety check; never use this for a production batch run.
2026-09-17 21:46:47,695 INFO     src.orchestration.slot: slot HQ632M1012: connecting wifi
2026-09-17 21:46:48,192 INFO     src.phase2.wifi_setup: already connected to 'earth5_1'; nothing to do
2026-09-17 21:46:48,192 INFO     src.orchestration.slot: slot HQ632M1012: configuring apn
2026-09-17 21:46:48,499 INFO     src.phase2.apn_setup: apn: current input method is 'com.google.android.inputmethod.latin/com.android.inputmethod.latin.LatinIME'
2026-09-17 21:46:51,106 INFO     src.phase2.apn_setup: reached APN list via android.settings.APN_SETTINGS intent
2026-09-17 21:48:24,734 WARNING  src.phase2.apn_setup: apn: save reported no validation error, but 'rakuten.jp' wasn't spotted back on the APN list (soft check only — not treated as a failure; could be scroll position or list truncation)
2026-09-17 21:48:24,734 INFO     src.phase2.apn_setup: apn 'rakuten.jp' configured successfully
2026-09-17 21:48:24,735 INFO     src.orchestration.slot: slot HQ632M1012: reached LOGIN_INSTALL (Phase 2 success condition)
2026-09-17 21:48:24,735 INFO     main_phase2: SUCCESS: device HQ632M1012 reached LOGIN_INSTALL
2026-09-17 21:51:31,678 INFO     main_phase2: --max-retries override: using 0 instead of config's default
2026-09-17 21:51:31,679 INFO     main_phase2: loading model profiles from C:\code\android-system\device-redeployment\config\models
2026-09-17 21:51:31,719 INFO     main_phase2: starting Phase 2 run: serial=HQ63460161 model=SOG08 (Xperia Ace III) [skip_wizard]
2026-09-17 21:51:33,009 WARNING  src.orchestration.slot: slot HQ63460161: skip_wizard=True - assuming the device is already past setup (e.g. re-testing an already-provisioned unit). This bypasses a real safety check; never use this for a production batch run.
2026-09-17 21:51:33,009 INFO     src.orchestration.slot: slot HQ63460161: connecting wifi
2026-09-17 21:51:33,734 INFO     src.phase2.wifi_setup: already connected to 'earth5_1'; nothing to do
2026-09-17 21:51:33,735 INFO     src.orchestration.slot: slot HQ63460161: configuring apn
2026-09-17 21:51:34,448 INFO     src.phase2.apn_setup: apn: current input method is 'com.google.android.inputmethod.latin/com.android.inputmethod.latin.LatinIME'
2026-09-17 21:51:37,824 INFO     src.phase2.apn_setup: reached APN list via android.settings.APN_SETTINGS intent
2026-09-17 21:53:03,477 WARNING  src.phase2.apn_setup: apn: save reported no validation error, but 'rakuten.jp' wasn't spotted back on the APN list (soft check only — not treated as a failure; could be scroll position or list truncation)
2026-09-17 21:53:03,477 INFO     src.phase2.apn_setup: apn 'rakuten.jp' configured successfully
2026-09-17 21:53:03,477 INFO     src.orchestration.slot: slot HQ63460161: reached LOGIN_INSTALL (Phase 2 success condition)
2026-09-17 21:53:03,477 INFO     main_phase2: SUCCESS: device HQ63460161 reached LOGIN_INSTALL
2026-09-17 23:03:40,317 INFO     main_phase2: loading model profiles from C:\code\android-system\device-redeployment\config\models
2026-09-17 23:03:40,360 INFO     main_phase2: running 4 devices in parallel: 352063910272451:SHG10, 353681650397052:SHG07, HQ632M1012:SOG07, HQ63460161:SOG08
2026-09-17 23:03:40,412 INFO     main_phase2: starting Phase 2 run: serial=352063910272451 model=SHG10 (AQUOS sense7) [skip_wizard]
2026-09-17 23:03:40,413 INFO     main_phase2: starting Phase 2 run: serial=353681650397052 model=SHG07 (AQUOS sense6s) [skip_wizard]
2026-09-17 23:03:40,413 INFO     main_phase2: starting Phase 2 run: serial=HQ632M1012 model=SOG07 (Xperia 10 IV) [skip_wizard]
2026-09-17 23:03:40,414 INFO     main_phase2: starting Phase 2 run: serial=HQ63460161 model=SOG08 (Xperia Ace III) [skip_wizard]
2026-09-17 23:03:41,592 WARNING  src.orchestration.slot: slot HQ632M1012: skip_wizard=True - assuming factory reset + the setup wizard were already completed manually (client-decided workflow, 2026-09-17 - the wizard cannot be automated via ADB at all). This skips the check that the device actually finished setup, so a device still mid-wizard when this runs will fail in confusing ways downstream rather than here.
2026-09-17 23:03:41,592 INFO     src.orchestration.slot: slot HQ632M1012: connecting wifi
2026-09-17 23:03:41,679 WARNING  src.orchestration.slot: slot HQ63460161: skip_wizard=True - assuming factory reset + the setup wizard were already completed manually (client-decided workflow, 2026-09-17 - the wizard cannot be automated via ADB at all). This skips the check that the device actually finished setup, so a device still mid-wizard when this runs will fail in confusing ways downstream rather than here.
2026-09-17 23:03:41,680 INFO     src.orchestration.slot: slot HQ63460161: connecting wifi
2026-09-17 23:03:41,985 INFO     src.phase2.wifi_setup: already connected to 'earth5_1'; nothing to do
2026-09-17 23:03:41,986 INFO     src.orchestration.slot: slot HQ632M1012: configuring apn
2026-09-17 23:03:42,088 WARNING  src.orchestration.slot: slot 353681650397052: skip_wizard=True - assuming factory reset + the setup wizard were already completed manually (client-decided workflow, 2026-09-17 - the wizard cannot be automated via ADB at all). This skips the check that the device actually finished setup, so a device still mid-wizard when this runs will fail in confusing ways downstream rather than here.
2026-09-17 23:03:42,088 INFO     src.orchestration.slot: slot 353681650397052: connecting wifi
2026-09-17 23:03:42,208 INFO     src.phase2.apn_setup: apn: current input method is 'com.google.android.inputmethod.latin/com.android.inputmethod.latin.LatinIME'
2026-09-17 23:03:42,368 INFO     src.phase2.wifi_setup: already connected to 'earth5_1'; nothing to do
2026-09-17 23:03:42,369 INFO     src.orchestration.slot: slot HQ63460161: configuring apn
2026-09-17 23:03:42,602 INFO     src.phase2.wifi_setup: already connected to 'earth5_1'; nothing to do
2026-09-17 23:03:42,603 INFO     src.orchestration.slot: slot 353681650397052: configuring apn
2026-09-17 23:03:42,623 WARNING  src.orchestration.slot: slot 352063910272451: skip_wizard=True - assuming factory reset + the setup wizard were already completed manually (client-decided workflow, 2026-09-17 - the wizard cannot be automated via ADB at all). This skips the check that the device actually finished setup, so a device still mid-wizard when this runs will fail in confusing ways downstream rather than here.
2026-09-17 23:03:42,623 INFO     src.orchestration.slot: slot 352063910272451: connecting wifi
2026-09-17 23:03:42,819 INFO     src.phase2.apn_setup: apn: current input method is 'com.google.android.inputmethod.latin/com.android.inputmethod.latin.LatinIME'
2026-09-17 23:03:43,225 INFO     src.phase2.wifi_setup: already connected to 'earth5_1'; nothing to do
2026-09-17 23:03:43,225 INFO     src.orchestration.slot: slot 352063910272451: configuring apn
2026-09-17 23:03:43,756 INFO     src.phase2.apn_setup: apn: current input method is 'com.google.android.inputmethod.latin/com.android.inputmethod.latin.LatinIME'
2026-09-17 23:03:44,100 INFO     src.phase2.apn_setup: apn: current input method is 'com.google.android.inputmethod.latin/com.android.inputmethod.latin.LatinIME'
2026-09-17 23:03:44,681 INFO     src.phase2.apn_setup: reached APN list via android.settings.APN_SETTINGS intent
2026-09-17 23:03:45,670 INFO     src.phase2.apn_setup: reached APN list via android.settings.APN_SETTINGS intent
2026-09-17 23:03:46,451 INFO     src.phase2.apn_setup: reached APN list via android.settings.APN_SETTINGS intent
2026-09-17 23:03:46,924 INFO     src.phase2.apn_setup: reached APN list via android.settings.APN_SETTINGS intent
2026-09-17 23:03:57,461 ERROR    src.phase2.apn_setup: apn field '名前': typed 'rakuten.jp' but the field now reads 'らくてん。ｊｐ' after 1 toggle attempt(s) — the active input method appears to have transformed it every time (see docs/record.md, 2026-09-17). Refusing to confirm/save a value that doesn't match what was actually intended.
2026-09-17 23:04:02,620 ERROR    src.phase2.apn_setup: apn field labeled '名前' not found/could not be filled
2026-09-17 23:04:02,620 ERROR    src.orchestration.slot: slot 352063910272451: run_init_apn failed: apn configuration failed
2026-09-17 23:04:02,620 WARNING  src.orchestration.scheduler: slot 352063910272451: attempt failed (retry 1/3): apn configuration failed
2026-09-17 23:04:03,807 WARNING  src.orchestration.slot: slot 352063910272451: skip_wizard=True - assuming factory reset + the setup wizard were already completed manually (client-decided workflow, 2026-09-17 - the wizard cannot be automated via ADB at all). This skips the check that the device actually finished setup, so a device still mid-wizard when this runs will fail in confusing ways downstream rather than here.
2026-09-17 23:04:03,807 INFO     src.orchestration.slot: slot 352063910272451: connecting wifi
2026-09-17 23:04:04,341 INFO     src.phase2.wifi_setup: already connected to 'earth5_1'; nothing to do
2026-09-17 23:04:04,342 INFO     src.orchestration.slot: slot 352063910272451: configuring apn
2026-09-17 23:04:04,623 INFO     src.phase2.apn_setup: apn: current input method is 'com.google.android.inputmethod.latin/com.android.inputmethod.latin.LatinIME'
2026-09-17 23:04:07,250 INFO     src.phase2.apn_setup: reached APN list via android.settings.APN_SETTINGS intent
2026-09-17 23:04:21,119 ERROR    src.phase2.apn_setup: apn field '名前': typed 'rakuten.jp' but the field now reads 'らくてん。ｊｐ' after 1 toggle attempt(s) — the active input method appears to have transformed it every time (see docs/record.md, 2026-09-17). Refusing to confirm/save a value that doesn't match what was actually intended.
2026-09-17 23:04:26,322 ERROR    src.phase2.apn_setup: apn field labeled '名前' not found/could not be filled
2026-09-17 23:04:26,324 ERROR    src.orchestration.slot: slot 352063910272451: run_init_apn failed: apn configuration failed
2026-09-17 23:04:26,324 WARNING  src.orchestration.scheduler: slot 352063910272451: attempt failed (retry 2/3): apn configuration failed
2026-09-17 23:04:27,498 WARNING  src.orchestration.slot: slot 352063910272451: skip_wizard=True - assuming factory reset + the setup wizard were already completed manually (client-decided workflow, 2026-09-17 - the wizard cannot be automated via ADB at all). This skips the check that the device actually finished setup, so a device still mid-wizard when this runs will fail in confusing ways downstream rather than here.
2026-09-17 23:04:27,498 INFO     src.orchestration.slot: slot 352063910272451: connecting wifi
2026-09-17 23:04:27,979 INFO     src.phase2.wifi_setup: already connected to 'earth5_1'; nothing to do
2026-09-17 23:04:27,979 INFO     src.orchestration.slot: slot 352063910272451: configuring apn
2026-09-17 23:04:28,218 INFO     src.phase2.apn_setup: apn: current input method is 'com.google.android.inputmethod.latin/com.android.inputmethod.latin.LatinIME'
2026-09-17 23:04:30,745 INFO     src.phase2.apn_setup: reached APN list via android.settings.APN_SETTINGS intent
2026-09-17 23:04:41,084 ERROR    src.phase2.apn_setup: apn field '名前': typed 'rakuten.jp' but the field now reads 'らくてん。ｊｐ' after 1 toggle attempt(s) — the active input method appears to have transformed it every time (see docs/record.md, 2026-09-17). Refusing to confirm/save a value that doesn't match what was actually intended.
2026-09-17 23:04:46,304 ERROR    src.phase2.apn_setup: apn field labeled '名前' not found/could not be filled
2026-09-17 23:04:46,306 ERROR    src.orchestration.slot: slot 352063910272451: run_init_apn failed: apn configuration failed
2026-09-17 23:04:46,306 WARNING  src.orchestration.scheduler: slot 352063910272451: attempt failed (retry 3/3): apn configuration failed
2026-09-17 23:04:47,461 WARNING  src.orchestration.slot: slot 352063910272451: skip_wizard=True - assuming factory reset + the setup wizard were already completed manually (client-decided workflow, 2026-09-17 - the wizard cannot be automated via ADB at all). This skips the check that the device actually finished setup, so a device still mid-wizard when this runs will fail in confusing ways downstream rather than here.
2026-09-17 23:04:47,461 INFO     src.orchestration.slot: slot 352063910272451: connecting wifi
2026-09-17 23:04:47,987 INFO     src.phase2.wifi_setup: already connected to 'earth5_1'; nothing to do
2026-09-17 23:04:47,987 INFO     src.orchestration.slot: slot 352063910272451: configuring apn
2026-09-17 23:04:48,220 INFO     src.phase2.apn_setup: apn: current input method is 'com.google.android.inputmethod.latin/com.android.inputmethod.latin.LatinIME'
2026-09-17 23:04:50,776 INFO     src.phase2.apn_setup: reached APN list via android.settings.APN_SETTINGS intent
2026-09-17 23:05:01,333 ERROR    src.phase2.apn_setup: apn field '名前': typed 'rakuten.jp' but the field now reads 'らくてん。ｊｐ' after 1 toggle attempt(s) — the active input method appears to have transformed it every time (see docs/record.md, 2026-09-17). Refusing to confirm/save a value that doesn't match what was actually intended.
2026-09-17 23:05:06,494 ERROR    src.phase2.apn_setup: apn field labeled '名前' not found/could not be filled
2026-09-17 23:05:06,494 ERROR    src.orchestration.slot: slot 352063910272451: run_init_apn failed: apn configuration failed
2026-09-17 23:05:06,494 ERROR    src.orchestration.scheduler: slot 352063910272451: exceeded max_retry (3); escalating. last_error=apn configuration failed
2026-09-17 23:05:06,716 WARNING  src.phase2.apn_setup: apn: save reported no validation error, but 'rakuten.jp' wasn't spotted back on the APN list (soft check only — not treated as a failure; could be scroll position or list truncation)
2026-09-17 23:05:06,717 INFO     src.phase2.apn_setup: apn 'rakuten.jp' configured successfully
2026-09-17 23:05:06,717 INFO     src.orchestration.slot: slot 353681650397052: reached LOGIN_INSTALL (Phase 2 success condition)
2026-09-17 23:05:11,233 WARNING  src.phase2.apn_setup: apn: save reported no validation error, but 'rakuten.jp' wasn't spotted back on the APN list (soft check only — not treated as a failure; could be scroll position or list truncation)
2026-09-17 23:05:11,233 INFO     src.phase2.apn_setup: apn 'rakuten.jp' configured successfully
2026-09-17 23:05:11,233 INFO     src.orchestration.slot: slot HQ63460161: reached LOGIN_INSTALL (Phase 2 success condition)
2026-09-17 23:05:14,032 WARNING  src.phase2.apn_setup: apn: save reported no validation error, but 'rakuten.jp' wasn't spotted back on the APN list (soft check only — not treated as a failure; could be scroll position or list truncation)
2026-09-17 23:05:14,032 INFO     src.phase2.apn_setup: apn 'rakuten.jp' configured successfully
2026-09-17 23:05:14,032 INFO     src.orchestration.slot: slot HQ632M1012: reached LOGIN_INSTALL (Phase 2 success condition)
2026-09-17 23:05:14,033 ERROR    main_phase2: FAILED: device 352063910272451 ended in state ESCALATED (last_error=apn configuration failed)
2026-09-17 23:05:14,033 INFO     main_phase2: SUCCESS: device 353681650397052 reached LOGIN_INSTALL
2026-09-17 23:05:14,033 INFO     main_phase2: SUCCESS: device HQ63460161 reached LOGIN_INSTALL
2026-09-17 23:05:14,033 INFO     main_phase2: SUCCESS: device HQ632M1012 reached LOGIN_INSTALL
2026-09-18 00:21:17,214 INFO     main_phase2: loading model profiles from C:\code\android-system\device-redeployment\config\models
2026-09-18 00:21:17,256 INFO     main_phase2: running 4 devices in parallel: 352063910272451:SHG10, 353681650397052:SHG07, HQ632M1012:SOG07, HQ63460161:SOG08
2026-09-18 00:21:17,259 INFO     main_phase2: starting Phase 2 run: serial=352063910272451 model=SHG10 (AQUOS sense7) [skip_wizard]
2026-09-18 00:21:17,259 INFO     main_phase2: starting Phase 2 run: serial=353681650397052 model=SHG07 (AQUOS sense6s) [skip_wizard]
2026-09-18 00:21:17,260 INFO     main_phase2: starting Phase 2 run: serial=HQ632M1012 model=SOG07 (Xperia 10 IV) [skip_wizard]
2026-09-18 00:21:17,260 INFO     main_phase2: starting Phase 2 run: serial=HQ63460161 model=SOG08 (Xperia Ace III) [skip_wizard]
2026-09-18 00:21:18,632 WARNING  src.orchestration.slot: slot 352063910272451: skip_wizard=True - assuming factory reset + the setup wizard were already completed manually (client-decided workflow, 2026-09-17 - the wizard cannot be automated via ADB at all). This skips the check that the device actually finished setup, so a device still mid-wizard when this runs will fail in confusing ways downstream rather than here.
2026-09-18 00:21:18,632 INFO     src.orchestration.slot: slot 352063910272451: connecting wifi
2026-09-18 00:21:19,132 INFO     src.phase2.wifi_setup: already connected to 'earth5_1'; nothing to do
2026-09-18 00:21:19,132 INFO     src.orchestration.slot: slot 352063910272451: configuring apn
2026-09-18 00:21:19,234 WARNING  src.orchestration.slot: slot HQ63460161: skip_wizard=True - assuming factory reset + the setup wizard were already completed manually (client-decided workflow, 2026-09-17 - the wizard cannot be automated via ADB at all). This skips the check that the device actually finished setup, so a device still mid-wizard when this runs will fail in confusing ways downstream rather than here.
2026-09-18 00:21:19,234 INFO     src.orchestration.slot: slot HQ63460161: connecting wifi
2026-09-18 00:21:19,411 WARNING  src.orchestration.slot: slot 353681650397052: skip_wizard=True - assuming factory reset + the setup wizard were already completed manually (client-decided workflow, 2026-09-17 - the wizard cannot be automated via ADB at all). This skips the check that the device actually finished setup, so a device still mid-wizard when this runs will fail in confusing ways downstream rather than here.
2026-09-18 00:21:19,412 INFO     src.orchestration.slot: slot 353681650397052: connecting wifi
2026-09-18 00:21:19,500 INFO     src.phase2.apn_setup: apn: current input method is 'com.google.android.inputmethod.latin/com.android.inputmethod.latin.LatinIME'
2026-09-18 00:21:19,555 WARNING  src.orchestration.slot: slot HQ632M1012: skip_wizard=True - assuming factory reset + the setup wizard were already completed manually (client-decided workflow, 2026-09-17 - the wizard cannot be automated via ADB at all). This skips the check that the device actually finished setup, so a device still mid-wizard when this runs will fail in confusing ways downstream rather than here.
2026-09-18 00:21:19,555 INFO     src.orchestration.slot: slot HQ632M1012: connecting wifi
2026-09-18 00:21:19,831 INFO     src.phase2.wifi_setup: already connected to 'earth5_1'; nothing to do
2026-09-18 00:21:19,831 INFO     src.orchestration.slot: slot HQ63460161: configuring apn
2026-09-18 00:21:19,971 INFO     src.phase2.wifi_setup: already connected to 'earth5_1'; nothing to do
2026-09-18 00:21:19,971 INFO     src.orchestration.slot: slot 353681650397052: configuring apn
2026-09-18 00:21:20,093 INFO     src.phase2.wifi_setup: already connected to 'earth5_1'; nothing to do
2026-09-18 00:21:20,094 INFO     src.orchestration.slot: slot HQ632M1012: configuring apn
2026-09-18 00:21:20,301 INFO     src.phase2.apn_setup: apn: current input method is 'com.google.android.inputmethod.latin/com.android.inputmethod.latin.LatinIME'
2026-09-18 00:21:20,406 INFO     src.phase2.apn_setup: apn: current input method is 'com.google.android.inputmethod.latin/com.android.inputmethod.latin.LatinIME'
2026-09-18 00:21:21,113 INFO     src.phase2.apn_setup: apn: current input method is 'com.google.android.inputmethod.latin/com.android.inputmethod.latin.LatinIME'
2026-09-18 00:21:22,043 INFO     src.phase2.apn_setup: reached APN list via android.settings.APN_SETTINGS intent
2026-09-18 00:21:23,008 INFO     src.phase2.apn_setup: reached APN list via android.settings.APN_SETTINGS intent
2026-09-18 00:21:23,513 INFO     src.phase2.apn_setup: reached APN list via android.settings.APN_SETTINGS intent
2026-09-18 00:21:23,807 INFO     src.phase2.apn_setup: reached APN list via android.settings.APN_SETTINGS intent
2026-09-18 00:22:43,604 WARNING  src.phase2.apn_setup: apn: save reported no validation error, but 'rakuten.jp' wasn't spotted back on the APN list (soft check only — not treated as a failure; could be scroll position or list truncation)
2026-09-18 00:22:43,604 INFO     src.phase2.apn_setup: apn 'rakuten.jp' configured successfully
2026-09-18 00:22:43,605 INFO     src.orchestration.slot: slot 353681650397052: reached LOGIN_INSTALL (Phase 2 success condition)
2026-09-18 00:22:45,720 WARNING  src.phase2.apn_setup: apn: save reported no validation error, but 'rakuten.jp' wasn't spotted back on the APN list (soft check only — not treated as a failure; could be scroll position or list truncation)
2026-09-18 00:22:45,720 INFO     src.phase2.apn_setup: apn 'rakuten.jp' configured successfully
2026-09-18 00:22:45,720 INFO     src.orchestration.slot: slot HQ632M1012: reached LOGIN_INSTALL (Phase 2 success condition)
2026-09-18 00:22:50,616 WARNING  src.phase2.apn_setup: apn: save reported no validation error, but 'rakuten.jp' wasn't spotted back on the APN list (soft check only — not treated as a failure; could be scroll position or list truncation)
2026-09-18 00:22:50,616 INFO     src.phase2.apn_setup: apn 'rakuten.jp' configured successfully
2026-09-18 00:22:50,616 INFO     src.orchestration.slot: slot 352063910272451: reached LOGIN_INSTALL (Phase 2 success condition)
2026-09-18 00:22:55,300 WARNING  src.phase2.apn_setup: apn: save reported no validation error, but 'rakuten.jp' wasn't spotted back on the APN list (soft check only — not treated as a failure; could be scroll position or list truncation)
2026-09-18 00:22:55,300 INFO     src.phase2.apn_setup: apn 'rakuten.jp' configured successfully
2026-09-18 00:22:55,301 INFO     src.orchestration.slot: slot HQ63460161: reached LOGIN_INSTALL (Phase 2 success condition)
2026-09-18 00:22:55,301 INFO     main_phase2: SUCCESS: device 353681650397052 reached LOGIN_INSTALL
2026-09-18 00:22:55,301 INFO     main_phase2: SUCCESS: device HQ632M1012 reached LOGIN_INSTALL
2026-09-18 00:22:55,301 INFO     main_phase2: SUCCESS: device 352063910272451 reached LOGIN_INSTALL
2026-09-18 00:22:55,302 INFO     main_phase2: SUCCESS: device HQ63460161 reached LOGIN_INSTALL
2026-09-18 00:51:19,425 INFO     main_phase2: loading model profiles from C:\code\android-system\device-redeployment\config\models
2026-09-18 00:51:19,466 INFO     main_phase2: running 4 devices in parallel: 352063910272451:SHG10, 353681650397052:SHG07, HQ632M1012:SOG07, HQ63460161:SOG08
2026-09-18 00:51:19,469 INFO     main_phase2: starting Phase 2 run: serial=352063910272451 model=SHG10 (AQUOS sense7) [skip_wizard]
2026-09-18 00:51:19,470 INFO     main_phase2: starting Phase 2 run: serial=353681650397052 model=SHG07 (AQUOS sense6s) [skip_wizard]
2026-09-18 00:51:19,470 INFO     main_phase2: starting Phase 2 run: serial=HQ632M1012 model=SOG07 (Xperia 10 IV) [skip_wizard]
2026-09-18 00:51:19,470 INFO     main_phase2: starting Phase 2 run: serial=HQ63460161 model=SOG08 (Xperia Ace III) [skip_wizard]
2026-09-18 00:51:20,654 WARNING  src.orchestration.slot: slot 352063910272451: skip_wizard=True - assuming factory reset + the setup wizard were already completed manually (client-decided workflow, 2026-09-17 - the wizard cannot be automated via ADB at all). This skips the check that the device actually finished setup, so a device still mid-wizard when this runs will fail in confusing ways downstream rather than here.
2026-09-18 00:51:20,654 INFO     src.orchestration.slot: slot 352063910272451: connecting wifi
2026-09-18 00:51:20,681 WARNING  src.orchestration.slot: slot HQ63460161: skip_wizard=True - assuming factory reset + the setup wizard were already completed manually (client-decided workflow, 2026-09-17 - the wizard cannot be automated via ADB at all). This skips the check that the device actually finished setup, so a device still mid-wizard when this runs will fail in confusing ways downstream rather than here.
2026-09-18 00:51:20,682 INFO     src.orchestration.slot: slot HQ63460161: connecting wifi
2026-09-18 00:51:20,779 WARNING  src.orchestration.slot: slot HQ632M1012: skip_wizard=True - assuming factory reset + the setup wizard were already completed manually (client-decided workflow, 2026-09-17 - the wizard cannot be automated via ADB at all). This skips the check that the device actually finished setup, so a device still mid-wizard when this runs will fail in confusing ways downstream rather than here.
2026-09-18 00:51:20,780 INFO     src.orchestration.slot: slot HQ632M1012: connecting wifi
2026-09-18 00:51:21,180 INFO     src.phase2.wifi_setup: already connected to 'earth5_1'; nothing to do
2026-09-18 00:51:21,180 INFO     src.orchestration.slot: slot 352063910272451: configuring apn
2026-09-18 00:51:21,191 INFO     src.phase2.wifi_setup: already connected to 'earth5_1'; nothing to do
2026-09-18 00:51:21,192 INFO     src.orchestration.slot: slot HQ63460161: configuring apn
2026-09-18 00:51:21,213 INFO     src.phase2.wifi_setup: already connected to 'earth5_1'; nothing to do
2026-09-18 00:51:21,213 INFO     src.orchestration.slot: slot HQ632M1012: configuring apn
2026-09-18 00:51:21,446 INFO     src.phase2.apn_setup: apn: current input method is 'com.google.android.inputmethod.latin/com.android.inputmethod.latin.LatinIME'
2026-09-18 00:51:21,472 INFO     src.phase2.apn_setup: apn: current input method is 'com.google.android.inputmethod.latin/com.android.inputmethod.latin.LatinIME'
2026-09-18 00:51:21,484 INFO     src.phase2.apn_setup: apn: current input method is 'com.google.android.inputmethod.latin/com.android.inputmethod.latin.LatinIME'
2026-09-18 00:51:21,721 WARNING  src.orchestration.slot: slot 353681650397052: skip_wizard=True - assuming factory reset + the setup wizard were already completed manually (client-decided workflow, 2026-09-17 - the wizard cannot be automated via ADB at all). This skips the check that the device actually finished setup, so a device still mid-wizard when this runs will fail in confusing ways downstream rather than here.
2026-09-18 00:51:21,721 INFO     src.orchestration.slot: slot 353681650397052: connecting wifi
2026-09-18 00:51:22,218 INFO     src.phase2.wifi_setup: already connected to 'earth5_1'; nothing to do
2026-09-18 00:51:22,218 INFO     src.orchestration.slot: slot 353681650397052: configuring apn
2026-09-18 00:51:23,243 INFO     src.phase2.apn_setup: apn: current input method is 'com.google.android.inputmethod.latin/com.android.inputmethod.latin.LatinIME'
2026-09-18 00:51:23,901 INFO     src.phase2.apn_setup: reached APN list via android.settings.APN_SETTINGS intent
2026-09-18 00:51:23,954 INFO     src.phase2.apn_setup: reached APN list via android.settings.APN_SETTINGS intent
2026-09-18 00:51:24,057 INFO     src.phase2.apn_setup: reached APN list via android.settings.APN_SETTINGS intent
2026-09-18 00:51:26,288 INFO     src.phase2.apn_setup: reached APN list via android.settings.APN_SETTINGS intent
2026-09-18 00:52:46,760 WARNING  src.phase2.apn_setup: apn: save reported no validation error, but 'rakuten.jp' wasn't spotted back on the APN list (soft check only — not treated as a failure; could be scroll position or list truncation)
2026-09-18 00:52:46,760 INFO     src.phase2.apn_setup: apn 'rakuten.jp' configured successfully
2026-09-18 00:52:46,761 INFO     src.orchestration.slot: slot HQ632M1012: reached LOGIN_INSTALL (Phase 2 success condition)
2026-09-18 00:52:49,173 WARNING  src.phase2.apn_setup: apn: save reported no validation error, but 'rakuten.jp' wasn't spotted back on the APN list (soft check only — not treated as a failure; could be scroll position or list truncation)
2026-09-18 00:52:49,173 INFO     src.phase2.apn_setup: apn 'rakuten.jp' configured successfully
2026-09-18 00:52:49,173 INFO     src.orchestration.slot: slot 353681650397052: reached LOGIN_INSTALL (Phase 2 success condition)
2026-09-18 00:52:56,250 WARNING  src.phase2.apn_setup: apn: save reported no validation error, but 'rakuten.jp' wasn't spotted back on the APN list (soft check only — not treated as a failure; could be scroll position or list truncation)
2026-09-18 00:52:56,252 INFO     src.phase2.apn_setup: apn 'rakuten.jp' configured successfully
2026-09-18 00:52:56,252 INFO     src.orchestration.slot: slot HQ63460161: reached LOGIN_INSTALL (Phase 2 success condition)
2026-09-18 00:52:57,039 WARNING  src.phase2.apn_setup: apn: save reported no validation error, but 'rakuten.jp' wasn't spotted back on the APN list (soft check only — not treated as a failure; could be scroll position or list truncation)
2026-09-18 00:52:57,040 INFO     src.phase2.apn_setup: apn 'rakuten.jp' configured successfully
2026-09-18 00:52:57,040 INFO     src.orchestration.slot: slot 352063910272451: reached LOGIN_INSTALL (Phase 2 success condition)
2026-09-18 00:52:57,040 INFO     main_phase2: SUCCESS: device HQ632M1012 reached LOGIN_INSTALL
2026-09-18 00:52:57,040 INFO     main_phase2: SUCCESS: device 353681650397052 reached LOGIN_INSTALL
2026-09-18 00:52:57,040 INFO     main_phase2: SUCCESS: device HQ63460161 reached LOGIN_INSTALL
2026-09-18 00:52:57,040 INFO     main_phase2: SUCCESS: device 352063910272451 reached LOGIN_INSTALL
2026-09-18 02:30:58,243 INFO     main_phase2: loading model profiles from C:\code\android-system\device-redeployment\config\models
2026-09-18 02:30:58,284 INFO     main_phase2: running 4 devices in parallel: 352063910272451:SHG10, 353681650397052:SHG07, HQ632M1012:SOG07, HQ63460161:SOG08
2026-09-18 02:30:58,288 INFO     main_phase2: starting Phase 2 run: serial=352063910272451 model=SHG10 (AQUOS sense7) [skip_wizard]
2026-09-18 02:30:58,288 INFO     main_phase2: starting Phase 2 run: serial=353681650397052 model=SHG07 (AQUOS sense6s) [skip_wizard]
2026-09-18 02:30:58,289 INFO     main_phase2: starting Phase 2 run: serial=HQ632M1012 model=SOG07 (Xperia 10 IV) [skip_wizard]
2026-09-18 02:30:58,289 INFO     main_phase2: starting Phase 2 run: serial=HQ63460161 model=SOG08 (Xperia Ace III) [skip_wizard]
2026-09-18 02:30:59,488 WARNING  src.orchestration.slot: slot 352063910272451: skip_wizard=True - assuming factory reset + the setup wizard were already completed manually (client-decided workflow, 2026-09-17 - the wizard cannot be automated via ADB at all). This skips the check that the device actually finished setup, so a device still mid-wizard when this runs will fail in confusing ways downstream rather than here.
2026-09-18 02:30:59,488 INFO     src.orchestration.slot: slot 352063910272451: connecting wifi
2026-09-18 02:30:59,511 WARNING  src.orchestration.slot: slot HQ63460161: skip_wizard=True - assuming factory reset + the setup wizard were already completed manually (client-decided workflow, 2026-09-17 - the wizard cannot be automated via ADB at all). This skips the check that the device actually finished setup, so a device still mid-wizard when this runs will fail in confusing ways downstream rather than here.
2026-09-18 02:30:59,511 INFO     src.orchestration.slot: slot HQ63460161: connecting wifi
2026-09-18 02:30:59,580 WARNING  src.orchestration.slot: slot HQ632M1012: skip_wizard=True - assuming factory reset + the setup wizard were already completed manually (client-decided workflow, 2026-09-17 - the wizard cannot be automated via ADB at all). This skips the check that the device actually finished setup, so a device still mid-wizard when this runs will fail in confusing ways downstream rather than here.
2026-09-18 02:30:59,580 INFO     src.orchestration.slot: slot HQ632M1012: connecting wifi
2026-09-18 02:30:59,706 WARNING  src.orchestration.slot: slot 353681650397052: skip_wizard=True - assuming factory reset + the setup wizard were already completed manually (client-decided workflow, 2026-09-17 - the wizard cannot be automated via ADB at all). This skips the check that the device actually finished setup, so a device still mid-wizard when this runs will fail in confusing ways downstream rather than here.
2026-09-18 02:30:59,706 INFO     src.orchestration.slot: slot 353681650397052: connecting wifi
2026-09-18 02:31:00,000 INFO     src.phase2.wifi_setup: already connected to 'earth5_1'; nothing to do
2026-09-18 02:31:00,000 INFO     src.orchestration.slot: slot 352063910272451: configuring apn
2026-09-18 02:31:00,071 INFO     src.phase2.wifi_setup: already connected to 'earth5_1'; nothing to do
2026-09-18 02:31:00,071 INFO     src.orchestration.slot: slot HQ63460161: configuring apn
2026-09-18 02:31:00,081 INFO     src.phase2.wifi_setup: already connected to 'earth5_1'; nothing to do
2026-09-18 02:31:00,081 INFO     src.orchestration.slot: slot HQ632M1012: configuring apn
2026-09-18 02:31:00,153 INFO     src.phase2.wifi_setup: already connected to 'earth5_1'; nothing to do
2026-09-18 02:31:00,153 INFO     src.orchestration.slot: slot 353681650397052: configuring apn
2026-09-18 02:31:00,303 INFO     src.phase2.apn_setup: apn: current input method is 'com.google.android.inputmethod.latin/com.android.inputmethod.latin.LatinIME'
2026-09-18 02:31:00,314 INFO     src.phase2.apn_setup: apn: current input method is 'com.google.android.inputmethod.latin/com.android.inputmethod.latin.LatinIME'
2026-09-18 02:31:00,458 INFO     src.phase2.apn_setup: apn: current input method is 'com.google.android.inputmethod.latin/com.android.inputmethod.latin.LatinIME'
2026-09-18 02:31:01,275 INFO     src.phase2.apn_setup: apn: current input method is 'com.google.android.inputmethod.latin/com.android.inputmethod.latin.LatinIME'
2026-09-18 02:31:02,854 INFO     src.phase2.apn_setup: reached APN list via android.settings.APN_SETTINGS intent
2026-09-18 02:31:03,191 INFO     src.phase2.apn_setup: reached APN list via android.settings.APN_SETTINGS intent
2026-09-18 02:31:07,577 ERROR    src.phase2.apn_setup: apn menu navigation failed
2026-09-18 02:31:07,578 ERROR    src.orchestration.slot: slot 353681650397052: run_init_apn failed: apn configuration failed
2026-09-18 02:31:07,578 WARNING  src.orchestration.scheduler: slot 353681650397052: attempt failed (retry 1/3): apn configuration failed
2026-09-18 02:31:08,438 ERROR    src.phase2.apn_setup: apn menu navigation failed
2026-09-18 02:31:08,438 ERROR    src.orchestration.slot: slot 352063910272451: run_init_apn failed: apn configuration failed
2026-09-18 02:31:08,438 WARNING  src.orchestration.scheduler: slot 352063910272451: attempt failed (retry 1/3): apn configuration failed
2026-09-18 02:31:08,748 WARNING  src.orchestration.slot: slot 353681650397052: skip_wizard=True - assuming factory reset + the setup wizard were already completed manually (client-decided workflow, 2026-09-17 - the wizard cannot be automated via ADB at all). This skips the check that the device actually finished setup, so a device still mid-wizard when this runs will fail in confusing ways downstream rather than here.
2026-09-18 02:31:08,748 INFO     src.orchestration.slot: slot 353681650397052: connecting wifi
2026-09-18 02:31:09,180 INFO     src.phase2.wifi_setup: already connected to 'earth5_1'; nothing to do
2026-09-18 02:31:09,180 INFO     src.orchestration.slot: slot 353681650397052: configuring apn
2026-09-18 02:31:09,562 WARNING  src.orchestration.slot: slot 352063910272451: skip_wizard=True - assuming factory reset + the setup wizard were already completed manually (client-decided workflow, 2026-09-17 - the wizard cannot be automated via ADB at all). This skips the check that the device actually finished setup, so a device still mid-wizard when this runs will fail in confusing ways downstream rather than here.
2026-09-18 02:31:09,562 INFO     src.orchestration.slot: slot 352063910272451: connecting wifi
2026-09-18 02:31:09,941 INFO     src.phase2.apn_setup: apn: current input method is 'com.google.android.inputmethod.latin/com.android.inputmethod.latin.LatinIME'
2026-09-18 02:31:10,014 INFO     src.phase2.wifi_setup: already connected to 'earth5_1'; nothing to do
2026-09-18 02:31:10,014 INFO     src.orchestration.slot: slot 352063910272451: configuring apn
2026-09-18 02:31:10,261 INFO     src.phase2.apn_setup: apn: current input method is 'com.google.android.inputmethod.latin/com.android.inputmethod.latin.LatinIME'
2026-09-18 02:31:12,536 ERROR    src.phase2.apn_setup: apn menu navigation failed
2026-09-18 02:31:12,536 ERROR    src.orchestration.slot: slot 353681650397052: run_init_apn failed: apn configuration failed
2026-09-18 02:31:12,536 WARNING  src.orchestration.scheduler: slot 353681650397052: attempt failed (retry 2/3): apn configuration failed
2026-09-18 02:31:12,931 ERROR    src.phase2.apn_setup: apn menu navigation failed
2026-09-18 02:31:12,931 ERROR    src.orchestration.slot: slot 352063910272451: run_init_apn failed: apn configuration failed
2026-09-18 02:31:12,931 WARNING  src.orchestration.scheduler: slot 352063910272451: attempt failed (retry 2/3): apn configuration failed
2026-09-18 02:31:13,714 WARNING  src.orchestration.slot: slot 353681650397052: skip_wizard=True - assuming factory reset + the setup wizard were already completed manually (client-decided workflow, 2026-09-17 - the wizard cannot be automated via ADB at all). This skips the check that the device actually finished setup, so a device still mid-wizard when this runs will fail in confusing ways downstream rather than here.
2026-09-18 02:31:13,714 INFO     src.orchestration.slot: slot 353681650397052: connecting wifi
2026-09-18 02:31:14,105 WARNING  src.orchestration.slot: slot 352063910272451: skip_wizard=True - assuming factory reset + the setup wizard were already completed manually (client-decided workflow, 2026-09-17 - the wizard cannot be automated via ADB at all). This skips the check that the device actually finished setup, so a device still mid-wizard when this runs will fail in confusing ways downstream rather than here.
2026-09-18 02:31:14,105 INFO     src.orchestration.slot: slot 352063910272451: connecting wifi
2026-09-18 02:31:14,122 INFO     src.phase2.wifi_setup: already connected to 'earth5_1'; nothing to do
2026-09-18 02:31:14,122 INFO     src.orchestration.slot: slot 353681650397052: configuring apn
2026-09-18 02:31:14,687 INFO     src.phase2.wifi_setup: already connected to 'earth5_1'; nothing to do
2026-09-18 02:31:14,687 INFO     src.orchestration.slot: slot 352063910272451: configuring apn
2026-09-18 02:31:14,847 INFO     src.phase2.apn_setup: apn: current input method is 'com.google.android.inputmethod.latin/com.android.inputmethod.latin.LatinIME'
2026-09-18 02:31:14,969 INFO     src.phase2.apn_setup: apn: current input method is 'com.google.android.inputmethod.latin/com.android.inputmethod.latin.LatinIME'
2026-09-18 02:31:17,627 ERROR    src.phase2.apn_setup: apn menu navigation failed
2026-09-18 02:31:17,627 ERROR    src.orchestration.slot: slot 352063910272451: run_init_apn failed: apn configuration failed
2026-09-18 02:31:17,627 WARNING  src.orchestration.scheduler: slot 352063910272451: attempt failed (retry 3/3): apn configuration failed
2026-09-18 02:31:18,726 ERROR    src.phase2.apn_setup: apn menu navigation failed
2026-09-18 02:31:18,726 ERROR    src.orchestration.slot: slot 353681650397052: run_init_apn failed: apn configuration failed
2026-09-18 02:31:18,726 WARNING  src.orchestration.scheduler: slot 353681650397052: attempt failed (retry 3/3): apn configuration failed
2026-09-18 02:31:18,802 WARNING  src.orchestration.slot: slot 352063910272451: skip_wizard=True - assuming factory reset + the setup wizard were already completed manually (client-decided workflow, 2026-09-17 - the wizard cannot be automated via ADB at all). This skips the check that the device actually finished setup, so a device still mid-wizard when this runs will fail in confusing ways downstream rather than here.
2026-09-18 02:31:18,802 INFO     src.orchestration.slot: slot 352063910272451: connecting wifi
2026-09-18 02:31:19,328 INFO     src.phase2.wifi_setup: already connected to 'earth5_1'; nothing to do
2026-09-18 02:31:19,328 INFO     src.orchestration.slot: slot 352063910272451: configuring apn
2026-09-18 02:31:19,609 INFO     src.phase2.apn_setup: apn: current input method is 'com.google.android.inputmethod.latin/com.android.inputmethod.latin.LatinIME'
2026-09-18 02:31:19,873 WARNING  src.orchestration.slot: slot 353681650397052: skip_wizard=True - assuming factory reset + the setup wizard were already completed manually (client-decided workflow, 2026-09-17 - the wizard cannot be automated via ADB at all). This skips the check that the device actually finished setup, so a device still mid-wizard when this runs will fail in confusing ways downstream rather than here.
2026-09-18 02:31:19,874 INFO     src.orchestration.slot: slot 353681650397052: connecting wifi
2026-09-18 02:31:20,229 INFO     src.phase2.wifi_setup: already connected to 'earth5_1'; nothing to do
2026-09-18 02:31:20,229 INFO     src.orchestration.slot: slot 353681650397052: configuring apn
2026-09-18 02:31:20,939 INFO     src.phase2.apn_setup: apn: current input method is 'com.google.android.inputmethod.latin/com.android.inputmethod.latin.LatinIME'
2026-09-18 02:31:22,232 ERROR    src.phase2.apn_setup: apn menu navigation failed
2026-09-18 02:31:22,232 ERROR    src.orchestration.slot: slot 352063910272451: run_init_apn failed: apn configuration failed
2026-09-18 02:31:22,233 ERROR    src.orchestration.scheduler: slot 352063910272451: exceeded max_retry (3); escalating. last_error=apn configuration failed
2026-09-18 02:31:23,586 ERROR    src.phase2.apn_setup: apn menu navigation failed
2026-09-18 02:31:23,587 ERROR    src.orchestration.slot: slot 353681650397052: run_init_apn failed: apn configuration failed
2026-09-18 02:31:23,587 ERROR    src.orchestration.scheduler: slot 353681650397052: exceeded max_retry (3); escalating. last_error=apn configuration failed
2026-09-18 02:32:37,733 WARNING  src.phase2.apn_setup: apn: save reported no validation error, but 'rakuten.jp' wasn't spotted back on the APN list (soft check only — not treated as a failure; could be scroll position or list truncation)
2026-09-18 02:32:37,733 INFO     src.phase2.apn_setup: apn 'rakuten.jp' configured successfully
2026-09-18 02:32:37,733 INFO     src.orchestration.slot: slot HQ632M1012: reached LOGIN_INSTALL (Phase 2 success condition)
2026-09-18 02:32:42,745 WARNING  src.phase2.apn_setup: apn: save reported no validation error, but 'rakuten.jp' wasn't spotted back on the APN list (soft check only — not treated as a failure; could be scroll position or list truncation)
2026-09-18 02:32:42,745 INFO     src.phase2.apn_setup: apn 'rakuten.jp' configured successfully
2026-09-18 02:32:42,746 INFO     src.orchestration.slot: slot HQ63460161: reached LOGIN_INSTALL (Phase 2 success condition)
2026-09-18 03:04:45,858 INFO     main_phase2: loading model profiles from C:\code\android-system\device-redeployment\config\models
2026-09-18 03:04:45,901 INFO     main_phase2: running 4 devices in parallel: 352063910272451:SHG10, 353681650397052:SHG07, HQ632M1012:SOG07, HQ63460161:SOG08
2026-09-18 03:04:45,904 INFO     main_phase2: starting Phase 2 run: serial=352063910272451 model=SHG10 (AQUOS sense7) [skip_wizard]
2026-09-18 03:04:45,904 INFO     main_phase2: starting Phase 2 run: serial=353681650397052 model=SHG07 (AQUOS sense6s) [skip_wizard]
2026-09-18 03:04:45,905 INFO     main_phase2: starting Phase 2 run: serial=HQ632M1012 model=SOG07 (Xperia 10 IV) [skip_wizard]
2026-09-18 03:04:45,905 INFO     main_phase2: starting Phase 2 run: serial=HQ63460161 model=SOG08 (Xperia Ace III) [skip_wizard]
2026-09-18 03:04:47,091 WARNING  src.orchestration.slot: slot 352063910272451: skip_wizard=True - assuming factory reset + the setup wizard were already completed manually (client-decided workflow, 2026-09-17 - the wizard cannot be automated via ADB at all). This skips the check that the device actually finished setup, so a device still mid-wizard when this runs will fail in confusing ways downstream rather than here.
2026-09-18 03:04:47,091 INFO     src.orchestration.slot: slot 352063910272451: connecting wifi
2026-09-18 03:04:47,093 WARNING  src.orchestration.slot: slot 353681650397052: skip_wizard=True - assuming factory reset + the setup wizard were already completed manually (client-decided workflow, 2026-09-17 - the wizard cannot be automated via ADB at all). This skips the check that the device actually finished setup, so a device still mid-wizard when this runs will fail in confusing ways downstream rather than here.
2026-09-18 03:04:47,093 INFO     src.orchestration.slot: slot 353681650397052: connecting wifi
2026-09-18 03:04:47,119 WARNING  src.orchestration.slot: slot HQ63460161: skip_wizard=True - assuming factory reset + the setup wizard were already completed manually (client-decided workflow, 2026-09-17 - the wizard cannot be automated via ADB at all). This skips the check that the device actually finished setup, so a device still mid-wizard when this runs will fail in confusing ways downstream rather than here.
2026-09-18 03:04:47,119 WARNING  src.orchestration.slot: slot HQ632M1012: skip_wizard=True - assuming factory reset + the setup wizard were already completed manually (client-decided workflow, 2026-09-17 - the wizard cannot be automated via ADB at all). This skips the check that the device actually finished setup, so a device still mid-wizard when this runs will fail in confusing ways downstream rather than here.
2026-09-18 03:04:47,120 INFO     src.orchestration.slot: slot HQ63460161: connecting wifi
2026-09-18 03:04:47,120 INFO     src.orchestration.slot: slot HQ632M1012: connecting wifi
2026-09-18 03:04:47,512 INFO     src.phase2.wifi_setup: already connected to 'earth5_1'; nothing to do
2026-09-18 03:04:47,512 INFO     src.orchestration.slot: slot 353681650397052: configuring apn
2026-09-18 03:04:47,613 INFO     src.phase2.wifi_setup: already connected to 'earth5_1'; nothing to do
2026-09-18 03:04:47,614 INFO     src.orchestration.slot: slot HQ63460161: configuring apn
2026-09-18 03:04:47,629 INFO     src.phase2.wifi_setup: already connected to 'earth5_1'; nothing to do
2026-09-18 03:04:47,630 INFO     src.phase2.wifi_setup: already connected to 'earth5_1'; nothing to do
2026-09-18 03:04:47,630 INFO     src.orchestration.slot: slot HQ632M1012: configuring apn
2026-09-18 03:04:47,631 INFO     src.orchestration.slot: slot 352063910272451: configuring apn
2026-09-18 03:04:47,914 INFO     src.phase2.apn_setup: apn: current input method is 'com.google.android.inputmethod.latin/com.android.inputmethod.latin.LatinIME'
2026-09-18 03:04:47,934 INFO     src.phase2.apn_setup: apn: current input method is 'com.google.android.inputmethod.latin/com.android.inputmethod.latin.LatinIME'
2026-09-18 03:04:47,934 INFO     src.phase2.apn_setup: apn: current input method is 'com.google.android.inputmethod.latin/com.android.inputmethod.latin.LatinIME'
2026-09-18 03:04:48,322 INFO     src.phase2.apn_setup: apn: current input method is 'com.google.android.inputmethod.latin/com.android.inputmethod.latin.LatinIME'
2026-09-18 03:05:01,395 INFO     src.phase2.apn_setup: reached APN list via the SIM-scoped menu_path
2026-09-18 03:05:01,492 INFO     src.phase2.apn_setup: reached APN list via the SIM-scoped menu_path
2026-09-18 03:05:01,632 INFO     src.phase2.apn_setup: reached APN list via the SIM-scoped menu_path
2026-09-18 03:05:02,370 INFO     src.phase2.apn_setup: reached APN list via the SIM-scoped menu_path
2026-09-18 03:06:31,372 WARNING  src.phase2.apn_setup: apn: save reported no validation error, but 'rakuten.jp' wasn't spotted back on the APN list (soft check only — not treated as a failure; could be scroll position or list truncation)
2026-09-18 03:06:31,372 INFO     src.phase2.apn_setup: apn 'rakuten.jp' configured successfully
2026-09-18 03:06:31,372 INFO     src.orchestration.slot: slot HQ632M1012: reached LOGIN_INSTALL (Phase 2 success condition)
2026-09-18 03:06:34,034 WARNING  src.phase2.apn_setup: apn: save reported no validation error, but 'rakuten.jp' wasn't spotted back on the APN list (soft check only — not treated as a failure; could be scroll position or list truncation)
2026-09-18 03:06:34,035 INFO     src.phase2.apn_setup: apn 'rakuten.jp' configured successfully
2026-09-18 03:06:34,035 INFO     src.orchestration.slot: slot HQ63460161: reached LOGIN_INSTALL (Phase 2 success condition)
2026-09-18 03:06:34,759 WARNING  src.phase2.apn_setup: apn: save reported no validation error, but 'rakuten.jp' wasn't spotted back on the APN list (soft check only — not treated as a failure; could be scroll position or list truncation)
2026-09-18 03:06:34,759 INFO     src.phase2.apn_setup: apn 'rakuten.jp' configured successfully
2026-09-18 03:06:34,759 INFO     src.orchestration.slot: slot 352063910272451: reached LOGIN_INSTALL (Phase 2 success condition)
2026-09-18 03:06:35,549 WARNING  src.phase2.apn_setup: apn: save reported no validation error, but 'rakuten.jp' wasn't spotted back on the APN list (soft check only — not treated as a failure; could be scroll position or list truncation)
2026-09-18 03:06:35,550 INFO     src.phase2.apn_setup: apn 'rakuten.jp' configured successfully
2026-09-18 03:06:35,550 INFO     src.orchestration.slot: slot 353681650397052: reached LOGIN_INSTALL (Phase 2 success condition)
2026-09-18 03:06:35,551 INFO     main_phase2: SUCCESS: device HQ632M1012 reached LOGIN_INSTALL
2026-09-18 03:06:35,551 INFO     main_phase2: SUCCESS: device HQ63460161 reached LOGIN_INSTALL
2026-09-18 03:06:35,551 INFO     main_phase2: SUCCESS: device 352063910272451 reached LOGIN_INSTALL
2026-09-18 03:06:35,552 INFO     main_phase2: SUCCESS: device 353681650397052 reached LOGIN_INSTALL
2026-09-18 11:55:44,326 INFO     main_phase2: loading model profiles from C:\code\android-system\device-redeployment\config\models
2026-09-18 11:55:44,367 INFO     main_phase2: running 4 devices in parallel: 352063910272451:SHG10, 353681650397052:SHG07, HQ632M1012:SOG07, HQ63460161:SOG08
2026-09-18 11:55:44,371 INFO     main_phase2: starting Phase 2 run: serial=352063910272451 model=SHG10 (AQUOS sense7) [skip_wizard]
2026-09-18 11:55:44,371 INFO     main_phase2: starting Phase 2 run: serial=353681650397052 model=SHG07 (AQUOS sense6s) [skip_wizard]
2026-09-18 11:55:44,371 INFO     main_phase2: starting Phase 2 run: serial=HQ632M1012 model=SOG07 (Xperia 10 IV) [skip_wizard]
2026-09-18 11:55:44,372 INFO     main_phase2: starting Phase 2 run: serial=HQ63460161 model=SOG08 (Xperia Ace III) [skip_wizard]
2026-09-18 11:55:45,592 WARNING  src.orchestration.slot: slot 352063910272451: skip_wizard=True - assuming factory reset + the setup wizard were already completed manually (client-decided workflow, 2026-09-17 - the wizard cannot be automated via ADB at all). This skips the check that the device actually finished setup, so a device still mid-wizard when this runs will fail in confusing ways downstream rather than here.
2026-09-18 11:55:45,592 INFO     src.orchestration.slot: slot 352063910272451: connecting wifi
2026-09-18 11:55:45,679 WARNING  src.orchestration.slot: slot HQ63460161: skip_wizard=True - assuming factory reset + the setup wizard were already completed manually (client-decided workflow, 2026-09-17 - the wizard cannot be automated via ADB at all). This skips the check that the device actually finished setup, so a device still mid-wizard when this runs will fail in confusing ways downstream rather than here.
2026-09-18 11:55:45,679 INFO     src.orchestration.slot: slot HQ63460161: connecting wifi
2026-09-18 11:55:46,121 INFO     src.phase2.wifi_setup: already connected to 'earth5_1'; nothing to do
2026-09-18 11:55:46,121 INFO     src.orchestration.slot: slot 352063910272451: configuring apn
2026-09-18 11:55:46,293 INFO     src.phase2.wifi_setup: already connected to 'earth5_1'; nothing to do
2026-09-18 11:55:46,293 INFO     src.orchestration.slot: slot HQ63460161: configuring apn
2026-09-18 11:55:46,357 WARNING  src.orchestration.slot: slot 353681650397052: skip_wizard=True - assuming factory reset + the setup wizard were already completed manually (client-decided workflow, 2026-09-17 - the wizard cannot be automated via ADB at all). This skips the check that the device actually finished setup, so a device still mid-wizard when this runs will fail in confusing ways downstream rather than here.
2026-09-18 11:55:46,358 INFO     src.orchestration.slot: slot 353681650397052: connecting wifi
2026-09-18 11:55:46,382 INFO     src.phase2.apn_setup: apn: current input method is 'com.google.android.inputmethod.latin/com.android.inputmethod.latin.LatinIME'
2026-09-18 11:55:46,391 WARNING  src.orchestration.slot: slot HQ632M1012: skip_wizard=True - assuming factory reset + the setup wizard were already completed manually (client-decided workflow, 2026-09-17 - the wizard cannot be automated via ADB at all). This skips the check that the device actually finished setup, so a device still mid-wizard when this runs will fail in confusing ways downstream rather than here.
2026-09-18 11:55:46,391 INFO     src.orchestration.slot: slot HQ632M1012: connecting wifi
2026-09-18 11:55:46,790 INFO     src.phase2.apn_setup: apn: current input method is 'com.google.android.inputmethod.latin/com.android.inputmethod.latin.LatinIME'
2026-09-18 11:55:46,893 INFO     src.phase2.wifi_setup: already connected to 'earth5_1'; nothing to do
2026-09-18 11:55:46,893 INFO     src.orchestration.slot: slot 353681650397052: configuring apn
2026-09-18 11:55:46,920 INFO     src.phase2.wifi_setup: already connected to 'earth5_1'; nothing to do
2026-09-18 11:55:46,920 INFO     src.orchestration.slot: slot HQ632M1012: configuring apn
2026-09-18 11:55:47,267 INFO     src.phase2.apn_setup: apn: current input method is 'com.google.android.inputmethod.latin/com.android.inputmethod.latin.LatinIME'
2026-09-18 11:55:47,988 INFO     src.phase2.apn_setup: apn: current input method is 'com.google.android.inputmethod.latin/com.android.inputmethod.latin.LatinIME'
2026-09-18 11:55:59,505 INFO     src.phase2.apn_setup: reached APN list via the SIM-scoped menu_path
2026-09-18 11:56:00,240 INFO     src.phase2.apn_setup: reached APN list via the SIM-scoped menu_path
2026-09-18 11:56:01,496 INFO     src.phase2.apn_setup: reached APN list via the SIM-scoped menu_path
2026-09-18 11:56:01,955 INFO     src.phase2.apn_setup: reached APN list via the SIM-scoped menu_path
2026-09-18 11:57:42,378 INFO     src.phase2.apn_setup: reached APN list via the SIM-scoped menu_path
2026-09-18 11:57:42,508 INFO     src.phase2.apn_setup: reached APN list via the SIM-scoped menu_path
2026-09-18 11:57:43,466 INFO     src.phase2.apn_setup: reached APN list via the SIM-scoped menu_path
2026-09-18 11:57:44,683 INFO     src.phase2.apn_setup: reached APN list via the SIM-scoped menu_path
2026-09-18 11:57:44,816 WARNING  src.phase2.apn_setup: apn: save reported no validation error, but 'rakuten.jp' wasn't spotted back on the APN list (soft check only — not treated as a failure; could be scroll position or list truncation)
2026-09-18 11:57:44,817 INFO     src.phase2.apn_setup: apn 'rakuten.jp' configured successfully
2026-09-18 11:57:44,817 INFO     src.orchestration.slot: slot HQ632M1012: reached LOGIN_INSTALL (Phase 2 success condition)
2026-09-18 11:57:44,920 WARNING  src.phase2.apn_setup: apn: save reported no validation error, but 'rakuten.jp' wasn't spotted back on the APN list (soft check only — not treated as a failure; could be scroll position or list truncation)
2026-09-18 11:57:44,921 INFO     src.phase2.apn_setup: apn 'rakuten.jp' configured successfully
2026-09-18 11:57:44,921 INFO     src.orchestration.slot: slot 352063910272451: reached LOGIN_INSTALL (Phase 2 success condition)
2026-09-18 11:57:45,944 WARNING  src.phase2.apn_setup: apn: save reported no validation error, but 'rakuten.jp' wasn't spotted back on the APN list (soft check only — not treated as a failure; could be scroll position or list truncation)
2026-09-18 11:57:45,944 INFO     src.phase2.apn_setup: apn 'rakuten.jp' configured successfully
2026-09-18 11:57:45,945 INFO     src.orchestration.slot: slot 353681650397052: reached LOGIN_INSTALL (Phase 2 success condition)
2026-09-18 11:57:47,137 WARNING  src.phase2.apn_setup: apn: save reported no validation error, but 'rakuten.jp' wasn't spotted back on the APN list (soft check only — not treated as a failure; could be scroll position or list truncation)
2026-09-18 11:57:47,137 INFO     src.phase2.apn_setup: apn 'rakuten.jp' configured successfully
2026-09-18 11:57:47,138 INFO     src.orchestration.slot: slot HQ63460161: reached LOGIN_INSTALL (Phase 2 success condition)
2026-09-18 11:57:47,138 INFO     main_phase2: SUCCESS: device HQ632M1012 reached LOGIN_INSTALL
2026-09-18 11:57:47,138 INFO     main_phase2: SUCCESS: device 352063910272451 reached LOGIN_INSTALL
2026-09-18 11:57:47,138 INFO     main_phase2: SUCCESS: device 353681650397052 reached LOGIN_INSTALL
2026-09-18 11:57:47,139 INFO     main_phase2: SUCCESS: device HQ63460161 reached LOGIN_INSTALL
2026-09-18 14:48:18,226 INFO     main_phase2: loading model profiles from C:\code\android-system\device-redeployment\config\models
2026-09-18 14:48:18,267 INFO     main_phase2: running 4 devices in parallel: 352063910272451:SHG10, 353681650397052:SHG07, HQ632M1012:SOG07, HQ63460161:SOG08
2026-09-18 14:48:18,271 INFO     main_phase2: starting Phase 2 run: serial=352063910272451 model=SHG10 (AQUOS sense7) [skip_wizard]
2026-09-18 14:48:18,272 INFO     main_phase2: starting Phase 2 run: serial=353681650397052 model=SHG07 (AQUOS sense6s) [skip_wizard]
2026-09-18 14:48:18,272 INFO     main_phase2: starting Phase 2 run: serial=HQ632M1012 model=SOG07 (Xperia 10 IV) [skip_wizard]
2026-09-18 14:48:18,273 INFO     main_phase2: starting Phase 2 run: serial=HQ63460161 model=SOG08 (Xperia Ace III) [skip_wizard]
2026-09-18 14:48:19,449 WARNING  src.orchestration.slot: slot 352063910272451: skip_wizard=True - assuming factory reset + the setup wizard were already completed manually (client-decided workflow, 2026-09-17 - the wizard cannot be automated via ADB at all). This skips the check that the device actually finished setup, so a device still mid-wizard when this runs will fail in confusing ways downstream rather than here.
2026-09-18 14:48:19,449 INFO     src.orchestration.slot: slot 352063910272451: connecting wifi
2026-09-18 14:48:19,534 WARNING  src.orchestration.slot: slot HQ63460161: skip_wizard=True - assuming factory reset + the setup wizard were already completed manually (client-decided workflow, 2026-09-17 - the wizard cannot be automated via ADB at all). This skips the check that the device actually finished setup, so a device still mid-wizard when this runs will fail in confusing ways downstream rather than here.
2026-09-18 14:48:19,534 INFO     src.orchestration.slot: slot HQ63460161: connecting wifi
2026-09-18 14:48:19,975 INFO     src.phase2.wifi_setup: already connected to 'earth5_1'; nothing to do
2026-09-18 14:48:19,976 INFO     src.orchestration.slot: slot 352063910272451: configuring apn
2026-09-18 14:48:19,985 WARNING  src.orchestration.slot: slot 353681650397052: skip_wizard=True - assuming factory reset + the setup wizard were already completed manually (client-decided workflow, 2026-09-17 - the wizard cannot be automated via ADB at all). This skips the check that the device actually finished setup, so a device still mid-wizard when this runs will fail in confusing ways downstream rather than here.
2026-09-18 14:48:19,986 INFO     src.orchestration.slot: slot 353681650397052: connecting wifi
2026-09-18 14:48:20,129 INFO     src.phase2.wifi_setup: already connected to 'earth5_1'; nothing to do
2026-09-18 14:48:20,130 INFO     src.orchestration.slot: slot HQ63460161: configuring apn
2026-09-18 14:48:20,257 INFO     src.phase2.apn_setup: apn: current input method is 'com.google.android.inputmethod.latin/com.android.inputmethod.latin.LatinIME'
2026-09-18 14:48:20,472 INFO     src.phase2.wifi_setup: already connected to 'earth5_1'; nothing to do
2026-09-18 14:48:20,473 INFO     src.orchestration.slot: slot 353681650397052: configuring apn
2026-09-18 14:48:20,499 WARNING  src.orchestration.slot: slot HQ632M1012: skip_wizard=True - assuming factory reset + the setup wizard were already completed manually (client-decided workflow, 2026-09-17 - the wizard cannot be automated via ADB at all). This skips the check that the device actually finished setup, so a device still mid-wizard when this runs will fail in confusing ways downstream rather than here.
2026-09-18 14:48:20,499 INFO     src.orchestration.slot: slot HQ632M1012: connecting wifi
2026-09-18 14:48:20,622 INFO     src.phase2.apn_setup: apn: current input method is 'com.google.android.inputmethod.latin/com.android.inputmethod.latin.LatinIME'
2026-09-18 14:48:21,071 INFO     src.phase2.wifi_setup: already connected to 'earth5_1'; nothing to do
2026-09-18 14:48:21,071 INFO     src.orchestration.slot: slot HQ632M1012: configuring apn
2026-09-18 14:48:21,457 INFO     src.phase2.apn_setup: apn: current input method is 'com.google.android.inputmethod.latin/com.android.inputmethod.latin.LatinIME'
2026-09-18 14:48:21,526 INFO     src.phase2.apn_setup: apn: current input method is 'com.google.android.inputmethod.latin/com.android.inputmethod.latin.LatinIME'
2026-09-18 14:48:32,191 INFO     src.phase2.apn_setup: reached APN list via the SIM-scoped menu_path
2026-09-18 14:48:32,880 INFO     src.phase2.apn_setup: reached APN list via the SIM-scoped menu_path
2026-09-18 14:48:33,135 INFO     src.phase2.apn_setup: reached APN list via the SIM-scoped menu_path
2026-09-18 14:48:35,910 INFO     src.phase2.apn_setup: reached APN list via the SIM-scoped menu_path
2026-09-18 14:50:14,475 INFO     src.phase2.apn_setup: reached APN list via the SIM-scoped menu_path
2026-09-18 14:50:15,874 INFO     src.phase2.apn_setup: reached APN list via the SIM-scoped menu_path
2026-09-18 14:50:16,657 INFO     src.phase2.apn_setup: reached APN list via the SIM-scoped menu_path
2026-09-18 14:50:16,898 WARNING  src.phase2.apn_setup: apn: save reported no validation error, but 'rakuten.jp' wasn't spotted back on the APN list (soft check only — not treated as a failure; could be scroll position or list truncation)
2026-09-18 14:50:16,898 INFO     src.phase2.apn_setup: apn 'rakuten.jp' configured successfully
2026-09-18 14:50:16,898 INFO     src.orchestration.slot: slot HQ632M1012: reached LOGIN_INSTALL (Phase 2 success condition)
2026-09-18 14:50:18,311 WARNING  src.phase2.apn_setup: apn: save reported no validation error, but 'rakuten.jp' wasn't spotted back on the APN list (soft check only — not treated as a failure; could be scroll position or list truncation)
2026-09-18 14:50:18,311 INFO     src.phase2.apn_setup: apn 'rakuten.jp' configured successfully
2026-09-18 14:50:18,311 INFO     src.orchestration.slot: slot 352063910272451: reached LOGIN_INSTALL (Phase 2 success condition)
2026-09-18 14:50:19,113 WARNING  src.phase2.apn_setup: apn: save reported no validation error, but 'rakuten.jp' wasn't spotted back on the APN list (soft check only — not treated as a failure; could be scroll position or list truncation)
2026-09-18 14:50:19,113 INFO     src.phase2.apn_setup: apn 'rakuten.jp' configured successfully
2026-09-18 14:50:19,113 INFO     src.orchestration.slot: slot 353681650397052: reached LOGIN_INSTALL (Phase 2 success condition)
2026-09-18 14:50:19,509 INFO     src.phase2.apn_setup: reached APN list via the SIM-scoped menu_path
2026-09-18 14:50:21,967 WARNING  src.phase2.apn_setup: apn: save reported no validation error, but 'rakuten.jp' wasn't spotted back on the APN list (soft check only — not treated as a failure; could be scroll position or list truncation)
2026-09-18 14:50:21,967 INFO     src.phase2.apn_setup: apn 'rakuten.jp' configured successfully
2026-09-18 14:50:21,967 INFO     src.orchestration.slot: slot HQ63460161: reached LOGIN_INSTALL (Phase 2 success condition)
2026-09-18 14:50:21,967 INFO     main_phase2: SUCCESS: device HQ632M1012 reached LOGIN_INSTALL
2026-09-18 14:50:21,968 INFO     main_phase2: SUCCESS: device 352063910272451 reached LOGIN_INSTALL
2026-09-18 14:50:21,968 INFO     main_phase2: SUCCESS: device 353681650397052 reached LOGIN_INSTALL
2026-09-18 14:50:21,968 INFO     main_phase2: SUCCESS: device HQ63460161 reached LOGIN_INSTALL
2026-09-18 19:01:56,037 INFO     main_phase2: --max-retries override: using 0 instead of config's default
2026-09-18 19:01:56,037 INFO     main_phase2: loading model profiles from C:\code\android-system\device-redeployment\config\models
2026-09-18 19:01:56,080 INFO     main_phase2: starting Phase 2 run: serial=HQ632M1012 model=SOG07 (Xperia 10 IV) [skip_wizard]
2026-09-18 19:01:58,486 WARNING  src.orchestration.slot: slot HQ632M1012: skip_wizard=True - assuming factory reset + the setup wizard were already completed manually (client-decided workflow, 2026-09-17 - the wizard cannot be automated via ADB at all). This skips the check that the device actually finished setup, so a device still mid-wizard when this runs will fail in confusing ways downstream rather than here.
2026-09-18 19:01:58,486 INFO     src.orchestration.slot: slot HQ632M1012: connecting wifi
2026-09-18 19:01:59,036 INFO     src.phase2.wifi_setup: already connected to 'earth5_1'; nothing to do
2026-09-18 19:01:59,037 INFO     src.orchestration.slot: slot HQ632M1012: configuring apn
2026-09-18 19:01:59,351 INFO     src.phase2.apn_setup: apn: current input method is 'com.google.android.inputmethod.latin/com.android.inputmethod.latin.LatinIME'
2026-09-18 19:02:02,086 ERROR    src.phase2.apn_setup: apn menu navigation failed
2026-09-18 19:02:02,087 ERROR    src.orchestration.slot: slot HQ632M1012: run_init_apn failed: apn configuration failed
2026-09-18 19:02:02,087 ERROR    src.orchestration.scheduler: slot HQ632M1012: exceeded max_retry (0); escalating. last_error=apn configuration failed
2026-09-18 19:02:02,087 ERROR    main_phase2: FAILED: device HQ632M1012 ended in state ESCALATED (last_error=apn configuration failed)
2026-09-18 19:02:13,298 INFO     main_phase2: --max-retries override: using 0 instead of config's default
2026-09-18 19:02:13,299 INFO     main_phase2: loading model profiles from C:\code\android-system\device-redeployment\config\models
2026-09-18 19:02:13,342 INFO     main_phase2: starting Phase 2 run: serial=HQ632M1012 model=SOG07 (Xperia 10 IV) [skip_wizard]
2026-09-18 19:02:14,539 WARNING  src.orchestration.slot: slot HQ632M1012: skip_wizard=True - assuming factory reset + the setup wizard were already completed manually (client-decided workflow, 2026-09-17 - the wizard cannot be automated via ADB at all). This skips the check that the device actually finished setup, so a device still mid-wizard when this runs will fail in confusing ways downstream rather than here.
2026-09-18 19:02:14,540 INFO     src.orchestration.slot: slot HQ632M1012: connecting wifi
2026-09-18 19:02:15,051 INFO     src.phase2.wifi_setup: already connected to 'earth5_1'; nothing to do
2026-09-18 19:02:15,051 INFO     src.orchestration.slot: slot HQ632M1012: configuring apn
2026-09-18 19:02:15,331 INFO     src.phase2.apn_setup: apn: current input method is 'com.google.android.inputmethod.latin/com.android.inputmethod.latin.LatinIME'
2026-09-18 19:02:28,961 INFO     src.phase2.apn_setup: reached APN list via the SIM-scoped menu_path
2026-09-18 19:03:57,392 WARNING  src.phase2.apn_setup: apn: save reported no validation error, but 'rakuten.jp' wasn't spotted back on the APN list (soft check only — not treated as a failure; could be scroll position or list truncation)
2026-09-18 19:03:57,392 INFO     src.phase2.apn_setup: apn 'rakuten.jp' configured successfully
2026-09-18 19:03:57,393 INFO     src.orchestration.slot: slot HQ632M1012: reached LOGIN_INSTALL (Phase 2 success condition)
2026-09-18 19:03:57,393 INFO     main_phase2: SUCCESS: device HQ632M1012 reached LOGIN_INSTALL
2026-09-18 19:20:51,897 INFO     main_phase2: --max-retries override: using 0 instead of config's default
2026-09-18 19:20:51,897 INFO     main_phase2: loading model profiles from C:\code\android-system\device-redeployment\config\models
2026-09-18 19:20:51,939 INFO     main_phase2: starting Phase 2 run: serial=HQ632M1012 model=SOG07 (Xperia 10 IV) [skip_wizard]
2026-09-18 19:20:53,095 WARNING  src.orchestration.slot: slot HQ632M1012: skip_wizard=True - assuming factory reset + the setup wizard were already completed manually (client-decided workflow, 2026-09-17 - the wizard cannot be automated via ADB at all). This skips the check that the device actually finished setup, so a device still mid-wizard when this runs will fail in confusing ways downstream rather than here.
2026-09-18 19:20:53,095 INFO     src.orchestration.slot: slot HQ632M1012: connecting wifi
2026-09-18 19:20:53,563 INFO     src.phase2.wifi_setup: already connected to 'earth5_1'; nothing to do
2026-09-18 19:20:53,563 INFO     src.orchestration.slot: slot HQ632M1012: configuring apn
2026-09-18 19:20:53,831 INFO     src.phase2.apn_setup: apn: current input method is 'com.google.android.inputmethod.latin/com.android.inputmethod.latin.LatinIME'
2026-09-18 19:21:05,492 INFO     src.phase2.apn_setup: reached APN list via the SIM-scoped menu_path
2026-09-18 19:22:35,181 WARNING  src.phase2.apn_setup: apn: save reported no validation error, but 'rakuten.jp' wasn't spotted back on the APN list (soft check only — not treated as a failure; could be scroll position or list truncation)
2026-09-18 19:22:35,182 INFO     src.phase2.apn_setup: apn 'rakuten.jp' configured successfully
2026-09-18 19:22:35,182 INFO     src.orchestration.slot: slot HQ632M1012: reached LOGIN_INSTALL (Phase 2 success condition)
2026-09-18 19:22:35,182 INFO     main_phase2: SUCCESS: device HQ632M1012 reached LOGIN_INSTALL
2026-09-18 22:33:16,900 INFO     main_phase2: loading model profiles from C:\code\android-system\device-redeployment\config\models
2026-09-18 22:33:16,942 INFO     main_phase2: running 4 devices in parallel: 352063910272451:SHG10, 353681650397052:SHG07, HQ632M1012:SOG07, HQ63460161:SOG08
2026-09-18 22:33:16,945 INFO     main_phase2: starting Phase 2 run: serial=352063910272451 model=SHG10 (AQUOS sense7) [skip_wizard]
2026-09-18 22:33:16,946 INFO     main_phase2: starting Phase 2 run: serial=353681650397052 model=SHG07 (AQUOS sense6s) [skip_wizard]
2026-09-18 22:33:16,946 INFO     main_phase2: starting Phase 2 run: serial=HQ632M1012 model=SOG07 (Xperia 10 IV) [skip_wizard]
2026-09-18 22:33:16,946 INFO     main_phase2: starting Phase 2 run: serial=HQ63460161 model=SOG08 (Xperia Ace III) [skip_wizard]
2026-09-18 22:33:18,215 WARNING  src.orchestration.slot: slot 352063910272451: skip_wizard=True - assuming factory reset + the setup wizard were already completed manually (client-decided workflow, 2026-09-17 - the wizard cannot be automated via ADB at all). This skips the check that the device actually finished setup, so a device still mid-wizard when this runs will fail in confusing ways downstream rather than here.
2026-09-18 22:33:18,215 INFO     src.orchestration.slot: slot 352063910272451: connecting wifi
2026-09-18 22:33:18,429 WARNING  src.orchestration.slot: slot HQ632M1012: skip_wizard=True - assuming factory reset + the setup wizard were already completed manually (client-decided workflow, 2026-09-17 - the wizard cannot be automated via ADB at all). This skips the check that the device actually finished setup, so a device still mid-wizard when this runs will fail in confusing ways downstream rather than here.
2026-09-18 22:33:18,430 INFO     src.orchestration.slot: slot HQ632M1012: connecting wifi
2026-09-18 22:33:18,706 WARNING  src.orchestration.slot: slot 353681650397052: skip_wizard=True - assuming factory reset + the setup wizard were already completed manually (client-decided workflow, 2026-09-17 - the wizard cannot be automated via ADB at all). This skips the check that the device actually finished setup, so a device still mid-wizard when this runs will fail in confusing ways downstream rather than here.
2026-09-18 22:33:18,706 INFO     src.orchestration.slot: slot 353681650397052: connecting wifi
2026-09-18 22:33:18,763 INFO     src.phase2.wifi_setup: already connected to 'earth5_1'; nothing to do
2026-09-18 22:33:18,763 INFO     src.orchestration.slot: slot 352063910272451: configuring apn
2026-09-18 22:33:18,991 INFO     src.phase2.wifi_setup: already connected to 'earth5_1'; nothing to do
2026-09-18 22:33:18,991 INFO     src.orchestration.slot: slot HQ632M1012: configuring apn
2026-09-18 22:33:19,082 INFO     src.phase2.apn_setup: apn: current input method is 'com.google.android.inputmethod.latin/com.android.inputmethod.latin.LatinIME'
2026-09-18 22:33:19,112 WARNING  src.orchestration.slot: slot HQ63460161: skip_wizard=True - assuming factory reset + the setup wizard were already completed manually (client-decided workflow, 2026-09-17 - the wizard cannot be automated via ADB at all). This skips the check that the device actually finished setup, so a device still mid-wizard when this runs will fail in confusing ways downstream rather than here.
2026-09-18 22:33:19,112 INFO     src.orchestration.slot: slot HQ63460161: connecting wifi
2026-09-18 22:33:19,188 INFO     src.phase2.wifi_setup: already connected to 'earth5_1'; nothing to do
2026-09-18 22:33:19,189 INFO     src.orchestration.slot: slot 353681650397052: configuring apn
2026-09-18 22:33:19,306 INFO     src.phase2.apn_setup: apn: current input method is 'com.google.android.inputmethod.latin/com.android.inputmethod.latin.LatinIME'
2026-09-18 22:33:19,681 INFO     src.phase2.wifi_setup: already connected to 'earth5_1'; nothing to do
2026-09-18 22:33:19,682 INFO     src.orchestration.slot: slot HQ63460161: configuring apn
2026-09-18 22:33:19,778 INFO     src.phase2.apn_setup: apn: current input method is 'com.google.android.inputmethod.latin/com.android.inputmethod.latin.LatinIME'
2026-09-18 22:33:20,413 INFO     src.phase2.apn_setup: apn: current input method is 'com.google.android.inputmethod.latin/com.android.inputmethod.latin.LatinIME'
2026-09-18 22:33:22,031 ERROR    src.phase2.apn_setup: apn menu navigation failed
2026-09-18 22:33:22,031 ERROR    src.orchestration.slot: slot HQ632M1012: run_init_apn failed: apn configuration failed
2026-09-18 22:33:22,031 WARNING  src.orchestration.scheduler: slot HQ632M1012: attempt failed (retry 1/3): apn configuration failed
2026-09-18 22:33:22,610 ERROR    src.orchestration.slot: slot HQ63460161: run_init_apn failed: refusing to tap: current screen contains the USB-debugging disable notification (matched '無効にするにはここをタップ' in the dump). A mistargeted tap here would disable ADB and strand the device. Clear the notification shade before retrying — see docs/record.md, 'UI hazard' section.
2026-09-18 22:33:22,610 WARNING  src.orchestration.scheduler: slot HQ63460161: attempt failed (retry 1/3): refusing to tap: current screen contains the USB-debugging disable notification (matched '無効にするにはここをタップ' in the dump). A mistargeted tap here would disable ADB and strand the device. Clear the notification shade before retrying — see docs/record.md, 'UI hazard' section.
2026-09-18 22:33:23,216 ERROR    src.phase2.apn_setup: apn menu navigation failed
2026-09-18 22:33:23,216 ERROR    src.orchestration.slot: slot 353681650397052: run_init_apn failed: apn configuration failed
2026-09-18 22:33:23,216 WARNING  src.orchestration.scheduler: slot 353681650397052: attempt failed (retry 1/3): apn configuration failed
2026-09-18 22:33:23,295 WARNING  src.orchestration.slot: slot HQ632M1012: skip_wizard=True - assuming factory reset + the setup wizard were already completed manually (client-decided workflow, 2026-09-17 - the wizard cannot be automated via ADB at all). This skips the check that the device actually finished setup, so a device still mid-wizard when this runs will fail in confusing ways downstream rather than here.
2026-09-18 22:33:23,295 INFO     src.orchestration.slot: slot HQ632M1012: connecting wifi
2026-09-18 22:33:23,780 INFO     src.phase2.wifi_setup: already connected to 'earth5_1'; nothing to do
2026-09-18 22:33:23,780 INFO     src.orchestration.slot: slot HQ632M1012: configuring apn
2026-09-18 22:33:23,807 WARNING  src.orchestration.slot: slot HQ63460161: skip_wizard=True - assuming factory reset + the setup wizard were already completed manually (client-decided workflow, 2026-09-17 - the wizard cannot be automated via ADB at all). This skips the check that the device actually finished setup, so a device still mid-wizard when this runs will fail in confusing ways downstream rather than here.
2026-09-18 22:33:23,807 INFO     src.orchestration.slot: slot HQ63460161: connecting wifi
2026-09-18 22:33:24,012 INFO     src.phase2.apn_setup: apn: current input method is 'com.google.android.inputmethod.latin/com.android.inputmethod.latin.LatinIME'
2026-09-18 22:33:24,227 INFO     src.phase2.wifi_setup: already connected to 'earth5_1'; nothing to do
2026-09-18 22:33:24,227 INFO     src.orchestration.slot: slot HQ63460161: configuring apn
2026-09-18 22:33:24,329 INFO     src.phase2.apn_setup: apn: current input method is 'com.google.android.inputmethod.latin/com.android.inputmethod.latin.LatinIME'
2026-09-18 22:33:24,380 WARNING  src.orchestration.slot: slot 353681650397052: skip_wizard=True - assuming factory reset + the setup wizard were already completed manually (client-decided workflow, 2026-09-17 - the wizard cannot be automated via ADB at all). This skips the check that the device actually finished setup, so a device still mid-wizard when this runs will fail in confusing ways downstream rather than here.
2026-09-18 22:33:24,380 INFO     src.orchestration.slot: slot 353681650397052: connecting wifi
2026-09-18 22:33:24,794 INFO     src.phase2.wifi_setup: already connected to 'earth5_1'; nothing to do
2026-09-18 22:33:24,794 INFO     src.orchestration.slot: slot 353681650397052: configuring apn
2026-09-18 22:33:25,490 INFO     src.phase2.apn_setup: apn: current input method is 'com.google.android.inputmethod.latin/com.android.inputmethod.latin.LatinIME'
2026-09-18 22:33:26,600 ERROR    src.phase2.apn_setup: apn menu navigation failed
2026-09-18 22:33:26,600 ERROR    src.orchestration.slot: slot HQ632M1012: run_init_apn failed: apn configuration failed
2026-09-18 22:33:26,600 WARNING  src.orchestration.scheduler: slot HQ632M1012: attempt failed (retry 2/3): apn configuration failed
2026-09-18 22:33:26,971 ERROR    src.orchestration.slot: slot HQ63460161: run_init_apn failed: refusing to tap: current screen contains the USB-debugging disable notification (matched '無効にするにはここをタップ' in the dump). A mistargeted tap here would disable ADB and strand the device. Clear the notification shade before retrying — see docs/record.md, 'UI hazard' section.
2026-09-18 22:33:26,972 WARNING  src.orchestration.scheduler: slot HQ63460161: attempt failed (retry 2/3): refusing to tap: current screen contains the USB-debugging disable notification (matched '無効にするにはここをタップ' in the dump). A mistargeted tap here would disable ADB and strand the device. Clear the notification shade before retrying — see docs/record.md, 'UI hazard' section.
2026-09-18 22:33:27,794 WARNING  src.orchestration.slot: slot HQ632M1012: skip_wizard=True - assuming factory reset + the setup wizard were already completed manually (client-decided workflow, 2026-09-17 - the wizard cannot be automated via ADB at all). This skips the check that the device actually finished setup, so a device still mid-wizard when this runs will fail in confusing ways downstream rather than here.
2026-09-18 22:33:27,794 INFO     src.orchestration.slot: slot HQ632M1012: connecting wifi
2026-09-18 22:33:28,150 WARNING  src.orchestration.slot: slot HQ63460161: skip_wizard=True - assuming factory reset + the setup wizard were already completed manually (client-decided workflow, 2026-09-17 - the wizard cannot be automated via ADB at all). This skips the check that the device actually finished setup, so a device still mid-wizard when this runs will fail in confusing ways downstream rather than here.
2026-09-18 22:33:28,150 INFO     src.orchestration.slot: slot HQ63460161: connecting wifi
2026-09-18 22:33:28,311 INFO     src.phase2.wifi_setup: already connected to 'earth5_1'; nothing to do
2026-09-18 22:33:28,313 INFO     src.orchestration.slot: slot HQ632M1012: configuring apn
2026-09-18 22:33:28,410 ERROR    src.phase2.apn_setup: apn menu navigation failed
2026-09-18 22:33:28,410 ERROR    src.orchestration.slot: slot 353681650397052: run_init_apn failed: apn configuration failed
2026-09-18 22:33:28,410 WARNING  src.orchestration.scheduler: slot 353681650397052: attempt failed (retry 2/3): apn configuration failed
2026-09-18 22:33:28,572 INFO     src.phase2.apn_setup: apn: current input method is 'com.google.android.inputmethod.latin/com.android.inputmethod.latin.LatinIME'
2026-09-18 22:33:28,572 INFO     src.phase2.wifi_setup: already connected to 'earth5_1'; nothing to do
2026-09-18 22:33:28,573 INFO     src.orchestration.slot: slot HQ63460161: configuring apn
2026-09-18 22:33:28,684 INFO     src.phase2.apn_setup: apn: current input method is 'com.google.android.inputmethod.latin/com.android.inputmethod.latin.LatinIME'
2026-09-18 22:33:29,565 WARNING  src.orchestration.slot: slot 353681650397052: skip_wizard=True - assuming factory reset + the setup wizard were already completed manually (client-decided workflow, 2026-09-17 - the wizard cannot be automated via ADB at all). This skips the check that the device actually finished setup, so a device still mid-wizard when this runs will fail in confusing ways downstream rather than here.
2026-09-18 22:33:29,565 INFO     src.orchestration.slot: slot 353681650397052: connecting wifi
2026-09-18 22:33:29,975 INFO     src.phase2.wifi_setup: already connected to 'earth5_1'; nothing to do
2026-09-18 22:33:29,975 INFO     src.orchestration.slot: slot 353681650397052: configuring apn
2026-09-18 22:33:30,694 INFO     src.phase2.apn_setup: apn: current input method is 'com.google.android.inputmethod.latin/com.android.inputmethod.latin.LatinIME'
2026-09-18 22:33:31,204 ERROR    src.phase2.apn_setup: apn menu navigation failed
2026-09-18 22:33:31,204 ERROR    src.orchestration.slot: slot HQ632M1012: run_init_apn failed: apn configuration failed
2026-09-18 22:33:31,205 WARNING  src.orchestration.scheduler: slot HQ632M1012: attempt failed (retry 3/3): apn configuration failed
2026-09-18 22:33:31,444 ERROR    src.orchestration.slot: slot HQ63460161: run_init_apn failed: refusing to tap: current screen contains the USB-debugging disable notification (matched '無効にするにはここをタップ' in the dump). A mistargeted tap here would disable ADB and strand the device. Clear the notification shade before retrying — see docs/record.md, 'UI hazard' section.
2026-09-18 22:33:31,444 WARNING  src.orchestration.scheduler: slot HQ63460161: attempt failed (retry 3/3): refusing to tap: current screen contains the USB-debugging disable notification (matched '無効にするにはここをタップ' in the dump). A mistargeted tap here would disable ADB and strand the device. Clear the notification shade before retrying — see docs/record.md, 'UI hazard' section.
2026-09-18 22:33:32,421 WARNING  src.orchestration.slot: slot HQ632M1012: skip_wizard=True - assuming factory reset + the setup wizard were already completed manually (client-decided workflow, 2026-09-17 - the wizard cannot be automated via ADB at all). This skips the check that the device actually finished setup, so a device still mid-wizard when this runs will fail in confusing ways downstream rather than here.
2026-09-18 22:33:32,421 INFO     src.orchestration.slot: slot HQ632M1012: connecting wifi
2026-09-18 22:33:32,456 INFO     src.phase2.apn_setup: reached APN list via the SIM-scoped menu_path
2026-09-18 22:33:32,660 WARNING  src.orchestration.slot: slot HQ63460161: skip_wizard=True - assuming factory reset + the setup wizard were already completed manually (client-decided workflow, 2026-09-17 - the wizard cannot be automated via ADB at all). This skips the check that the device actually finished setup, so a device still mid-wizard when this runs will fail in confusing ways downstream rather than here.
2026-09-18 22:33:32,661 INFO     src.orchestration.slot: slot HQ63460161: connecting wifi
2026-09-18 22:33:32,953 INFO     src.phase2.wifi_setup: already connected to 'earth5_1'; nothing to do
2026-09-18 22:33:32,953 INFO     src.orchestration.slot: slot HQ632M1012: configuring apn
2026-09-18 22:33:33,113 INFO     src.phase2.wifi_setup: already connected to 'earth5_1'; nothing to do
2026-09-18 22:33:33,113 INFO     src.orchestration.slot: slot HQ63460161: configuring apn
2026-09-18 22:33:33,189 INFO     src.phase2.apn_setup: apn: current input method is 'com.google.android.inputmethod.latin/com.android.inputmethod.latin.LatinIME'
2026-09-18 22:33:33,232 INFO     src.phase2.apn_setup: apn: current input method is 'com.google.android.inputmethod.latin/com.android.inputmethod.latin.LatinIME'
2026-09-18 22:33:33,323 ERROR    src.phase2.apn_setup: apn menu navigation failed
2026-09-18 22:33:33,324 ERROR    src.orchestration.slot: slot 353681650397052: run_init_apn failed: apn configuration failed
2026-09-18 22:33:33,324 WARNING  src.orchestration.scheduler: slot 353681650397052: attempt failed (retry 3/3): apn configuration failed
2026-09-18 22:33:34,487 WARNING  src.orchestration.slot: slot 353681650397052: skip_wizard=True - assuming factory reset + the setup wizard were already completed manually (client-decided workflow, 2026-09-17 - the wizard cannot be automated via ADB at all). This skips the check that the device actually finished setup, so a device still mid-wizard when this runs will fail in confusing ways downstream rather than here.
2026-09-18 22:33:34,487 INFO     src.orchestration.slot: slot 353681650397052: connecting wifi
2026-09-18 22:33:34,922 INFO     src.phase2.wifi_setup: already connected to 'earth5_1'; nothing to do
2026-09-18 22:33:34,922 INFO     src.orchestration.slot: slot 353681650397052: configuring apn
2026-09-18 22:33:35,607 INFO     src.phase2.apn_setup: apn: current input method is 'com.google.android.inputmethod.latin/com.android.inputmethod.latin.LatinIME'
2026-09-18 22:33:35,861 ERROR    src.phase2.apn_setup: apn menu navigation failed
2026-09-18 22:33:35,861 ERROR    src.orchestration.slot: slot HQ632M1012: run_init_apn failed: apn configuration failed
2026-09-18 22:33:35,861 ERROR    src.orchestration.scheduler: slot HQ632M1012: exceeded max_retry (3); escalating. last_error=apn configuration failed
2026-09-18 22:33:35,967 ERROR    src.orchestration.slot: slot HQ63460161: run_init_apn failed: refusing to tap: current screen contains the USB-debugging disable notification (matched '無効にするにはここをタップ' in the dump). A mistargeted tap here would disable ADB and strand the device. Clear the notification shade before retrying — see docs/record.md, 'UI hazard' section.
2026-09-18 22:33:35,967 ERROR    src.orchestration.scheduler: slot HQ63460161: exceeded max_retry (3); escalating. last_error=refusing to tap: current screen contains the USB-debugging disable notification (matched '無効にするにはここをタップ' in the dump). A mistargeted tap here would disable ADB and strand the device. Clear the notification shade before retrying — see docs/record.md, 'UI hazard' section.
2026-09-18 22:33:39,258 ERROR    src.phase2.apn_setup: apn menu navigation failed
2026-09-18 22:33:39,259 ERROR    src.orchestration.slot: slot 353681650397052: run_init_apn failed: apn configuration failed
2026-09-18 22:33:39,259 ERROR    src.orchestration.scheduler: slot 353681650397052: exceeded max_retry (3); escalating. last_error=apn configuration failed
2026-09-18 22:34:17,414 INFO     src.phase2.apn_setup: apn field 'MCC': already shows '440' (auto-populated by the device, presumably from the SIM) — leaving it as-is, not typing '440' over it
2026-09-18 22:34:27,734 INFO     src.phase2.apn_setup: apn field 'MNC': already shows '11' (auto-populated by the device, presumably from the SIM) — leaving it as-is, not typing '11' over it
2026-09-18 22:34:47,832 WARNING  src.phase2.apn_setup: apn: save reported no validation error, but 'rakuten.jp' wasn't spotted back on the APN list (soft check only — not treated as a failure; could be scroll position or list truncation)
2026-09-18 22:34:47,832 INFO     src.phase2.apn_setup: apn 'rakuten.jp' configured successfully
2026-09-18 22:34:47,832 INFO     src.orchestration.slot: slot 352063910272451: reached LOGIN_INSTALL (Phase 2 success condition)
2026-09-18 22:34:47,833 ERROR    main_phase2: FAILED: device HQ632M1012 ended in state ESCALATED (last_error=apn configuration failed)
2026-09-18 22:34:47,834 ERROR    main_phase2: FAILED: device HQ63460161 ended in state ESCALATED (last_error=refusing to tap: current screen contains the USB-debugging disable notification (matched '無効にするにはここをタップ' in the dump). A mistargeted tap here would disable ADB and strand the device. Clear the notification shade before retrying — see docs/record.md, 'UI hazard' section.)
2026-09-18 22:34:47,834 ERROR    main_phase2: FAILED: device 353681650397052 ended in state ESCALATED (last_error=apn configuration failed)
2026-09-18 22:34:47,834 INFO     main_phase2: SUCCESS: device 352063910272451 reached LOGIN_INSTALL
2026-09-18 23:20:09,429 INFO     main_phase2: loading model profiles from C:\code\android-system\device-redeployment\config\models
2026-09-18 23:20:09,470 INFO     main_phase2: running 4 devices in parallel: 352063910272451:SHG10, 353681650397052:SHG07, HQ632M1012:SOG07, HQ63460161:SOG08
2026-09-18 23:20:09,474 INFO     main_phase2: starting Phase 2 run: serial=352063910272451 model=SHG10 (AQUOS sense7) [skip_wizard]
2026-09-18 23:20:09,475 INFO     main_phase2: starting Phase 2 run: serial=353681650397052 model=SHG07 (AQUOS sense6s) [skip_wizard]
2026-09-18 23:20:09,475 INFO     main_phase2: starting Phase 2 run: serial=HQ632M1012 model=SOG07 (Xperia 10 IV) [skip_wizard]
2026-09-18 23:20:09,476 INFO     main_phase2: starting Phase 2 run: serial=HQ63460161 model=SOG08 (Xperia Ace III) [skip_wizard]
2026-09-18 23:20:10,724 WARNING  src.orchestration.slot: slot HQ632M1012: skip_wizard=True - assuming factory reset + the setup wizard were already completed manually (client-decided workflow, 2026-09-17 - the wizard cannot be automated via ADB at all). This skips the check that the device actually finished setup, so a device still mid-wizard when this runs will fail in confusing ways downstream rather than here.
2026-09-18 23:20:10,725 INFO     src.orchestration.slot: slot HQ632M1012: connecting wifi
2026-09-18 23:20:10,879 WARNING  src.orchestration.slot: slot 352063910272451: skip_wizard=True - assuming factory reset + the setup wizard were already completed manually (client-decided workflow, 2026-09-17 - the wizard cannot be automated via ADB at all). This skips the check that the device actually finished setup, so a device still mid-wizard when this runs will fail in confusing ways downstream rather than here.
2026-09-18 23:20:10,879 INFO     src.orchestration.slot: slot 352063910272451: connecting wifi
2026-09-18 23:20:11,380 INFO     src.phase2.wifi_setup: already connected to 'earth5_1'; nothing to do
2026-09-18 23:20:11,381 INFO     src.orchestration.slot: slot HQ632M1012: configuring apn
2026-09-18 23:20:11,429 INFO     src.phase2.wifi_setup: already connected to 'earth5_1'; nothing to do
2026-09-18 23:20:11,429 INFO     src.orchestration.slot: slot 352063910272451: configuring apn
2026-09-18 23:20:11,588 WARNING  src.orchestration.slot: slot HQ63460161: skip_wizard=True - assuming factory reset + the setup wizard were already completed manually (client-decided workflow, 2026-09-17 - the wizard cannot be automated via ADB at all). This skips the check that the device actually finished setup, so a device still mid-wizard when this runs will fail in confusing ways downstream rather than here.
2026-09-18 23:20:11,588 INFO     src.orchestration.slot: slot HQ63460161: connecting wifi
2026-09-18 23:20:11,737 INFO     src.phase2.apn_setup: apn: current input method is 'com.google.android.inputmethod.latin/com.android.inputmethod.latin.LatinIME'
2026-09-18 23:20:11,817 INFO     src.phase2.apn_setup: apn: current input method is 'com.google.android.inputmethod.latin/com.android.inputmethod.latin.LatinIME'
2026-09-18 23:20:11,886 WARNING  src.orchestration.slot: slot 353681650397052: skip_wizard=True - assuming factory reset + the setup wizard were already completed manually (client-decided workflow, 2026-09-17 - the wizard cannot be automated via ADB at all). This skips the check that the device actually finished setup, so a device still mid-wizard when this runs will fail in confusing ways downstream rather than here.
2026-09-18 23:20:11,886 INFO     src.orchestration.slot: slot 353681650397052: connecting wifi
2026-09-18 23:20:12,215 INFO     src.phase2.wifi_setup: already connected to 'earth5_1'; nothing to do
2026-09-18 23:20:12,215 INFO     src.orchestration.slot: slot HQ63460161: configuring apn
2026-09-18 23:20:12,406 INFO     src.phase2.wifi_setup: already connected to 'earth5_1'; nothing to do
2026-09-18 23:20:12,406 INFO     src.orchestration.slot: slot 353681650397052: configuring apn
2026-09-18 23:20:12,812 INFO     src.phase2.apn_setup: apn: current input method is 'com.google.android.inputmethod.latin/com.android.inputmethod.latin.LatinIME'
2026-09-18 23:20:13,489 INFO     src.phase2.apn_setup: apn: current input method is 'com.google.android.inputmethod.latin/com.android.inputmethod.latin.LatinIME'
2026-09-18 23:20:22,103 ERROR    src.phase2.apn_setup: apn: could not find/tap the final SIM-scoped menu_path step ('アクセス ポイント名') even after scrolling
2026-09-18 23:20:22,103 ERROR    src.phase2.apn_setup: apn menu navigation failed
2026-09-18 23:20:22,104 ERROR    src.orchestration.slot: slot HQ632M1012: run_init_apn failed: apn configuration failed
2026-09-18 23:20:22,104 WARNING  src.orchestration.scheduler: slot HQ632M1012: attempt failed (retry 1/3): apn configuration failed
2026-09-18 23:20:23,274 WARNING  src.orchestration.slot: slot HQ632M1012: skip_wizard=True - assuming factory reset + the setup wizard were already completed manually (client-decided workflow, 2026-09-17 - the wizard cannot be automated via ADB at all). This skips the check that the device actually finished setup, so a device still mid-wizard when this runs will fail in confusing ways downstream rather than here.
2026-09-18 23:20:23,274 INFO     src.orchestration.slot: slot HQ632M1012: connecting wifi
2026-09-18 23:20:23,704 INFO     src.phase2.wifi_setup: already connected to 'earth5_1'; nothing to do
2026-09-18 23:20:23,705 INFO     src.orchestration.slot: slot HQ632M1012: configuring apn
2026-09-18 23:20:23,930 INFO     src.phase2.apn_setup: apn: current input method is 'com.google.android.inputmethod.latin/com.android.inputmethod.latin.LatinIME'
2026-09-18 23:20:25,917 INFO     src.phase2.apn_setup: reached APN list via the SIM-scoped menu_path
2026-09-18 23:20:27,277 INFO     src.phase2.apn_setup: reached APN list via the SIM-scoped menu_path
2026-09-18 23:20:28,375 INFO     src.phase2.apn_setup: reached APN list via the SIM-scoped menu_path
2026-09-18 23:20:31,944 ERROR    src.phase2.apn_setup: apn: could not find/tap the final SIM-scoped menu_path step ('アクセス ポイント名') even after scrolling
2026-09-18 23:20:31,945 ERROR    src.phase2.apn_setup: apn menu navigation failed
2026-09-18 23:20:31,945 ERROR    src.orchestration.slot: slot HQ632M1012: run_init_apn failed: apn configuration failed
2026-09-18 23:20:31,945 WARNING  src.orchestration.scheduler: slot HQ632M1012: attempt failed (retry 2/3): apn configuration failed
2026-09-18 23:20:33,103 WARNING  src.orchestration.slot: slot HQ632M1012: skip_wizard=True - assuming factory reset + the setup wizard were already completed manually (client-decided workflow, 2026-09-17 - the wizard cannot be automated via ADB at all). This skips the check that the device actually finished setup, so a device still mid-wizard when this runs will fail in confusing ways downstream rather than here.
2026-09-18 23:20:33,104 INFO     src.orchestration.slot: slot HQ632M1012: connecting wifi
2026-09-18 23:20:33,530 INFO     src.phase2.wifi_setup: already connected to 'earth5_1'; nothing to do
2026-09-18 23:20:33,531 INFO     src.orchestration.slot: slot HQ632M1012: configuring apn
2026-09-18 23:20:33,757 INFO     src.phase2.apn_setup: apn: current input method is 'com.google.android.inputmethod.latin/com.android.inputmethod.latin.LatinIME'
2026-09-18 23:20:41,859 ERROR    src.phase2.apn_setup: apn: could not find/tap the final SIM-scoped menu_path step ('アクセス ポイント名') even after scrolling
2026-09-18 23:20:41,859 ERROR    src.phase2.apn_setup: apn menu navigation failed
2026-09-18 23:20:41,859 ERROR    src.orchestration.slot: slot HQ632M1012: run_init_apn failed: apn configuration failed
2026-09-18 23:20:41,859 WARNING  src.orchestration.scheduler: slot HQ632M1012: attempt failed (retry 3/3): apn configuration failed
2026-09-18 23:20:43,018 WARNING  src.orchestration.slot: slot HQ632M1012: skip_wizard=True - assuming factory reset + the setup wizard were already completed manually (client-decided workflow, 2026-09-17 - the wizard cannot be automated via ADB at all). This skips the check that the device actually finished setup, so a device still mid-wizard when this runs will fail in confusing ways downstream rather than here.
2026-09-18 23:20:43,018 INFO     src.orchestration.slot: slot HQ632M1012: connecting wifi
2026-09-18 23:20:43,468 INFO     src.phase2.wifi_setup: already connected to 'earth5_1'; nothing to do
2026-09-18 23:20:43,468 INFO     src.orchestration.slot: slot HQ632M1012: configuring apn
2026-09-18 23:20:43,699 INFO     src.phase2.apn_setup: apn: current input method is 'com.google.android.inputmethod.latin/com.android.inputmethod.latin.LatinIME'
2026-09-18 23:20:51,778 ERROR    src.phase2.apn_setup: apn: could not find/tap the final SIM-scoped menu_path step ('アクセス ポイント名') even after scrolling
2026-09-18 23:20:51,779 ERROR    src.phase2.apn_setup: apn menu navigation failed
2026-09-18 23:20:51,779 ERROR    src.orchestration.slot: slot HQ632M1012: run_init_apn failed: apn configuration failed
2026-09-18 23:20:51,779 ERROR    src.orchestration.scheduler: slot HQ632M1012: exceeded max_retry (3); escalating. last_error=apn configuration failed
2026-09-18 23:21:11,525 INFO     src.phase2.apn_setup: apn field 'MCC': already shows '440' (auto-populated by the device, presumably from the SIM) — leaving it as-is, not typing '440' over it
2026-09-18 23:21:12,034 INFO     src.phase2.apn_setup: apn field 'MCC': already shows '440' (auto-populated by the device, presumably from the SIM) — leaving it as-is, not typing '440' over it
2026-09-18 23:21:19,057 INFO     src.phase2.apn_setup: apn field 'MCC': already shows '440' (auto-populated by the device, presumably from the SIM) — leaving it as-is, not typing '440' over it
2026-09-18 23:21:22,132 INFO     src.phase2.apn_setup: apn field 'MNC': already shows '11' (auto-populated by the device, presumably from the SIM) — leaving it as-is, not typing '11' over it
2026-09-18 23:21:22,319 INFO     src.phase2.apn_setup: apn field 'MNC': already shows '11' (auto-populated by the device, presumably from the SIM) — leaving it as-is, not typing '11' over it
2026-09-18 23:21:29,362 INFO     src.phase2.apn_setup: apn field 'MNC': already shows '11' (auto-populated by the device, presumably from the SIM) — leaving it as-is, not typing '11' over it
2026-09-18 23:21:36,836 WARNING  src.phase2.apn_setup: apn: save reported no validation error, but 'rakuten.jp' wasn't spotted back on the APN list (soft check only — not treated as a failure; could be scroll position or list truncation)
2026-09-18 23:21:36,837 INFO     src.phase2.apn_setup: apn 'rakuten.jp' configured successfully
2026-09-18 23:21:36,837 INFO     src.orchestration.slot: slot HQ63460161: reached LOGIN_INSTALL (Phase 2 success condition)
2026-09-18 23:21:37,993 WARNING  src.phase2.apn_setup: apn: save reported no validation error, but 'rakuten.jp' wasn't spotted back on the APN list (soft check only — not treated as a failure; could be scroll position or list truncation)
2026-09-18 23:21:37,993 INFO     src.phase2.apn_setup: apn 'rakuten.jp' configured successfully
2026-09-18 23:21:37,993 INFO     src.orchestration.slot: slot 353681650397052: reached LOGIN_INSTALL (Phase 2 success condition)
2026-09-18 23:21:44,113 WARNING  src.phase2.apn_setup: apn: save reported no validation error, but 'rakuten.jp' wasn't spotted back on the APN list (soft check only — not treated as a failure; could be scroll position or list truncation)
2026-09-18 23:21:44,113 INFO     src.phase2.apn_setup: apn 'rakuten.jp' configured successfully
2026-09-18 23:21:44,113 INFO     src.orchestration.slot: slot 352063910272451: reached LOGIN_INSTALL (Phase 2 success condition)
2026-09-18 23:21:44,113 ERROR    main_phase2: FAILED: device HQ632M1012 ended in state ESCALATED (last_error=apn configuration failed)
2026-09-18 23:21:44,113 INFO     main_phase2: SUCCESS: device HQ63460161 reached LOGIN_INSTALL
2026-09-18 23:21:44,114 INFO     main_phase2: SUCCESS: device 353681650397052 reached LOGIN_INSTALL
2026-09-18 23:21:44,114 INFO     main_phase2: SUCCESS: device 352063910272451 reached LOGIN_INSTALL
2026-09-18 23:22:13,645 INFO     main_phase2: loading model profiles from C:\code\android-system\device-redeployment\config\models
2026-09-18 23:22:13,689 INFO     main_phase2: running 4 devices in parallel: 352063910272451:SHG10, 353681650397052:SHG07, HQ632M1012:SOG07, HQ63460161:SOG08
2026-09-18 23:22:13,693 INFO     main_phase2: starting Phase 2 run: serial=352063910272451 model=SHG10 (AQUOS sense7) [skip_wizard]
2026-09-18 23:22:13,693 INFO     main_phase2: starting Phase 2 run: serial=353681650397052 model=SHG07 (AQUOS sense6s) [skip_wizard]
2026-09-18 23:22:13,693 INFO     main_phase2: starting Phase 2 run: serial=HQ632M1012 model=SOG07 (Xperia 10 IV) [skip_wizard]
2026-09-18 23:22:13,694 INFO     main_phase2: starting Phase 2 run: serial=HQ63460161 model=SOG08 (Xperia Ace III) [skip_wizard]
2026-09-18 23:22:14,876 WARNING  src.orchestration.slot: slot HQ632M1012: skip_wizard=True - assuming factory reset + the setup wizard were already completed manually (client-decided workflow, 2026-09-17 - the wizard cannot be automated via ADB at all). This skips the check that the device actually finished setup, so a device still mid-wizard when this runs will fail in confusing ways downstream rather than here.
2026-09-18 23:22:14,876 INFO     src.orchestration.slot: slot HQ632M1012: connecting wifi
2026-09-18 23:22:14,884 WARNING  src.orchestration.slot: slot 353681650397052: skip_wizard=True - assuming factory reset + the setup wizard were already completed manually (client-decided workflow, 2026-09-17 - the wizard cannot be automated via ADB at all). This skips the check that the device actually finished setup, so a device still mid-wizard when this runs will fail in confusing ways downstream rather than here.
2026-09-18 23:22:14,885 INFO     src.orchestration.slot: slot 353681650397052: connecting wifi
2026-09-18 23:22:14,892 WARNING  src.orchestration.slot: slot 352063910272451: skip_wizard=True - assuming factory reset + the setup wizard were already completed manually (client-decided workflow, 2026-09-17 - the wizard cannot be automated via ADB at all). This skips the check that the device actually finished setup, so a device still mid-wizard when this runs will fail in confusing ways downstream rather than here.
2026-09-18 23:22:14,896 INFO     src.orchestration.slot: slot 352063910272451: connecting wifi
2026-09-18 23:22:14,924 WARNING  src.orchestration.slot: slot HQ63460161: skip_wizard=True - assuming factory reset + the setup wizard were already completed manually (client-decided workflow, 2026-09-17 - the wizard cannot be automated via ADB at all). This skips the check that the device actually finished setup, so a device still mid-wizard when this runs will fail in confusing ways downstream rather than here.
2026-09-18 23:22:14,925 INFO     src.orchestration.slot: slot HQ63460161: connecting wifi
2026-09-18 23:22:15,325 INFO     src.phase2.wifi_setup: already connected to 'earth5_1'; nothing to do
2026-09-18 23:22:15,325 INFO     src.orchestration.slot: slot HQ632M1012: configuring apn
2026-09-18 23:22:15,358 INFO     src.phase2.wifi_setup: already connected to 'earth5_1'; nothing to do
2026-09-18 23:22:15,359 INFO     src.orchestration.slot: slot 353681650397052: configuring apn
2026-09-18 23:22:15,413 INFO     src.phase2.wifi_setup: already connected to 'earth5_1'; nothing to do
2026-09-18 23:22:15,413 INFO     src.orchestration.slot: slot HQ63460161: configuring apn
2026-09-18 23:22:15,440 INFO     src.phase2.wifi_setup: already connected to 'earth5_1'; nothing to do
2026-09-18 23:22:15,440 INFO     src.orchestration.slot: slot 352063910272451: configuring apn
2026-09-18 23:22:15,549 INFO     src.phase2.apn_setup: apn: current input method is 'com.google.android.inputmethod.latin/com.android.inputmethod.latin.LatinIME'
2026-09-18 23:22:15,736 INFO     src.phase2.apn_setup: apn: current input method is 'com.google.android.inputmethod.latin/com.android.inputmethod.latin.LatinIME'
2026-09-18 23:22:15,747 INFO     src.phase2.apn_setup: apn: current input method is 'com.google.android.inputmethod.latin/com.android.inputmethod.latin.LatinIME'
2026-09-18 23:22:16,094 INFO     src.phase2.apn_setup: apn: current input method is 'com.google.android.inputmethod.latin/com.android.inputmethod.latin.LatinIME'
2026-09-18 23:22:18,236 ERROR    src.phase2.apn_setup: apn menu navigation failed
2026-09-18 23:22:18,237 ERROR    src.orchestration.slot: slot HQ63460161: run_init_apn failed: apn configuration failed
2026-09-18 23:22:18,237 WARNING  src.orchestration.scheduler: slot HQ63460161: attempt failed (retry 1/3): apn configuration failed
2026-09-18 23:22:18,360 ERROR    src.phase2.apn_setup: apn menu navigation failed
2026-09-18 23:22:18,361 ERROR    src.orchestration.slot: slot 352063910272451: run_init_apn failed: apn configuration failed
2026-09-18 23:22:18,361 WARNING  src.orchestration.scheduler: slot 352063910272451: attempt failed (retry 1/3): apn configuration failed
2026-09-18 23:22:18,660 ERROR    src.phase2.apn_setup: apn menu navigation failed
2026-09-18 23:22:18,660 ERROR    src.orchestration.slot: slot 353681650397052: run_init_apn failed: apn configuration failed
2026-09-18 23:22:18,660 WARNING  src.orchestration.scheduler: slot 353681650397052: attempt failed (retry 1/3): apn configuration failed
2026-09-18 23:22:19,424 WARNING  src.orchestration.slot: slot HQ63460161: skip_wizard=True - assuming factory reset + the setup wizard were already completed manually (client-decided workflow, 2026-09-17 - the wizard cannot be automated via ADB at all). This skips the check that the device actually finished setup, so a device still mid-wizard when this runs will fail in confusing ways downstream rather than here.
2026-09-18 23:22:19,424 INFO     src.orchestration.slot: slot HQ63460161: connecting wifi
2026-09-18 23:22:19,514 WARNING  src.orchestration.slot: slot 352063910272451: skip_wizard=True - assuming factory reset + the setup wizard were already completed manually (client-decided workflow, 2026-09-17 - the wizard cannot be automated via ADB at all). This skips the check that the device actually finished setup, so a device still mid-wizard when this runs will fail in confusing ways downstream rather than here.
2026-09-18 23:22:19,515 INFO     src.orchestration.slot: slot 352063910272451: connecting wifi
2026-09-18 23:22:19,806 WARNING  src.orchestration.slot: slot 353681650397052: skip_wizard=True - assuming factory reset + the setup wizard were already completed manually (client-decided workflow, 2026-09-17 - the wizard cannot be automated via ADB at all). This skips the check that the device actually finished setup, so a device still mid-wizard when this runs will fail in confusing ways downstream rather than here.
2026-09-18 23:22:19,806 INFO     src.orchestration.slot: slot 353681650397052: connecting wifi
2026-09-18 23:22:19,883 INFO     src.phase2.wifi_setup: already connected to 'earth5_1'; nothing to do
2026-09-18 23:22:19,883 INFO     src.orchestration.slot: slot HQ63460161: configuring apn
2026-09-18 23:22:20,037 INFO     src.phase2.wifi_setup: already connected to 'earth5_1'; nothing to do
2026-09-18 23:22:20,038 INFO     src.orchestration.slot: slot 352063910272451: configuring apn
2026-09-18 23:22:20,156 INFO     src.phase2.apn_setup: apn: current input method is 'com.google.android.inputmethod.latin/com.android.inputmethod.latin.LatinIME'
2026-09-18 23:22:20,279 INFO     src.phase2.wifi_setup: already connected to 'earth5_1'; nothing to do
2026-09-18 23:22:20,279 INFO     src.orchestration.slot: slot 353681650397052: configuring apn
2026-09-18 23:22:20,298 INFO     src.phase2.apn_setup: apn: current input method is 'com.google.android.inputmethod.latin/com.android.inputmethod.latin.LatinIME'
2026-09-18 23:22:21,025 INFO     src.phase2.apn_setup: apn: current input method is 'com.google.android.inputmethod.latin/com.android.inputmethod.latin.LatinIME'
2026-09-18 23:22:22,658 ERROR    src.phase2.apn_setup: apn menu navigation failed
2026-09-18 23:22:22,658 ERROR    src.orchestration.slot: slot HQ63460161: run_init_apn failed: apn configuration failed
2026-09-18 23:22:22,658 WARNING  src.orchestration.scheduler: slot HQ63460161: attempt failed (retry 2/3): apn configuration failed
2026-09-18 23:22:22,895 ERROR    src.phase2.apn_setup: apn menu navigation failed
2026-09-18 23:22:22,895 ERROR    src.orchestration.slot: slot 352063910272451: run_init_apn failed: apn configuration failed
2026-09-18 23:22:22,895 WARNING  src.orchestration.scheduler: slot 352063910272451: attempt failed (retry 2/3): apn configuration failed
2026-09-18 23:22:23,633 ERROR    src.phase2.apn_setup: apn menu navigation failed
2026-09-18 23:22:23,633 ERROR    src.orchestration.slot: slot 353681650397052: run_init_apn failed: apn configuration failed
2026-09-18 23:22:23,633 WARNING  src.orchestration.scheduler: slot 353681650397052: attempt failed (retry 2/3): apn configuration failed
2026-09-18 23:22:23,840 WARNING  src.orchestration.slot: slot HQ63460161: skip_wizard=True - assuming factory reset + the setup wizard were already completed manually (client-decided workflow, 2026-09-17 - the wizard cannot be automated via ADB at all). This skips the check that the device actually finished setup, so a device still mid-wizard when this runs will fail in confusing ways downstream rather than here.
2026-09-18 23:22:23,840 INFO     src.orchestration.slot: slot HQ63460161: connecting wifi
2026-09-18 23:22:24,070 WARNING  src.orchestration.slot: slot 352063910272451: skip_wizard=True - assuming factory reset + the setup wizard were already completed manually (client-decided workflow, 2026-09-17 - the wizard cannot be automated via ADB at all). This skips the check that the device actually finished setup, so a device still mid-wizard when this runs will fail in confusing ways downstream rather than here.
2026-09-18 23:22:24,070 INFO     src.orchestration.slot: slot 352063910272451: connecting wifi
2026-09-18 23:22:24,272 INFO     src.phase2.wifi_setup: already connected to 'earth5_1'; nothing to do
2026-09-18 23:22:24,272 INFO     src.orchestration.slot: slot HQ63460161: configuring apn
2026-09-18 23:22:24,524 INFO     src.phase2.apn_setup: apn: current input method is 'com.google.android.inputmethod.latin/com.android.inputmethod.latin.LatinIME'
2026-09-18 23:22:24,525 ERROR    src.phase2.apn_setup: apn: could not find/tap the final SIM-scoped menu_path step ('アクセス ポイント名') even after scrolling
2026-09-18 23:22:24,525 ERROR    src.phase2.apn_setup: apn menu navigation failed
2026-09-18 23:22:24,525 ERROR    src.orchestration.slot: slot HQ632M1012: run_init_apn failed: apn configuration failed
2026-09-18 23:22:24,525 WARNING  src.orchestration.scheduler: slot HQ632M1012: attempt failed (retry 1/3): apn configuration failed
2026-09-18 23:22:24,610 INFO     src.phase2.wifi_setup: already connected to 'earth5_1'; nothing to do
2026-09-18 23:22:24,611 INFO     src.orchestration.slot: slot 352063910272451: configuring apn
2026-09-18 23:22:24,792 WARNING  src.orchestration.slot: slot 353681650397052: skip_wizard=True - assuming factory reset + the setup wizard were already completed manually (client-decided workflow, 2026-09-17 - the wizard cannot be automated via ADB at all). This skips the check that the device actually finished setup, so a device still mid-wizard when this runs will fail in confusing ways downstream rather than here.
2026-09-18 23:22:24,792 INFO     src.orchestration.slot: slot 353681650397052: connecting wifi
2026-09-18 23:22:24,862 INFO     src.phase2.apn_setup: apn: current input method is 'com.google.android.inputmethod.latin/com.android.inputmethod.latin.LatinIME'
2026-09-18 23:22:25,262 INFO     src.phase2.wifi_setup: already connected to 'earth5_1'; nothing to do
2026-09-18 23:22:25,263 INFO     src.orchestration.slot: slot 353681650397052: configuring apn
2026-09-18 23:22:25,656 WARNING  src.orchestration.slot: slot HQ632M1012: skip_wizard=True - assuming factory reset + the setup wizard were already completed manually (client-decided workflow, 2026-09-17 - the wizard cannot be automated via ADB at all). This skips the check that the device actually finished setup, so a device still mid-wizard when this runs will fail in confusing ways downstream rather than here.
2026-09-18 23:22:25,656 INFO     src.orchestration.slot: slot HQ632M1012: connecting wifi
2026-09-18 23:22:26,003 INFO     src.phase2.apn_setup: apn: current input method is 'com.google.android.inputmethod.latin/com.android.inputmethod.latin.LatinIME'
2026-09-18 23:22:26,085 INFO     src.phase2.wifi_setup: already connected to 'earth5_1'; nothing to do
2026-09-18 23:22:26,085 INFO     src.orchestration.slot: slot HQ632M1012: configuring apn
2026-09-18 23:22:26,296 INFO     src.phase2.apn_setup: apn: current input method is 'com.google.android.inputmethod.latin/com.android.inputmethod.latin.LatinIME'
2026-09-18 23:22:27,014 ERROR    src.phase2.apn_setup: apn menu navigation failed
2026-09-18 23:22:27,015 ERROR    src.orchestration.slot: slot HQ63460161: run_init_apn failed: apn configuration failed
2026-09-18 23:22:27,015 WARNING  src.orchestration.scheduler: slot HQ63460161: attempt failed (retry 3/3): apn configuration failed
2026-09-18 23:22:27,459 ERROR    src.phase2.apn_setup: apn menu navigation failed
2026-09-18 23:22:27,459 ERROR    src.orchestration.slot: slot 352063910272451: run_init_apn failed: apn configuration failed
2026-09-18 23:22:27,459 WARNING  src.orchestration.scheduler: slot 352063910272451: attempt failed (retry 3/3): apn configuration failed
2026-09-18 23:22:28,203 WARNING  src.orchestration.slot: slot HQ63460161: skip_wizard=True - assuming factory reset + the setup wizard were already completed manually (client-decided workflow, 2026-09-17 - the wizard cannot be automated via ADB at all). This skips the check that the device actually finished setup, so a device still mid-wizard when this runs will fail in confusing ways downstream rather than here.
2026-09-18 23:22:28,203 INFO     src.orchestration.slot: slot HQ63460161: connecting wifi
2026-09-18 23:22:28,601 ERROR    src.phase2.apn_setup: apn menu navigation failed
2026-09-18 23:22:28,601 ERROR    src.orchestration.slot: slot 353681650397052: run_init_apn failed: apn configuration failed
2026-09-18 23:22:28,601 WARNING  src.orchestration.scheduler: slot 353681650397052: attempt failed (retry 3/3): apn configuration failed
2026-09-18 23:22:28,631 WARNING  src.orchestration.slot: slot 352063910272451: skip_wizard=True - assuming factory reset + the setup wizard were already completed manually (client-decided workflow, 2026-09-17 - the wizard cannot be automated via ADB at all). This skips the check that the device actually finished setup, so a device still mid-wizard when this runs will fail in confusing ways downstream rather than here.
2026-09-18 23:22:28,631 INFO     src.orchestration.slot: slot 352063910272451: connecting wifi
2026-09-18 23:22:28,677 INFO     src.phase2.wifi_setup: already connected to 'earth5_1'; nothing to do
2026-09-18 23:22:28,677 INFO     src.orchestration.slot: slot HQ63460161: configuring apn
2026-09-18 23:22:28,923 INFO     src.phase2.apn_setup: apn: current input method is 'com.google.android.inputmethod.latin/com.android.inputmethod.latin.LatinIME'
2026-09-18 23:22:29,189 INFO     src.phase2.wifi_setup: already connected to 'earth5_1'; nothing to do
2026-09-18 23:22:29,189 INFO     src.orchestration.slot: slot 352063910272451: configuring apn
2026-09-18 23:22:29,427 INFO     src.phase2.apn_setup: apn: current input method is 'com.google.android.inputmethod.latin/com.android.inputmethod.latin.LatinIME'
2026-09-18 23:22:29,785 WARNING  src.orchestration.slot: slot 353681650397052: skip_wizard=True - assuming factory reset + the setup wizard were already completed manually (client-decided workflow, 2026-09-17 - the wizard cannot be automated via ADB at all). This skips the check that the device actually finished setup, so a device still mid-wizard when this runs will fail in confusing ways downstream rather than here.
2026-09-18 23:22:29,786 INFO     src.orchestration.slot: slot 353681650397052: connecting wifi
2026-09-18 23:22:30,258 INFO     src.phase2.wifi_setup: already connected to 'earth5_1'; nothing to do
2026-09-18 23:22:30,258 INFO     src.orchestration.slot: slot 353681650397052: configuring apn
2026-09-18 23:22:30,969 INFO     src.phase2.apn_setup: apn: current input method is 'com.google.android.inputmethod.latin/com.android.inputmethod.latin.LatinIME'
2026-09-18 23:22:31,413 ERROR    src.phase2.apn_setup: apn menu navigation failed
2026-09-18 23:22:31,413 ERROR    src.orchestration.slot: slot HQ63460161: run_init_apn failed: apn configuration failed
2026-09-18 23:22:31,413 ERROR    src.orchestration.scheduler: slot HQ63460161: exceeded max_retry (3); escalating. last_error=apn configuration failed
2026-09-18 23:22:32,020 ERROR    src.phase2.apn_setup: apn menu navigation failed
2026-09-18 23:22:32,020 ERROR    src.orchestration.slot: slot 352063910272451: run_init_apn failed: apn configuration failed
2026-09-18 23:22:32,020 ERROR    src.orchestration.scheduler: slot 352063910272451: exceeded max_retry (3); escalating. last_error=apn configuration failed
2026-09-18 23:22:33,601 ERROR    src.phase2.apn_setup: apn menu navigation failed
2026-09-18 23:22:33,601 ERROR    src.orchestration.slot: slot 353681650397052: run_init_apn failed: apn configuration failed
2026-09-18 23:22:33,601 ERROR    src.orchestration.scheduler: slot 353681650397052: exceeded max_retry (3); escalating. last_error=apn configuration failed
2026-09-18 23:22:34,438 ERROR    src.phase2.apn_setup: apn: could not find/tap the final SIM-scoped menu_path step ('アクセス ポイント名') even after scrolling
2026-09-18 23:22:34,438 ERROR    src.phase2.apn_setup: apn menu navigation failed
2026-09-18 23:22:34,438 ERROR    src.orchestration.slot: slot HQ632M1012: run_init_apn failed: apn configuration failed
2026-09-18 23:22:34,438 WARNING  src.orchestration.scheduler: slot HQ632M1012: attempt failed (retry 2/3): apn configuration failed
2026-09-18 23:22:35,579 WARNING  src.orchestration.slot: slot HQ632M1012: skip_wizard=True - assuming factory reset + the setup wizard were already completed manually (client-decided workflow, 2026-09-17 - the wizard cannot be automated via ADB at all). This skips the check that the device actually finished setup, so a device still mid-wizard when this runs will fail in confusing ways downstream rather than here.
2026-09-18 23:22:35,579 INFO     src.orchestration.slot: slot HQ632M1012: connecting wifi
2026-09-18 23:22:36,008 INFO     src.phase2.wifi_setup: already connected to 'earth5_1'; nothing to do
2026-09-18 23:22:36,008 INFO     src.orchestration.slot: slot HQ632M1012: configuring apn
2026-09-18 23:22:36,244 INFO     src.phase2.apn_setup: apn: current input method is 'com.google.android.inputmethod.latin/com.android.inputmethod.latin.LatinIME'
2026-09-18 23:22:47,044 ERROR    src.phase2.apn_setup: apn: could not find/tap the final SIM-scoped menu_path step ('アクセス ポイント名') even after scrolling
2026-09-18 23:22:47,044 ERROR    src.phase2.apn_setup: apn menu navigation failed
2026-09-18 23:22:47,044 ERROR    src.orchestration.slot: slot HQ632M1012: run_init_apn failed: apn configuration failed
2026-09-18 23:22:47,045 WARNING  src.orchestration.scheduler: slot HQ632M1012: attempt failed (retry 3/3): apn configuration failed
2026-09-18 23:22:48,195 WARNING  src.orchestration.slot: slot HQ632M1012: skip_wizard=True - assuming factory reset + the setup wizard were already completed manually (client-decided workflow, 2026-09-17 - the wizard cannot be automated via ADB at all). This skips the check that the device actually finished setup, so a device still mid-wizard when this runs will fail in confusing ways downstream rather than here.
2026-09-18 23:22:48,195 INFO     src.orchestration.slot: slot HQ632M1012: connecting wifi
2026-09-18 23:22:48,628 INFO     src.phase2.wifi_setup: already connected to 'earth5_1'; nothing to do
2026-09-18 23:22:48,629 INFO     src.orchestration.slot: slot HQ632M1012: configuring apn
2026-09-18 23:22:48,860 INFO     src.phase2.apn_setup: apn: current input method is 'com.google.android.inputmethod.latin/com.android.inputmethod.latin.LatinIME'
2026-09-18 23:22:59,367 ERROR    src.phase2.apn_setup: apn: could not find/tap the final SIM-scoped menu_path step ('アクセス ポイント名') even after scrolling
2026-09-18 23:22:59,367 ERROR    src.phase2.apn_setup: apn menu navigation failed
2026-09-18 23:22:59,367 ERROR    src.orchestration.slot: slot HQ632M1012: run_init_apn failed: apn configuration failed
2026-09-18 23:22:59,368 ERROR    src.orchestration.scheduler: slot HQ632M1012: exceeded max_retry (3); escalating. last_error=apn configuration failed
2026-09-18 23:23:55,188 INFO     main_phase2: loading model profiles from C:\code\android-system\device-redeployment\config\models
2026-09-18 23:23:55,233 INFO     main_phase2: running 4 devices in parallel: 352063910272451:SHG10, 353681650397052:SHG07, HQ632M1012:SOG07, HQ63460161:SOG08
2026-09-18 23:23:55,237 INFO     main_phase2: starting Phase 2 run: serial=352063910272451 model=SHG10 (AQUOS sense7) [skip_wizard]
2026-09-18 23:23:55,237 INFO     main_phase2: starting Phase 2 run: serial=353681650397052 model=SHG07 (AQUOS sense6s) [skip_wizard]
2026-09-18 23:23:55,238 INFO     main_phase2: starting Phase 2 run: serial=HQ632M1012 model=SOG07 (Xperia 10 IV) [skip_wizard]
2026-09-18 23:23:55,238 INFO     main_phase2: starting Phase 2 run: serial=HQ63460161 model=SOG08 (Xperia Ace III) [skip_wizard]
2026-09-18 23:23:56,420 WARNING  src.orchestration.slot: slot 352063910272451: skip_wizard=True - assuming factory reset + the setup wizard were already completed manually (client-decided workflow, 2026-09-17 - the wizard cannot be automated via ADB at all). This skips the check that the device actually finished setup, so a device still mid-wizard when this runs will fail in confusing ways downstream rather than here.
2026-09-18 23:23:56,420 INFO     src.orchestration.slot: slot 352063910272451: connecting wifi
2026-09-18 23:23:56,422 WARNING  src.orchestration.slot: slot 353681650397052: skip_wizard=True - assuming factory reset + the setup wizard were already completed manually (client-decided workflow, 2026-09-17 - the wizard cannot be automated via ADB at all). This skips the check that the device actually finished setup, so a device still mid-wizard when this runs will fail in confusing ways downstream rather than here.
2026-09-18 23:23:56,422 INFO     src.orchestration.slot: slot 353681650397052: connecting wifi
2026-09-18 23:23:56,427 WARNING  src.orchestration.slot: slot HQ632M1012: skip_wizard=True - assuming factory reset + the setup wizard were already completed manually (client-decided workflow, 2026-09-17 - the wizard cannot be automated via ADB at all). This skips the check that the device actually finished setup, so a device still mid-wizard when this runs will fail in confusing ways downstream rather than here.
2026-09-18 23:23:56,427 INFO     src.orchestration.slot: slot HQ632M1012: connecting wifi
2026-09-18 23:23:56,458 WARNING  src.orchestration.slot: slot HQ63460161: skip_wizard=True - assuming factory reset + the setup wizard were already completed manually (client-decided workflow, 2026-09-17 - the wizard cannot be automated via ADB at all). This skips the check that the device actually finished setup, so a device still mid-wizard when this runs will fail in confusing ways downstream rather than here.
2026-09-18 23:23:56,458 INFO     src.orchestration.slot: slot HQ63460161: connecting wifi
2026-09-18 23:23:56,836 INFO     src.phase2.wifi_setup: already connected to 'earth5_1'; nothing to do
2026-09-18 23:23:56,836 INFO     src.orchestration.slot: slot HQ632M1012: configuring apn
2026-09-18 23:23:56,885 INFO     src.phase2.wifi_setup: already connected to 'earth5_1'; nothing to do
2026-09-18 23:23:56,886 INFO     src.orchestration.slot: slot 353681650397052: configuring apn
2026-09-18 23:23:56,930 INFO     src.phase2.wifi_setup: already connected to 'earth5_1'; nothing to do
2026-09-18 23:23:56,930 INFO     src.orchestration.slot: slot HQ63460161: configuring apn
2026-09-18 23:23:56,955 INFO     src.phase2.wifi_setup: already connected to 'earth5_1'; nothing to do
2026-09-18 23:23:56,955 INFO     src.orchestration.slot: slot 352063910272451: configuring apn
2026-09-18 23:23:57,043 INFO     src.phase2.apn_setup: apn: current input method is 'com.google.android.inputmethod.latin/com.android.inputmethod.latin.LatinIME'
2026-09-18 23:23:57,188 INFO     src.phase2.apn_setup: apn: current input method is 'com.google.android.inputmethod.latin/com.android.inputmethod.latin.LatinIME'
2026-09-18 23:23:57,253 INFO     src.phase2.apn_setup: apn: current input method is 'com.google.android.inputmethod.latin/com.android.inputmethod.latin.LatinIME'
2026-09-18 23:23:57,608 INFO     src.phase2.apn_setup: apn: current input method is 'com.google.android.inputmethod.latin/com.android.inputmethod.latin.LatinIME'
2026-09-18 23:24:05,112 ERROR    src.phase2.apn_setup: apn: could not find/tap the final SIM-scoped menu_path step ('アクセス ポイント名') even after scrolling
2026-09-18 23:24:05,112 ERROR    src.phase2.apn_setup: apn menu navigation failed
2026-09-18 23:24:05,112 ERROR    src.orchestration.slot: slot HQ632M1012: run_init_apn failed: apn configuration failed
2026-09-18 23:24:05,112 WARNING  src.orchestration.scheduler: slot HQ632M1012: attempt failed (retry 1/3): apn configuration failed
2026-09-18 23:24:06,274 WARNING  src.orchestration.slot: slot HQ632M1012: skip_wizard=True - assuming factory reset + the setup wizard were already completed manually (client-decided workflow, 2026-09-17 - the wizard cannot be automated via ADB at all). This skips the check that the device actually finished setup, so a device still mid-wizard when this runs will fail in confusing ways downstream rather than here.
2026-09-18 23:24:06,274 INFO     src.orchestration.slot: slot HQ632M1012: connecting wifi
2026-09-18 23:24:06,698 INFO     src.phase2.wifi_setup: already connected to 'earth5_1'; nothing to do
2026-09-18 23:24:06,698 INFO     src.orchestration.slot: slot HQ632M1012: configuring apn
2026-09-18 23:24:06,908 INFO     src.phase2.apn_setup: apn: current input method is 'com.google.android.inputmethod.latin/com.android.inputmethod.latin.LatinIME'
2026-09-18 23:24:08,858 INFO     src.phase2.apn_setup: reached APN list via the SIM-scoped menu_path
2026-09-18 23:24:08,980 INFO     src.phase2.apn_setup: reached APN list via the SIM-scoped menu_path
2026-09-18 23:24:08,997 INFO     src.phase2.apn_setup: reached APN list via the SIM-scoped menu_path
2026-09-18 23:24:15,129 ERROR    src.phase2.apn_setup: apn: could not find/tap the final SIM-scoped menu_path step ('アクセス ポイント名') even after scrolling
2026-09-18 23:24:15,129 ERROR    src.phase2.apn_setup: apn menu navigation failed
2026-09-18 23:24:15,129 ERROR    src.orchestration.slot: slot HQ632M1012: run_init_apn failed: apn configuration failed
2026-09-18 23:24:15,129 WARNING  src.orchestration.scheduler: slot HQ632M1012: attempt failed (retry 2/3): apn configuration failed
2026-09-18 23:24:16,295 WARNING  src.orchestration.slot: slot HQ632M1012: skip_wizard=True - assuming factory reset + the setup wizard were already completed manually (client-decided workflow, 2026-09-17 - the wizard cannot be automated via ADB at all). This skips the check that the device actually finished setup, so a device still mid-wizard when this runs will fail in confusing ways downstream rather than here.
2026-09-18 23:24:16,296 INFO     src.orchestration.slot: slot HQ632M1012: connecting wifi
2026-09-18 23:24:16,716 INFO     src.phase2.wifi_setup: already connected to 'earth5_1'; nothing to do
2026-09-18 23:24:16,717 INFO     src.orchestration.slot: slot HQ632M1012: configuring apn
2026-09-18 23:24:16,916 INFO     src.phase2.apn_setup: apn: current input method is 'com.google.android.inputmethod.latin/com.android.inputmethod.latin.LatinIME'
2026-09-18 23:24:24,902 ERROR    src.phase2.apn_setup: apn: could not find/tap the final SIM-scoped menu_path step ('アクセス ポイント名') even after scrolling
2026-09-18 23:24:24,902 ERROR    src.phase2.apn_setup: apn menu navigation failed
2026-09-18 23:24:24,902 ERROR    src.orchestration.slot: slot HQ632M1012: run_init_apn failed: apn configuration failed
2026-09-18 23:24:24,902 WARNING  src.orchestration.scheduler: slot HQ632M1012: attempt failed (retry 3/3): apn configuration failed
2026-09-18 23:24:26,056 WARNING  src.orchestration.slot: slot HQ632M1012: skip_wizard=True - assuming factory reset + the setup wizard were already completed manually (client-decided workflow, 2026-09-17 - the wizard cannot be automated via ADB at all). This skips the check that the device actually finished setup, so a device still mid-wizard when this runs will fail in confusing ways downstream rather than here.
2026-09-18 23:24:26,056 INFO     src.orchestration.slot: slot HQ632M1012: connecting wifi
2026-09-18 23:24:26,497 INFO     src.phase2.wifi_setup: already connected to 'earth5_1'; nothing to do
2026-09-18 23:24:26,498 INFO     src.orchestration.slot: slot HQ632M1012: configuring apn
2026-09-18 23:24:26,727 INFO     src.phase2.apn_setup: apn: current input method is 'com.google.android.inputmethod.latin/com.android.inputmethod.latin.LatinIME'
2026-09-18 23:24:34,815 ERROR    src.phase2.apn_setup: apn: could not find/tap the final SIM-scoped menu_path step ('アクセス ポイント名') even after scrolling
2026-09-18 23:24:34,816 ERROR    src.phase2.apn_setup: apn menu navigation failed
2026-09-18 23:24:34,816 ERROR    src.orchestration.slot: slot HQ632M1012: run_init_apn failed: apn configuration failed
2026-09-18 23:24:34,816 ERROR    src.orchestration.scheduler: slot HQ632M1012: exceeded max_retry (3); escalating. last_error=apn configuration failed
2026-09-18 23:24:53,222 INFO     src.phase2.apn_setup: apn field 'MCC': already shows '440' (auto-populated by the device, presumably from the SIM) — leaving it as-is, not typing '440' over it
2026-09-18 23:24:59,116 INFO     src.phase2.apn_setup: apn field 'MCC': already shows '440' (auto-populated by the device, presumably from the SIM) — leaving it as-is, not typing '440' over it
2026-09-18 23:25:00,214 INFO     src.phase2.apn_setup: apn field 'MCC': already shows '440' (auto-populated by the device, presumably from the SIM) — leaving it as-is, not typing '440' over it
2026-09-18 23:25:03,405 INFO     src.phase2.apn_setup: apn field 'MNC': already shows '11' (auto-populated by the device, presumably from the SIM) — leaving it as-is, not typing '11' over it
2026-09-18 23:25:09,334 INFO     src.phase2.apn_setup: apn field 'MNC': already shows '11' (auto-populated by the device, presumably from the SIM) — leaving it as-is, not typing '11' over it
2026-09-18 23:25:10,298 INFO     src.phase2.apn_setup: apn field 'MNC': already shows '11' (auto-populated by the device, presumably from the SIM) — leaving it as-is, not typing '11' over it
2026-09-18 23:25:18,202 WARNING  src.phase2.apn_setup: apn: save reported no validation error, but 'rakuten.jp' wasn't spotted back on the APN list (soft check only — not treated as a failure; could be scroll position or list truncation)
2026-09-18 23:25:18,203 INFO     src.phase2.apn_setup: apn 'rakuten.jp' configured successfully
2026-09-18 23:25:18,203 INFO     src.orchestration.slot: slot 353681650397052: reached LOGIN_INSTALL (Phase 2 success condition)
2026-09-18 23:25:24,118 WARNING  src.phase2.apn_setup: apn: save reported no validation error, but 'rakuten.jp' wasn't spotted back on the APN list (soft check only — not treated as a failure; could be scroll position or list truncation)
2026-09-18 23:25:24,118 INFO     src.phase2.apn_setup: apn 'rakuten.jp' configured successfully
2026-09-18 23:25:24,118 INFO     src.orchestration.slot: slot 352063910272451: reached LOGIN_INSTALL (Phase 2 success condition)
2026-09-18 23:25:24,966 WARNING  src.phase2.apn_setup: apn: save reported no validation error, but 'rakuten.jp' wasn't spotted back on the APN list (soft check only — not treated as a failure; could be scroll position or list truncation)
2026-09-18 23:25:24,966 INFO     src.phase2.apn_setup: apn 'rakuten.jp' configured successfully
2026-09-18 23:25:24,966 INFO     src.orchestration.slot: slot HQ63460161: reached LOGIN_INSTALL (Phase 2 success condition)
2026-09-18 23:25:24,966 ERROR    main_phase2: FAILED: device HQ632M1012 ended in state ESCALATED (last_error=apn configuration failed)
2026-09-18 23:25:24,967 INFO     main_phase2: SUCCESS: device 353681650397052 reached LOGIN_INSTALL
2026-09-18 23:25:24,967 INFO     main_phase2: SUCCESS: device 352063910272451 reached LOGIN_INSTALL
2026-09-18 23:25:24,967 INFO     main_phase2: SUCCESS: device HQ63460161 reached LOGIN_INSTALL
2026-09-21 03:27:41,475 INFO     main_phase2: --max-retries override: using 0 instead of config's default
2026-09-21 03:27:41,475 INFO     main_phase2: loading model profiles from C:\code\android-system\device-redeployment\config\models
2026-09-21 03:27:41,518 INFO     main_phase2: starting Phase 2 run: serial=HQ632M1012 model=SOG07 (Xperia 10 IV) [skip_wizard]
2026-09-21 03:27:45,236 WARNING  src.orchestration.slot: slot HQ632M1012: skip_wizard=True - assuming factory reset + the setup wizard were already completed manually (client-decided workflow, 2026-09-17 - the wizard cannot be automated via ADB at all). This skips the check that the device actually finished setup, so a device still mid-wizard when this runs will fail in confusing ways downstream rather than here.
2026-09-21 03:27:45,236 INFO     src.orchestration.slot: slot HQ632M1012: connecting wifi
2026-09-21 03:27:46,286 INFO     src.phase2.wifi_setup: already connected to 'earth5_1'; nothing to do
2026-09-21 03:27:46,286 INFO     src.orchestration.slot: slot HQ632M1012: configuring apn
2026-09-21 03:27:47,232 INFO     src.phase2.apn_setup: apn: current input method is 'com.google.android.inputmethod.latin/com.android.inputmethod.latin.LatinIME'
2026-09-21 03:29:50,564 ERROR    src.phase2.apn_setup: apn: could not find/tap the final SIM-scoped menu_path step ('アクセス ポイント名') even after scrolling
2026-09-21 03:29:50,565 ERROR    src.phase2.apn_setup: apn menu navigation failed
2026-09-21 03:29:50,566 ERROR    src.orchestration.slot: slot HQ632M1012: run_init_apn failed: apn configuration failed
2026-09-21 03:29:50,566 ERROR    src.orchestration.scheduler: slot HQ632M1012: exceeded max_retry (0); escalating. last_error=apn configuration failed
2026-09-21 03:29:50,567 ERROR    main_phase2: FAILED: device HQ632M1012 ended in state ESCALATED (last_error=apn configuration failed)
2026-09-22 11:26:47,983 INFO     main_phase2: loading model profiles from C:\code\android-system\device-redeployment\config\models
2026-09-22 11:26:48,028 INFO     main_phase2: no --device/--serial given — auto-detecting connected devices via 'C:\platform-tools\adb.exe devices' + getprop ro.product.model
2026-09-22 11:26:48,159 INFO     main_phase2: device 352063910272451: auto-detected as SHG10 (getprop ro.product.model = 'SHG10')
2026-09-22 11:26:48,245 INFO     main_phase2: device 353681650397052: auto-detected as SHG07 (getprop ro.product.model = 'SHG07')
2026-09-22 11:26:48,380 INFO     main_phase2: device HQ632M1012: auto-detected as SOG07 (getprop ro.product.model = 'SOG07')
2026-09-22 11:26:48,468 INFO     main_phase2: device HQ63460161: auto-detected as SOG08 (getprop ro.product.model = 'SOG08')
2026-09-22 11:26:48,468 INFO     main_phase2: auto-detected 4 device(s): 352063910272451:SHG10, 353681650397052:SHG07, HQ632M1012:SOG07, HQ63460161:SOG08
2026-09-22 11:26:48,468 INFO     main_phase2: running 4 devices in parallel: 352063910272451:SHG10, 353681650397052:SHG07, HQ632M1012:SOG07, HQ63460161:SOG08
2026-09-22 11:26:48,472 INFO     main_phase2: starting Phase 2 run: serial=352063910272451 model=SHG10 (AQUOS sense7) [skip_wizard]
2026-09-22 11:26:48,472 INFO     main_phase2: starting Phase 2 run: serial=353681650397052 model=SHG07 (AQUOS sense6s) [skip_wizard]
2026-09-22 11:26:48,473 INFO     main_phase2: starting Phase 2 run: serial=HQ632M1012 model=SOG07 (Xperia 10 IV) [skip_wizard]
2026-09-22 11:26:48,473 INFO     main_phase2: starting Phase 2 run: serial=HQ63460161 model=SOG08 (Xperia Ace III) [skip_wizard]
2026-09-22 11:26:49,793 WARNING  src.orchestration.slot: slot HQ632M1012: skip_wizard=True - assuming factory reset + the setup wizard were already completed manually (client-decided workflow, 2026-09-17 - the wizard cannot be automated via ADB at all). This skips the check that the device actually finished setup, so a device still mid-wizard when this runs will fail in confusing ways downstream rather than here.
2026-09-22 11:26:49,793 INFO     src.orchestration.slot: slot HQ632M1012: connecting wifi
2026-09-22 11:26:49,927 WARNING  src.orchestration.slot: slot HQ63460161: skip_wizard=True - assuming factory reset + the setup wizard were already completed manually (client-decided workflow, 2026-09-17 - the wizard cannot be automated via ADB at all). This skips the check that the device actually finished setup, so a device still mid-wizard when this runs will fail in confusing ways downstream rather than here.
2026-09-22 11:26:49,927 INFO     src.orchestration.slot: slot HQ63460161: connecting wifi
2026-09-22 11:26:50,085 WARNING  src.orchestration.slot: slot 353681650397052: skip_wizard=True - assuming factory reset + the setup wizard were already completed manually (client-decided workflow, 2026-09-17 - the wizard cannot be automated via ADB at all). This skips the check that the device actually finished setup, so a device still mid-wizard when this runs will fail in confusing ways downstream rather than here.
2026-09-22 11:26:50,085 INFO     src.orchestration.slot: slot 353681650397052: connecting wifi
2026-09-22 11:26:50,460 INFO     src.phase2.wifi_setup: already connected to 'earth5_1'; nothing to do
2026-09-22 11:26:50,461 INFO     src.orchestration.slot: slot HQ632M1012: configuring apn
2026-09-22 11:26:50,503 INFO     src.phase2.wifi_setup: already connected to 'earth5_1'; nothing to do
2026-09-22 11:26:50,503 INFO     src.orchestration.slot: slot HQ63460161: configuring apn
2026-09-22 11:26:50,507 WARNING  src.orchestration.slot: slot 352063910272451: skip_wizard=True - assuming factory reset + the setup wizard were already completed manually (client-decided workflow, 2026-09-17 - the wizard cannot be automated via ADB at all). This skips the check that the device actually finished setup, so a device still mid-wizard when this runs will fail in confusing ways downstream rather than here.
2026-09-22 11:26:50,507 INFO     src.orchestration.slot: slot 352063910272451: connecting wifi
2026-09-22 11:26:50,586 INFO     src.phase2.apn_setup: apn: current input method is 'com.google.android.inputmethod.latin/com.android.inputmethod.latin.LatinIME'
2026-09-22 11:26:50,693 INFO     src.phase2.wifi_setup: already connected to 'earth5_1'; nothing to do
2026-09-22 11:26:50,694 INFO     src.orchestration.slot: slot 353681650397052: configuring apn
2026-09-22 11:26:51,118 INFO     src.phase2.wifi_setup: already connected to 'earth5_1'; nothing to do
2026-09-22 11:26:51,118 INFO     src.orchestration.slot: slot 352063910272451: configuring apn
2026-09-22 11:26:51,134 INFO     src.phase2.apn_setup: apn: current input method is 'com.google.android.inputmethod.latin/com.android.inputmethod.latin.LatinIME'
2026-09-22 11:26:51,511 INFO     src.phase2.apn_setup: apn: current input method is 'com.google.android.inputmethod.latin/com.android.inputmethod.latin.LatinIME'
2026-09-22 11:26:52,036 INFO     src.phase2.apn_setup: apn: current input method is 'com.google.android.inputmethod.latin/com.android.inputmethod.latin.LatinIME'
2026-09-22 11:27:03,321 INFO     src.phase2.apn_setup: reached APN list via the SIM-scoped menu_path
2026-09-22 11:27:04,666 INFO     src.phase2.apn_setup: reached APN list via the SIM-scoped menu_path
2026-09-22 11:27:05,544 INFO     src.phase2.apn_setup: reached APN list via the SIM-scoped menu_path
2026-09-22 11:27:06,778 INFO     src.phase2.apn_setup: reached APN list via the SIM-scoped menu_path
2026-09-22 11:27:47,284 INFO     src.phase2.apn_setup: apn field 'MCC': already shows '440' (auto-populated by the device, presumably from the SIM) — leaving it as-is, not typing '440' over it
2026-09-22 11:27:47,408 INFO     src.phase2.apn_setup: apn field 'MCC': already shows '440' (auto-populated by the device, presumably from the SIM) — leaving it as-is, not typing '440' over it
2026-09-22 11:27:51,044 INFO     src.phase2.apn_setup: apn field 'MCC': already shows '440' (auto-populated by the device, presumably from the SIM) — leaving it as-is, not typing '440' over it
2026-09-22 11:27:57,153 INFO     src.phase2.apn_setup: apn field 'MNC': already shows '10' (auto-populated by the device, presumably from the SIM) — leaving it as-is, not typing '11' over it
2026-09-22 11:27:57,718 INFO     src.phase2.apn_setup: apn field 'MNC': already shows '11' (auto-populated by the device, presumably from the SIM) — leaving it as-is, not typing '11' over it
2026-09-22 11:27:58,065 INFO     src.phase2.apn_setup: apn field 'MCC': already shows '440' (auto-populated by the device, presumably from the SIM) — leaving it as-is, not typing '440' over it
2026-09-22 11:28:01,459 INFO     src.phase2.apn_setup: apn field 'MNC': already shows '11' (auto-populated by the device, presumably from the SIM) — leaving it as-is, not typing '11' over it
2026-09-22 11:28:08,127 INFO     src.phase2.apn_setup: apn field 'MNC': already shows '11' (auto-populated by the device, presumably from the SIM) — leaving it as-is, not typing '11' over it
2026-09-22 11:28:11,570 WARNING  src.phase2.apn_setup: apn: save reported no validation error, but 'rakuten.jp' wasn't spotted back on the APN list (soft check only — not treated as a failure; could be scroll position or list truncation)
2026-09-22 11:28:11,571 INFO     src.phase2.apn_setup: apn 'rakuten.jp' configured successfully
2026-09-22 11:28:11,571 INFO     src.orchestration.slot: slot HQ632M1012: reached LOGIN_INSTALL (Phase 2 success condition)
2026-09-22 11:28:12,825 WARNING  src.phase2.apn_setup: apn: save reported no validation error, but 'rakuten.jp' wasn't spotted back on the APN list (soft check only — not treated as a failure; could be scroll position or list truncation)
2026-09-22 11:28:12,826 INFO     src.phase2.apn_setup: apn 'rakuten.jp' configured successfully
2026-09-22 11:28:12,826 INFO     src.orchestration.slot: slot 352063910272451: reached LOGIN_INSTALL (Phase 2 success condition)
2026-09-22 11:28:16,065 WARNING  src.phase2.apn_setup: apn: save reported no validation error, but 'rakuten.jp' wasn't spotted back on the APN list (soft check only — not treated as a failure; could be scroll position or list truncation)
2026-09-22 11:28:16,065 INFO     src.phase2.apn_setup: apn 'rakuten.jp' configured successfully
2026-09-22 11:28:16,065 INFO     src.orchestration.slot: slot 353681650397052: reached LOGIN_INSTALL (Phase 2 success condition)
2026-09-22 11:28:22,707 WARNING  src.phase2.apn_setup: apn: save reported no validation error, but 'rakuten.jp' wasn't spotted back on the APN list (soft check only — not treated as a failure; could be scroll position or list truncation)
2026-09-22 11:28:22,707 INFO     src.phase2.apn_setup: apn 'rakuten.jp' configured successfully
2026-09-22 11:28:22,708 INFO     src.orchestration.slot: slot HQ63460161: reached LOGIN_INSTALL (Phase 2 success condition)
2026-09-22 11:28:22,708 INFO     main_phase2: SUCCESS: device HQ632M1012 reached LOGIN_INSTALL
2026-09-22 11:28:22,709 INFO     main_phase2: SUCCESS: device 352063910272451 reached LOGIN_INSTALL
2026-09-22 11:28:22,709 INFO     main_phase2: SUCCESS: device 353681650397052 reached LOGIN_INSTALL
2026-09-22 11:28:22,709 INFO     main_phase2: SUCCESS: device HQ63460161 reached LOGIN_INSTALL
2026-09-30 23:45:44,856 INFO     main_phase2: loading model profiles from C:\code\android-system\device-redeployment\config\models
2026-09-30 23:45:44,898 INFO     main_phase2: no --device/--serial given — auto-detecting connected devices via 'C:\platform-tools\adb.exe devices' + getprop ro.product.model
2026-09-30 23:45:45,057 INFO     main_phase2: device 352063910272451: auto-detected as SHG10 (getprop ro.product.model = 'SHG10')
2026-09-30 23:45:45,181 INFO     main_phase2: device 352063910283409: auto-detected as SHG10 (getprop ro.product.model = 'SHG10')
2026-09-30 23:45:45,299 INFO     main_phase2: device 353681650242175: auto-detected as SHG07 (getprop ro.product.model = 'SHG07')
2026-09-30 23:45:45,421 INFO     main_phase2: device 353681650397052: auto-detected as SHG07 (getprop ro.product.model = 'SHG07')
2026-09-30 23:45:45,531 INFO     main_phase2: device 353681653208520: auto-detected as SHG07 (getprop ro.product.model = 'SHG07')
2026-09-30 23:45:45,632 ERROR    main_phase2: device 356659111963982: could not match to a known model profile (getprop ro.product.model = 'SHG05'). Known model_numbers: ['SHG07', 'SHG10', 'SOG07', 'SOG08']. Run it explicitly with --serial 356659111963982 --model <MODEL> once you know which profile it is — and if 'SHG05' is that model's real identity string, add it to that model's config/models/*.yaml under adb_identifiers so auto-detection recognizes it next time.
2026-09-30 23:45:45,741 ERROR    main_phase2: device 357015386489626: could not match to a known model profile (getprop ro.product.model = 'SH-53C'). Known model_numbers: ['SHG07', 'SHG10', 'SOG07', 'SOG08']. Run it explicitly with --serial 357015386489626 --model <MODEL> once you know which profile it is — and if 'SH-53C' is that model's real identity string, add it to that model's config/models/*.yaml under adb_identifiers so auto-detection recognizes it next time.
2026-09-30 23:45:45,870 INFO     main_phase2: device HQ62540758: auto-detected as SOG08 (getprop ro.product.model = 'SOG08')
2026-09-30 23:45:45,996 INFO     main_phase2: device HQ627C0472: auto-detected as SOG08 (getprop ro.product.model = 'SOG08')
2026-09-30 23:45:46,157 INFO     main_phase2: device HQ627F2149: auto-detected as SOG07 (getprop ro.product.model = 'SOG07')
2026-09-30 23:45:46,284 INFO     main_phase2: device HQ632M1012: auto-detected as SOG07 (getprop ro.product.model = 'SOG07')
2026-09-30 23:45:46,441 INFO     main_phase2: device HQ63460161: auto-detected as SOG08 (getprop ro.product.model = 'SOG08')
2026-09-30 23:45:46,595 INFO     main_phase2: device HQ634A0C5D: auto-detected as SOG08 (getprop ro.product.model = 'SOG08')
2026-09-30 23:45:46,740 ERROR    main_phase2: device HQ63622931: could not match to a known model profile (getprop ro.product.model = 'XQ-DC44'). Known model_numbers: ['SHG07', 'SHG10', 'SOG07', 'SOG08']. Run it explicitly with --serial HQ63622931 --model <MODEL> once you know which profile it is — and if 'XQ-DC44' is that model's real identity string, add it to that model's config/models/*.yaml under adb_identifiers so auto-detection recognizes it next time.
2026-09-30 23:45:46,741 INFO     main_phase2: auto-detected 11 device(s): 352063910272451:SHG10, 352063910283409:SHG10, 353681650242175:SHG07, 353681650397052:SHG07, 353681653208520:SHG07, HQ62540758:SOG08, HQ627C0472:SOG08, HQ627F2149:SOG07, HQ632M1012:SOG07, HQ63460161:SOG08, HQ634A0C5D:SOG08
2026-09-30 23:45:46,742 INFO     main_phase2: running 11 devices in parallel: 352063910272451:SHG10, 352063910283409:SHG10, 353681650242175:SHG07, 353681650397052:SHG07, 353681653208520:SHG07, HQ62540758:SOG08, HQ627C0472:SOG08, HQ627F2149:SOG07, HQ632M1012:SOG07, HQ63460161:SOG08, HQ634A0C5D:SOG08
2026-09-30 23:45:46,752 INFO     main_phase2: starting Phase 2 run: serial=352063910272451 model=SHG10 (AQUOS sense7) [skip_wizard]
2026-09-30 23:45:46,753 INFO     main_phase2: starting Phase 2 run: serial=352063910283409 model=SHG10 (AQUOS sense7) [skip_wizard]
2026-09-30 23:45:46,754 INFO     main_phase2: starting Phase 2 run: serial=353681650242175 model=SHG07 (AQUOS sense6s) [skip_wizard]
2026-09-30 23:45:46,756 INFO     main_phase2: starting Phase 2 run: serial=353681650397052 model=SHG07 (AQUOS sense6s) [skip_wizard]
2026-09-30 23:45:46,758 INFO     main_phase2: starting Phase 2 run: serial=353681653208520 model=SHG07 (AQUOS sense6s) [skip_wizard]
2026-09-30 23:45:46,759 INFO     main_phase2: starting Phase 2 run: serial=HQ62540758 model=SOG08 (Xperia Ace III) [skip_wizard]
2026-09-30 23:45:46,760 INFO     main_phase2: starting Phase 2 run: serial=HQ627C0472 model=SOG08 (Xperia Ace III) [skip_wizard]
2026-09-30 23:45:46,765 INFO     main_phase2: starting Phase 2 run: serial=HQ627F2149 model=SOG07 (Xperia 10 IV) [skip_wizard]
2026-09-30 23:45:46,766 INFO     main_phase2: starting Phase 2 run: serial=HQ632M1012 model=SOG07 (Xperia 10 IV) [skip_wizard]
2026-09-30 23:45:46,796 INFO     main_phase2: starting Phase 2 run: serial=HQ63460161 model=SOG08 (Xperia Ace III) [skip_wizard]
2026-09-30 23:45:46,821 INFO     main_phase2: starting Phase 2 run: serial=HQ634A0C5D model=SOG08 (Xperia Ace III) [skip_wizard]
2026-09-30 23:45:48,835 WARNING  src.orchestration.slot: slot HQ62540758: skip_wizard=True - assuming factory reset + the setup wizard were already completed manually (client-decided workflow, 2026-09-17 - the wizard cannot be automated via ADB at all). This skips the check that the device actually finished setup, so a device still mid-wizard when this runs will fail in confusing ways downstream rather than here.
2026-09-30 23:45:48,835 INFO     src.orchestration.slot: slot HQ62540758: connecting wifi
2026-09-30 23:45:48,836 WARNING  src.orchestration.slot: slot HQ634A0C5D: skip_wizard=True - assuming factory reset + the setup wizard were already completed manually (client-decided workflow, 2026-09-17 - the wizard cannot be automated via ADB at all). This skips the check that the device actually finished setup, so a device still mid-wizard when this runs will fail in confusing ways downstream rather than here.
2026-09-30 23:45:48,836 INFO     src.orchestration.slot: slot HQ634A0C5D: connecting wifi
2026-09-30 23:45:48,838 WARNING  src.orchestration.slot: slot 353681650242175: skip_wizard=True - assuming factory reset + the setup wizard were already completed manually (client-decided workflow, 2026-09-17 - the wizard cannot be automated via ADB at all). This skips the check that the device actually finished setup, so a device still mid-wizard when this runs will fail in confusing ways downstream rather than here.
2026-09-30 23:45:48,838 INFO     src.orchestration.slot: slot 353681650242175: connecting wifi
2026-09-30 23:45:48,866 WARNING  src.orchestration.slot: slot HQ627C0472: skip_wizard=True - assuming factory reset + the setup wizard were already completed manually (client-decided workflow, 2026-09-17 - the wizard cannot be automated via ADB at all). This skips the check that the device actually finished setup, so a device still mid-wizard when this runs will fail in confusing ways downstream rather than here.
2026-09-30 23:45:48,866 INFO     src.orchestration.slot: slot HQ627C0472: connecting wifi
2026-09-30 23:45:48,891 WARNING  src.orchestration.slot: slot 353681653208520: skip_wizard=True - assuming factory reset + the setup wizard were already completed manually (client-decided workflow, 2026-09-17 - the wizard cannot be automated via ADB at all). This skips the check that the device actually finished setup, so a device still mid-wizard when this runs will fail in confusing ways downstream rather than here.
2026-09-30 23:45:48,892 INFO     src.orchestration.slot: slot 353681653208520: connecting wifi
2026-09-30 23:45:48,948 WARNING  src.orchestration.slot: slot 353681650397052: skip_wizard=True - assuming factory reset + the setup wizard were already completed manually (client-decided workflow, 2026-09-17 - the wizard cannot be automated via ADB at all). This skips the check that the device actually finished setup, so a device still mid-wizard when this runs will fail in confusing ways downstream rather than here.
2026-09-30 23:45:48,948 INFO     src.orchestration.slot: slot 353681650397052: connecting wifi
2026-09-30 23:45:48,958 WARNING  src.orchestration.slot: slot HQ627F2149: skip_wizard=True - assuming factory reset + the setup wizard were already completed manually (client-decided workflow, 2026-09-17 - the wizard cannot be automated via ADB at all). This skips the check that the device actually finished setup, so a device still mid-wizard when this runs will fail in confusing ways downstream rather than here.
2026-09-30 23:45:48,960 INFO     src.orchestration.slot: slot HQ627F2149: connecting wifi
2026-09-30 23:45:48,999 WARNING  src.orchestration.slot: slot 352063910272451: skip_wizard=True - assuming factory reset + the setup wizard were already completed manually (client-decided workflow, 2026-09-17 - the wizard cannot be automated via ADB at all). This skips the check that the device actually finished setup, so a device still mid-wizard when this runs will fail in confusing ways downstream rather than here.
2026-09-30 23:45:48,999 INFO     src.orchestration.slot: slot 352063910272451: connecting wifi
2026-09-30 23:45:49,020 WARNING  src.orchestration.slot: slot 352063910283409: skip_wizard=True - assuming factory reset + the setup wizard were already completed manually (client-decided workflow, 2026-09-17 - the wizard cannot be automated via ADB at all). This skips the check that the device actually finished setup, so a device still mid-wizard when this runs will fail in confusing ways downstream rather than here.
2026-09-30 23:45:49,022 INFO     src.orchestration.slot: slot 352063910283409: connecting wifi
2026-09-30 23:45:49,192 WARNING  src.orchestration.slot: slot HQ632M1012: skip_wizard=True - assuming factory reset + the setup wizard were already completed manually (client-decided workflow, 2026-09-17 - the wizard cannot be automated via ADB at all). This skips the check that the device actually finished setup, so a device still mid-wizard when this runs will fail in confusing ways downstream rather than here.
2026-09-30 23:45:49,192 INFO     src.orchestration.slot: slot HQ632M1012: connecting wifi
2026-09-30 23:45:49,251 WARNING  src.orchestration.slot: slot HQ63460161: skip_wizard=True - assuming factory reset + the setup wizard were already completed manually (client-decided workflow, 2026-09-17 - the wizard cannot be automated via ADB at all). This skips the check that the device actually finished setup, so a device still mid-wizard when this runs will fail in confusing ways downstream rather than here.
2026-09-30 23:45:49,251 INFO     src.orchestration.slot: slot HQ63460161: connecting wifi
2026-09-30 23:45:49,487 INFO     src.phase2.wifi_setup: shell wifi connect-network unavailable/failed: adb command failed: 'shell cmd wifi connect-network "earth5_1" wpa2 "earth5_1"' - Exception occurred while executing 'connect-network':
java.lang.SecurityException: Uid 2000 does not have access to connect-network wifi command (or such command doesn't exist)
	at com.android.server.wifi.WifiShellCommand.onCommand(WifiShellCommand.java:426)
	at com.android.wifi.x.com.android.modules.utils.BasicShellCommandHandler.exec(BasicShellCommandHandler.java:97)
	at com.android.server.wifi.WifiServiceImpl.handleShellCommand(WifiServiceImpl.java:4709)
	at android.os.Binder.onShellCommand(Binder.java:1102)
	at android.os.Binder.shellCommand(Binder.java:1049)
	at android.os.Binder.onTransact(Binder.java:877)
	at android.net.wifi.IWifiManager$Stub.onTransact(IWifiManager.java:2099)
	at android.os.Binder.execTransactInternal(Binder.java:1285)
	at android.os.Binder.execTransact(Binder.java:1244)
2026-09-30 23:45:49,557 INFO     src.phase2.wifi_setup: shell wifi connect-network unavailable/failed: adb command failed: 'shell cmd wifi connect-network "earth5_1" wpa2 "earth5_1"' - Exception occurred while executing 'connect-network':
java.lang.SecurityException: Uid 2000 does not have access to connect-network wifi command (or such command doesn't exist)
	at com.android.server.wifi.WifiShellCommand.onCommand(WifiShellCommand.java:483)
	at com.android.wifi.x.com.android.modules.utils.BasicShellCommandHandler.exec(BasicShellCommandHandler.java:97)
	at com.android.server.wifi.WifiServiceImpl.handleShellCommand(WifiServiceImpl.java:5318)
	at android.os.Binder.onShellCommand(Binder.java:1121)
	at android.os.Binder.shellCommand(Binder.java:1068)
	at android.os.Binder.onTransact(Binder.java:888)
	at android.net.wifi.IWifiManager$Stub.onTransact(IWifiManager.java:3247)
	at android.os.Binder.execTransactInternal(Binder.java:1344)
	at android.os.Binder.execTransact(Binder.java:1275)
2026-09-30 23:45:49,606 INFO     src.phase2.wifi_setup: shell wifi connect-network unavailable/failed: adb command failed: 'shell cmd wifi connect-network "earth5_1" wpa2 "earth5_1"' - Exception occurred while executing 'connect-network':
java.lang.SecurityException: Uid 2000 does not have access to connect-network wifi command (or such command doesn't exist)
	at com.android.server.wifi.WifiShellCommand.onCommand(WifiShellCommand.java:426)
	at com.android.wifi.x.com.android.modules.utils.BasicShellCommandHandler.exec(BasicShellCommandHandler.java:97)
	at com.android.server.wifi.WifiServiceImpl.handleShellCommand(WifiServiceImpl.java:4709)
	at android.os.Binder.onShellCommand(Binder.java:1102)
	at android.os.Binder.shellCommand(Binder.java:1049)
	at android.os.Binder.onTransact(Binder.java:877)
	at android.net.wifi.IWifiManager$Stub.onTransact(IWifiManager.java:2099)
	at android.os.Binder.execTransactInternal(Binder.java:1285)
	at android.os.Binder.execTransact(Binder.java:1244)
2026-09-30 23:45:49,617 INFO     src.phase2.wifi_setup: shell wifi connect-network unavailable/failed: adb command failed: 'shell cmd wifi connect-network "earth5_1" wpa2 "earth5_1"' - Exception occurred while executing 'connect-network':
java.lang.SecurityException: Uid 2000 does not have access to connect-network wifi command (or such command doesn't exist)
	at com.android.server.wifi.WifiShellCommand.onCommand(WifiShellCommand.java:483)
	at com.android.wifi.x.com.android.modules.utils.BasicShellCommandHandler.exec(BasicShellCommandHandler.java:97)
	at com.android.server.wifi.WifiServiceImpl.handleShellCommand(WifiServiceImpl.java:5318)
	at android.os.Binder.onShellCommand(Binder.java:1121)
	at android.os.Binder.shellCommand(Binder.java:1068)
	at android.os.Binder.onTransact(Binder.java:888)
	at android.net.wifi.IWifiManager$Stub.onTransact(IWifiManager.java:3247)
	at android.os.Binder.execTransactInternal(Binder.java:1344)
	at android.os.Binder.execTransact(Binder.java:1275)
2026-09-30 23:45:49,625 INFO     src.phase2.wifi_setup: shell wifi connect-network unavailable/failed: adb command failed: 'shell cmd wifi connect-network "earth5_1" wpa2 "earth5_1"' - Exception occurred while executing 'connect-network':
java.lang.SecurityException: Uid 2000 does not have access to connect-network wifi command (or such command doesn't exist)
	at com.android.server.wifi.WifiShellCommand.onCommand(Unknown Source:63)
	at com.android.wifi.x.com.android.modules.utils.BasicShellCommandHandler.exec(BasicShellCommandHandler.java:97)
	at com.android.server.wifi.WifiServiceImpl.handleShellCommand(Unknown Source:33)
	at android.os.Binder.onShellCommand(Binder.java:1102)
	at android.os.Binder.shellCommand(Binder.java:1049)
	at android.os.Binder.onTransact(Binder.java:877)
	at android.net.wifi.IWifiManager$Stub.onTransact(IWifiManager.java:2132)
	at android.os.Binder.execTransactInternal(Binder.java:1285)
	at android.os.Binder.execTransact(Binder.java:1244)
2026-09-30 23:45:49,636 INFO     src.phase2.wifi_setup: shell wifi connect-network unavailable/failed: adb command failed: 'shell cmd wifi connect-network "earth5_1" wpa2 "earth5_1"' - Exception occurred while executing 'connect-network':
java.lang.SecurityException: Uid 2000 does not have access to connect-network wifi command (or such command doesn't exist)
	at com.android.server.wifi.WifiShellCommand.onCommand(WifiShellCommand.java:483)
	at com.android.wifi.x.com.android.modules.utils.BasicShellCommandHandler.exec(BasicShellCommandHandler.java:97)
	at com.android.server.wifi.WifiServiceImpl.handleShellCommand(WifiServiceImpl.java:5318)
	at android.os.Binder.onShellCommand(Binder.java:1121)
	at android.os.Binder.shellCommand(Binder.java:1068)
	at android.os.Binder.onTransact(Binder.java:888)
	at android.net.wifi.IWifiManager$Stub.onTransact(IWifiManager.java:3247)
	at android.os.Binder.execTransactInternal(Binder.java:1344)
	at android.os.Binder.execTransact(Binder.java:1275)
2026-09-30 23:45:49,644 INFO     src.phase2.wifi_setup: already connected to 'earth5_1'; nothing to do
2026-09-30 23:45:49,644 INFO     src.orchestration.slot: slot 353681650397052: configuring apn
2026-09-30 23:45:49,686 INFO     src.phase2.wifi_setup: already connected to 'earth5_1'; nothing to do
2026-09-30 23:45:49,686 INFO     src.orchestration.slot: slot 352063910272451: configuring apn
2026-09-30 23:45:49,694 INFO     src.phase2.wifi_setup: already connected to 'earth5_1'; nothing to do
2026-09-30 23:45:49,694 INFO     src.orchestration.slot: slot HQ632M1012: configuring apn
2026-09-30 23:45:49,878 INFO     src.phase2.wifi_setup: already connected to 'earth5_1'; nothing to do
2026-09-30 23:45:49,878 INFO     src.orchestration.slot: slot HQ63460161: configuring apn
2026-09-30 23:45:49,880 INFO     src.phase2.wifi_setup: shell wifi connect-network unavailable/failed: adb command failed: 'shell cmd wifi connect-network "earth5_1" wpa2 "earth5_1"' - Exception occurred while executing 'connect-network':
java.lang.SecurityException: Uid 2000 does not have access to connect-network wifi command (or such command doesn't exist)
	at com.android.server.wifi.WifiShellCommand.onCommand(WifiShellCommand.java:483)
	at com.android.wifi.x.com.android.modules.utils.BasicShellCommandHandler.exec(BasicShellCommandHandler.java:97)
	at com.android.server.wifi.WifiServiceImpl.handleShellCommand(WifiServiceImpl.java:5204)
	at android.os.Binder.onShellCommand(Binder.java:1121)
	at android.os.Binder.shellCommand(Binder.java:1068)
	at android.os.Binder.onTransact(Binder.java:888)
	at android.net.wifi.IWifiManager$Stub.onTransact(IWifiManager.java:3230)
	at android.os.Binder.execTransactInternal(Binder.java:1344)
	at android.os.Binder.execTransact(Binder.java:1275)
2026-09-30 23:45:50,352 INFO     src.phase2.apn_setup: apn: current input method is 'com.google.android.inputmethod.latin/com.android.inputmethod.latin.LatinIME'
2026-09-30 23:45:50,454 INFO     src.phase2.apn_setup: apn: current input method is 'com.google.android.inputmethod.latin/com.android.inputmethod.latin.LatinIME'
2026-09-30 23:45:50,547 INFO     src.phase2.apn_setup: apn: current input method is 'com.google.android.inputmethod.latin/com.android.inputmethod.latin.LatinIME'
2026-09-30 23:45:50,888 INFO     src.phase2.apn_setup: apn: current input method is 'com.google.android.inputmethod.latin/com.android.inputmethod.latin.LatinIME'
2026-09-30 23:45:52,178 INFO     src.phase2.wifi_setup: WIFI_SETTINGS intent didn't land on a recognizable Wi-Fi screen; falling back to menu_path navigation
2026-09-30 23:45:52,248 INFO     src.phase2.wifi_setup: WIFI_SETTINGS intent didn't land on a recognizable Wi-Fi screen; falling back to menu_path navigation
2026-09-30 23:45:52,493 INFO     src.phase2.wifi_setup: WIFI_SETTINGS intent didn't land on a recognizable Wi-Fi screen; falling back to menu_path navigation
2026-09-30 23:45:52,521 INFO     src.phase2.wifi_setup: WIFI_SETTINGS intent didn't land on a recognizable Wi-Fi screen; falling back to menu_path navigation
2026-09-30 23:45:52,636 INFO     src.phase2.wifi_setup: WIFI_SETTINGS intent didn't land on a recognizable Wi-Fi screen; falling back to menu_path navigation
2026-09-30 23:45:52,857 INFO     src.phase2.wifi_setup: WIFI_SETTINGS intent didn't land on a recognizable Wi-Fi screen; falling back to menu_path navigation
2026-09-30 23:45:53,063 INFO     src.phase2.wifi_setup: WIFI_SETTINGS intent didn't land on a recognizable Wi-Fi screen; falling back to menu_path navigation
2026-09-30 23:45:53,628 ERROR    src.orchestration.slot: slot 352063910272451: run_init_apn failed: refusing to tap: current screen contains the USB-debugging disable notification (matched '無効にするにはここをタップ' in the dump). A mistargeted tap here would disable ADB and strand the device. Clear the notification shade before retrying — see docs/record.md, 'UI hazard' section.
2026-09-30 23:45:53,629 WARNING  src.orchestration.scheduler: slot 352063910272451: attempt failed (retry 1/3): refusing to tap: current screen contains the USB-debugging disable notification (matched '無効にするにはここをタップ' in the dump). A mistargeted tap here would disable ADB and strand the device. Clear the notification shade before retrying — see docs/record.md, 'UI hazard' section.
2026-09-30 23:45:54,272 ERROR    src.orchestration.slot: slot HQ632M1012: run_init_apn failed: refusing to tap: current screen contains the USB-debugging disable notification (matched '無効にするにはここをタップ' in the dump). A mistargeted tap here would disable ADB and strand the device. Clear the notification shade before retrying — see docs/record.md, 'UI hazard' section.
2026-09-30 23:45:54,272 WARNING  src.orchestration.scheduler: slot HQ632M1012: attempt failed (retry 1/3): refusing to tap: current screen contains the USB-debugging disable notification (matched '無効にするにはここをタップ' in the dump). A mistargeted tap here would disable ADB and strand the device. Clear the notification shade before retrying — see docs/record.md, 'UI hazard' section.
2026-09-30 23:45:54,615 WARNING  src.phase2.wifi_setup: wifi UI fallback: could not navigate to Wi-Fi settings screen
2026-09-30 23:45:54,763 WARNING  src.orchestration.slot: slot 352063910272451: skip_wizard=True - assuming factory reset + the setup wizard were already completed manually (client-decided workflow, 2026-09-17 - the wizard cannot be automated via ADB at all). This skips the check that the device actually finished setup, so a device still mid-wizard when this runs will fail in confusing ways downstream rather than here.
2026-09-30 23:45:54,764 INFO     src.orchestration.slot: slot 352063910272451: connecting wifi
2026-09-30 23:45:54,895 ERROR    src.orchestration.slot: slot 353681650242175: run_init_apn failed: refusing to tap: current screen contains the USB-debugging disable notification (matched '無効にするにはここをタップ' in the dump). A mistargeted tap here would disable ADB and strand the device. Clear the notification shade before retrying — see docs/record.md, 'UI hazard' section.
2026-09-30 23:45:54,896 WARNING  src.orchestration.scheduler: slot 353681650242175: attempt failed (retry 1/3): refusing to tap: current screen contains the USB-debugging disable notification (matched '無効にするにはここをタップ' in the dump). A mistargeted tap here would disable ADB and strand the device. Clear the notification shade before retrying — see docs/record.md, 'UI hazard' section.
2026-09-30 23:45:55,188 ERROR    src.orchestration.slot: slot 353681653208520: run_init_apn failed: refusing to tap: current screen contains the USB-debugging disable notification (matched '無効にするにはここをタップ' in the dump). A mistargeted tap here would disable ADB and strand the device. Clear the notification shade before retrying — see docs/record.md, 'UI hazard' section.
2026-09-30 23:45:55,189 WARNING  src.orchestration.scheduler: slot 353681653208520: attempt failed (retry 1/3): refusing to tap: current screen contains the USB-debugging disable notification (matched '無効にするにはここをタップ' in the dump). A mistargeted tap here would disable ADB and strand the device. Clear the notification shade before retrying — see docs/record.md, 'UI hazard' section.
2026-09-30 23:45:55,197 ERROR    src.orchestration.slot: slot HQ634A0C5D: run_init_apn failed: refusing to tap: current screen contains the USB-debugging disable notification (matched '無効にするにはここをタップ' in the dump). A mistargeted tap here would disable ADB and strand the device. Clear the notification shade before retrying — see docs/record.md, 'UI hazard' section.
2026-09-30 23:45:55,197 WARNING  src.orchestration.scheduler: slot HQ634A0C5D: attempt failed (retry 1/3): refusing to tap: current screen contains the USB-debugging disable notification (matched '無効にするにはここをタップ' in the dump). A mistargeted tap here would disable ADB and strand the device. Clear the notification shade before retrying — see docs/record.md, 'UI hazard' section.
2026-09-30 23:45:55,212 INFO     src.phase2.wifi_setup: already connected to 'earth5_1'; nothing to do
2026-09-30 23:45:55,213 INFO     src.orchestration.slot: slot 352063910272451: configuring apn
2026-09-30 23:45:55,280 ERROR    src.orchestration.slot: slot HQ627C0472: run_init_apn failed: refusing to tap: current screen contains the USB-debugging disable notification (matched '無効にするにはここをタップ' in the dump). A mistargeted tap here would disable ADB and strand the device. Clear the notification shade before retrying — see docs/record.md, 'UI hazard' section.
2026-09-30 23:45:55,280 WARNING  src.orchestration.scheduler: slot HQ627C0472: attempt failed (retry 1/3): refusing to tap: current screen contains the USB-debugging disable notification (matched '無効にするにはここをタップ' in the dump). A mistargeted tap here would disable ADB and strand the device. Clear the notification shade before retrying — see docs/record.md, 'UI hazard' section.
2026-09-30 23:45:55,424 WARNING  src.orchestration.slot: slot HQ632M1012: skip_wizard=True - assuming factory reset + the setup wizard were already completed manually (client-decided workflow, 2026-09-17 - the wizard cannot be automated via ADB at all). This skips the check that the device actually finished setup, so a device still mid-wizard when this runs will fail in confusing ways downstream rather than here.
2026-09-30 23:45:55,424 INFO     src.orchestration.slot: slot HQ632M1012: connecting wifi
2026-09-30 23:45:55,461 INFO     src.phase2.apn_setup: apn: current input method is 'com.google.android.inputmethod.latin/com.android.inputmethod.latin.LatinIME'
2026-09-30 23:45:55,481 ERROR    src.orchestration.slot: slot HQ62540758: run_init_apn failed: refusing to tap: current screen contains the USB-debugging disable notification (matched '無効にするにはここをタップ' in the dump). A mistargeted tap here would disable ADB and strand the device. Clear the notification shade before retrying — see docs/record.md, 'UI hazard' section.
2026-09-30 23:45:55,481 WARNING  src.orchestration.scheduler: slot HQ62540758: attempt failed (retry 1/3): refusing to tap: current screen contains the USB-debugging disable notification (matched '無効にするにはここをタップ' in the dump). A mistargeted tap here would disable ADB and strand the device. Clear the notification shade before retrying — see docs/record.md, 'UI hazard' section.
2026-09-30 23:45:55,700 ERROR    src.orchestration.slot: slot 352063910283409: run_init_apn failed: refusing to tap: current screen contains the USB-debugging disable notification (matched '無効にするにはここをタップ' in the dump). A mistargeted tap here would disable ADB and strand the device. Clear the notification shade before retrying — see docs/record.md, 'UI hazard' section.
2026-09-30 23:45:55,700 WARNING  src.orchestration.scheduler: slot 352063910283409: attempt failed (retry 1/3): refusing to tap: current screen contains the USB-debugging disable notification (matched '無効にするにはここをタップ' in the dump). A mistargeted tap here would disable ADB and strand the device. Clear the notification shade before retrying — see docs/record.md, 'UI hazard' section.
2026-09-30 23:45:55,866 INFO     src.phase2.wifi_setup: already connected to 'earth5_1'; nothing to do
2026-09-30 23:45:55,866 INFO     src.orchestration.slot: slot HQ632M1012: configuring apn
2026-09-30 23:45:55,891 ERROR    src.orchestration.slot: slot HQ63460161: run_init_apn failed: refusing to tap: current screen contains the USB-debugging disable notification (matched '無効にするにはここをタップ' in the dump). A mistargeted tap here would disable ADB and strand the device. Clear the notification shade before retrying — see docs/record.md, 'UI hazard' section.
2026-09-30 23:45:55,892 WARNING  src.orchestration.scheduler: slot HQ63460161: attempt failed (retry 1/3): refusing to tap: current screen contains the USB-debugging disable notification (matched '無効にするにはここをタップ' in the dump). A mistargeted tap here would disable ADB and strand the device. Clear the notification shade before retrying — see docs/record.md, 'UI hazard' section.
2026-09-30 23:45:56,062 WARNING  src.orchestration.slot: slot 353681650242175: skip_wizard=True - assuming factory reset + the setup wizard were already completed manually (client-decided workflow, 2026-09-17 - the wizard cannot be automated via ADB at all). This skips the check that the device actually finished setup, so a device still mid-wizard when this runs will fail in confusing ways downstream rather than here.
2026-09-30 23:45:56,063 INFO     src.orchestration.slot: slot 353681650242175: connecting wifi
2026-09-30 23:45:56,116 INFO     src.phase2.apn_setup: apn: current input method is 'com.google.android.inputmethod.latin/com.android.inputmethod.latin.LatinIME'
2026-09-30 23:45:56,341 WARNING  src.orchestration.slot: slot 353681653208520: skip_wizard=True - assuming factory reset + the setup wizard were already completed manually (client-decided workflow, 2026-09-17 - the wizard cannot be automated via ADB at all). This skips the check that the device actually finished setup, so a device still mid-wizard when this runs will fail in confusing ways downstream rather than here.
2026-09-30 23:45:56,341 INFO     src.orchestration.slot: slot 353681653208520: connecting wifi
2026-09-30 23:45:56,397 WARNING  src.orchestration.slot: slot HQ634A0C5D: skip_wizard=True - assuming factory reset + the setup wizard were already completed manually (client-decided workflow, 2026-09-17 - the wizard cannot be automated via ADB at all). This skips the check that the device actually finished setup, so a device still mid-wizard when this runs will fail in confusing ways downstream rather than here.
2026-09-30 23:45:56,397 INFO     src.orchestration.slot: slot HQ634A0C5D: connecting wifi
2026-09-30 23:45:56,478 WARNING  src.orchestration.slot: slot HQ627C0472: skip_wizard=True - assuming factory reset + the setup wizard were already completed manually (client-decided workflow, 2026-09-17 - the wizard cannot be automated via ADB at all). This skips the check that the device actually finished setup, so a device still mid-wizard when this runs will fail in confusing ways downstream rather than here.
2026-09-30 23:45:56,480 INFO     src.orchestration.slot: slot HQ627C0472: connecting wifi
2026-09-30 23:45:56,650 INFO     src.phase2.wifi_setup: shell wifi connect-network unavailable/failed: adb command failed: 'shell cmd wifi connect-network "earth5_1" wpa2 "earth5_1"' - Exception occurred while executing 'connect-network':
java.lang.SecurityException: Uid 2000 does not have access to connect-network wifi command (or such command doesn't exist)
	at com.android.server.wifi.WifiShellCommand.onCommand(WifiShellCommand.java:426)
	at com.android.wifi.x.com.android.modules.utils.BasicShellCommandHandler.exec(BasicShellCommandHandler.java:97)
	at com.android.server.wifi.WifiServiceImpl.handleShellCommand(WifiServiceImpl.java:4709)
	at android.os.Binder.onShellCommand(Binder.java:1102)
	at android.os.Binder.shellCommand(Binder.java:1049)
	at android.os.Binder.onTransact(Binder.java:877)
	at android.net.wifi.IWifiManager$Stub.onTransact(IWifiManager.java:2099)
	at android.os.Binder.execTransactInternal(Binder.java:1285)
	at android.os.Binder.execTransact(Binder.java:1244)
2026-09-30 23:45:56,661 WARNING  src.orchestration.slot: slot HQ62540758: skip_wizard=True - assuming factory reset + the setup wizard were already completed manually (client-decided workflow, 2026-09-17 - the wizard cannot be automated via ADB at all). This skips the check that the device actually finished setup, so a device still mid-wizard when this runs will fail in confusing ways downstream rather than here.
2026-09-30 23:45:56,661 INFO     src.orchestration.slot: slot HQ62540758: connecting wifi
2026-09-30 23:45:56,857 WARNING  src.orchestration.slot: slot 352063910283409: skip_wizard=True - assuming factory reset + the setup wizard were already completed manually (client-decided workflow, 2026-09-17 - the wizard cannot be automated via ADB at all). This skips the check that the device actually finished setup, so a device still mid-wizard when this runs will fail in confusing ways downstream rather than here.
2026-09-30 23:45:56,858 INFO     src.orchestration.slot: slot 352063910283409: connecting wifi
2026-09-30 23:45:56,955 INFO     src.phase2.wifi_setup: shell wifi connect-network unavailable/failed: adb command failed: 'shell cmd wifi connect-network "earth5_1" wpa2 "earth5_1"' - Exception occurred while executing 'connect-network':
java.lang.SecurityException: Uid 2000 does not have access to connect-network wifi command (or such command doesn't exist)
	at com.android.server.wifi.WifiShellCommand.onCommand(WifiShellCommand.java:426)
	at com.android.wifi.x.com.android.modules.utils.BasicShellCommandHandler.exec(BasicShellCommandHandler.java:97)
	at com.android.server.wifi.WifiServiceImpl.handleShellCommand(WifiServiceImpl.java:4709)
	at android.os.Binder.onShellCommand(Binder.java:1102)
	at android.os.Binder.shellCommand(Binder.java:1049)
	at android.os.Binder.onTransact(Binder.java:877)
	at android.net.wifi.IWifiManager$Stub.onTransact(IWifiManager.java:2099)
	at android.os.Binder.execTransactInternal(Binder.java:1285)
	at android.os.Binder.execTransact(Binder.java:1244)
2026-09-30 23:45:56,993 INFO     src.phase2.wifi_setup: shell wifi connect-network unavailable/failed: adb command failed: 'shell cmd wifi connect-network "earth5_1" wpa2 "earth5_1"' - Exception occurred while executing 'connect-network':
java.lang.SecurityException: Uid 2000 does not have access to connect-network wifi command (or such command doesn't exist)
	at com.android.server.wifi.WifiShellCommand.onCommand(WifiShellCommand.java:483)
	at com.android.wifi.x.com.android.modules.utils.BasicShellCommandHandler.exec(BasicShellCommandHandler.java:97)
	at com.android.server.wifi.WifiServiceImpl.handleShellCommand(WifiServiceImpl.java:5318)
	at android.os.Binder.onShellCommand(Binder.java:1121)
	at android.os.Binder.shellCommand(Binder.java:1068)
	at android.os.Binder.onTransact(Binder.java:888)
	at android.net.wifi.IWifiManager$Stub.onTransact(IWifiManager.java:3247)
	at android.os.Binder.execTransactInternal(Binder.java:1344)
	at android.os.Binder.execTransact(Binder.java:1275)
2026-09-30 23:45:57,069 WARNING  src.orchestration.slot: slot HQ63460161: skip_wizard=True - assuming factory reset + the setup wizard were already completed manually (client-decided workflow, 2026-09-17 - the wizard cannot be automated via ADB at all). This skips the check that the device actually finished setup, so a device still mid-wizard when this runs will fail in confusing ways downstream rather than here.
2026-09-30 23:45:57,069 INFO     src.orchestration.slot: slot HQ63460161: connecting wifi
2026-09-30 23:45:57,092 INFO     src.phase2.wifi_setup: shell wifi connect-network unavailable/failed: adb command failed: 'shell cmd wifi connect-network "earth5_1" wpa2 "earth5_1"' - Exception occurred while executing 'connect-network':
java.lang.SecurityException: Uid 2000 does not have access to connect-network wifi command (or such command doesn't exist)
	at com.android.server.wifi.WifiShellCommand.onCommand(WifiShellCommand.java:483)
	at com.android.wifi.x.com.android.modules.utils.BasicShellCommandHandler.exec(BasicShellCommandHandler.java:97)
	at com.android.server.wifi.WifiServiceImpl.handleShellCommand(WifiServiceImpl.java:5318)
	at android.os.Binder.onShellCommand(Binder.java:1121)
	at android.os.Binder.shellCommand(Binder.java:1068)
	at android.os.Binder.onTransact(Binder.java:888)
	at android.net.wifi.IWifiManager$Stub.onTransact(IWifiManager.java:3247)
	at android.os.Binder.execTransactInternal(Binder.java:1344)
	at android.os.Binder.execTransact(Binder.java:1275)
2026-09-30 23:45:57,255 INFO     src.phase2.wifi_setup: shell wifi connect-network unavailable/failed: adb command failed: 'shell cmd wifi connect-network "earth5_1" wpa2 "earth5_1"' - Exception occurred while executing 'connect-network':
java.lang.SecurityException: Uid 2000 does not have access to connect-network wifi command (or such command doesn't exist)
	at com.android.server.wifi.WifiShellCommand.onCommand(WifiShellCommand.java:483)
	at com.android.wifi.x.com.android.modules.utils.BasicShellCommandHandler.exec(BasicShellCommandHandler.java:97)
	at com.android.server.wifi.WifiServiceImpl.handleShellCommand(WifiServiceImpl.java:5318)
	at android.os.Binder.onShellCommand(Binder.java:1121)
	at android.os.Binder.shellCommand(Binder.java:1068)
	at android.os.Binder.onTransact(Binder.java:888)
	at android.net.wifi.IWifiManager$Stub.onTransact(IWifiManager.java:3247)
	at android.os.Binder.execTransactInternal(Binder.java:1344)
	at android.os.Binder.execTransact(Binder.java:1275)
2026-09-30 23:45:57,512 INFO     src.phase2.wifi_setup: shell wifi connect-network unavailable/failed: adb command failed: 'shell cmd wifi connect-network "earth5_1" wpa2 "earth5_1"' - Exception occurred while executing 'connect-network':
java.lang.SecurityException: Uid 2000 does not have access to connect-network wifi command (or such command doesn't exist)
	at com.android.server.wifi.WifiShellCommand.onCommand(WifiShellCommand.java:483)
	at com.android.wifi.x.com.android.modules.utils.BasicShellCommandHandler.exec(BasicShellCommandHandler.java:97)
	at com.android.server.wifi.WifiServiceImpl.handleShellCommand(WifiServiceImpl.java:5204)
	at android.os.Binder.onShellCommand(Binder.java:1121)
	at android.os.Binder.shellCommand(Binder.java:1068)
	at android.os.Binder.onTransact(Binder.java:888)
	at android.net.wifi.IWifiManager$Stub.onTransact(IWifiManager.java:3230)
	at android.os.Binder.execTransactInternal(Binder.java:1344)
	at android.os.Binder.execTransact(Binder.java:1275)
2026-09-30 23:45:57,519 INFO     src.phase2.wifi_setup: already connected to 'earth5_1'; nothing to do
2026-09-30 23:45:57,519 INFO     src.orchestration.slot: slot HQ63460161: configuring apn
2026-09-30 23:45:57,765 INFO     src.phase2.apn_setup: apn: current input method is 'com.google.android.inputmethod.latin/com.android.inputmethod.latin.LatinIME'
2026-09-30 23:45:58,088 ERROR    src.orchestration.slot: slot 352063910272451: run_init_apn failed: refusing to tap: current screen contains the USB-debugging disable notification (matched '無効にするにはここをタップ' in the dump). A mistargeted tap here would disable ADB and strand the device. Clear the notification shade before retrying — see docs/record.md, 'UI hazard' section.
2026-09-30 23:45:58,090 WARNING  src.orchestration.scheduler: slot 352063910272451: attempt failed (retry 2/3): refusing to tap: current screen contains the USB-debugging disable notification (matched '無効にするにはここをタップ' in the dump). A mistargeted tap here would disable ADB and strand the device. Clear the notification shade before retrying — see docs/record.md, 'UI hazard' section.
2026-09-30 23:45:59,121 ERROR    src.orchestration.slot: slot HQ632M1012: run_init_apn failed: refusing to tap: current screen contains the USB-debugging disable notification (matched '無効にするにはここをタップ' in the dump). A mistargeted tap here would disable ADB and strand the device. Clear the notification shade before retrying — see docs/record.md, 'UI hazard' section.
2026-09-30 23:45:59,121 WARNING  src.orchestration.scheduler: slot HQ632M1012: attempt failed (retry 2/3): refusing to tap: current screen contains the USB-debugging disable notification (matched '無効にするにはここをタップ' in the dump). A mistargeted tap here would disable ADB and strand the device. Clear the notification shade before retrying — see docs/record.md, 'UI hazard' section.
2026-09-30 23:45:59,309 WARNING  src.orchestration.slot: slot 352063910272451: skip_wizard=True - assuming factory reset + the setup wizard were already completed manually (client-decided workflow, 2026-09-17 - the wizard cannot be automated via ADB at all). This skips the check that the device actually finished setup, so a device still mid-wizard when this runs will fail in confusing ways downstream rather than here.
2026-09-30 23:45:59,310 INFO     src.orchestration.slot: slot 352063910272451: connecting wifi
2026-09-30 23:45:59,473 INFO     src.phase2.wifi_setup: WIFI_SETTINGS intent didn't land on a recognizable Wi-Fi screen; falling back to menu_path navigation
2026-09-30 23:45:59,672 INFO     src.phase2.wifi_setup: WIFI_SETTINGS intent didn't land on a recognizable Wi-Fi screen; falling back to menu_path navigation
2026-09-30 23:45:59,735 INFO     src.phase2.wifi_setup: already connected to 'earth5_1'; nothing to do
2026-09-30 23:45:59,735 INFO     src.orchestration.slot: slot 352063910272451: configuring apn
2026-09-30 23:45:59,788 INFO     src.phase2.wifi_setup: WIFI_SETTINGS intent didn't land on a recognizable Wi-Fi screen; falling back to menu_path navigation
2026-09-30 23:45:59,868 INFO     src.phase2.wifi_setup: WIFI_SETTINGS intent didn't land on a recognizable Wi-Fi screen; falling back to menu_path navigation
2026-09-30 23:45:59,983 INFO     src.phase2.apn_setup: apn: current input method is 'com.google.android.inputmethod.latin/com.android.inputmethod.latin.LatinIME'
2026-09-30 23:46:00,266 WARNING  src.orchestration.slot: slot HQ632M1012: skip_wizard=True - assuming factory reset + the setup wizard were already completed manually (client-decided workflow, 2026-09-17 - the wizard cannot be automated via ADB at all). This skips the check that the device actually finished setup, so a device still mid-wizard when this runs will fail in confusing ways downstream rather than here.
2026-09-30 23:46:00,266 INFO     src.orchestration.slot: slot HQ632M1012: connecting wifi
2026-09-30 23:46:00,275 INFO     src.phase2.wifi_setup: WIFI_SETTINGS intent didn't land on a recognizable Wi-Fi screen; falling back to menu_path navigation
2026-09-30 23:46:00,285 INFO     src.phase2.wifi_setup: WIFI_SETTINGS intent didn't land on a recognizable Wi-Fi screen; falling back to menu_path navigation
2026-09-30 23:46:00,609 ERROR    src.orchestration.slot: slot HQ63460161: run_init_apn failed: refusing to tap: current screen contains the USB-debugging disable notification (matched '無効にするにはここをタップ' in the dump). A mistargeted tap here would disable ADB and strand the device. Clear the notification shade before retrying — see docs/record.md, 'UI hazard' section.
2026-09-30 23:46:00,609 WARNING  src.orchestration.scheduler: slot HQ63460161: attempt failed (retry 2/3): refusing to tap: current screen contains the USB-debugging disable notification (matched '無効にするにはここをタップ' in the dump). A mistargeted tap here would disable ADB and strand the device. Clear the notification shade before retrying — see docs/record.md, 'UI hazard' section.
2026-09-30 23:46:00,778 INFO     src.phase2.wifi_setup: already connected to 'earth5_1'; nothing to do
2026-09-30 23:46:00,778 INFO     src.orchestration.slot: slot HQ632M1012: configuring apn
2026-09-30 23:46:01,035 INFO     src.phase2.apn_setup: apn: current input method is 'com.google.android.inputmethod.latin/com.android.inputmethod.latin.LatinIME'
2026-09-30 23:46:01,813 WARNING  src.orchestration.slot: slot HQ63460161: skip_wizard=True - assuming factory reset + the setup wizard were already completed manually (client-decided workflow, 2026-09-17 - the wizard cannot be automated via ADB at all). This skips the check that the device actually finished setup, so a device still mid-wizard when this runs will fail in confusing ways downstream rather than here.
2026-09-30 23:46:01,814 INFO     src.orchestration.slot: slot HQ63460161: connecting wifi
2026-09-30 23:46:02,295 INFO     src.phase2.wifi_setup: already connected to 'earth5_1'; nothing to do
2026-09-30 23:46:02,295 INFO     src.orchestration.slot: slot HQ63460161: configuring apn
2026-09-30 23:46:02,462 ERROR    src.orchestration.slot: slot 353681653208520: run_init_apn failed: refusing to tap: current screen contains the USB-debugging disable notification (matched '無効にするにはここをタップ' in the dump). A mistargeted tap here would disable ADB and strand the device. Clear the notification shade before retrying — see docs/record.md, 'UI hazard' section.
2026-09-30 23:46:02,463 WARNING  src.orchestration.scheduler: slot 353681653208520: attempt failed (retry 2/3): refusing to tap: current screen contains the USB-debugging disable notification (matched '無効にするにはここをタップ' in the dump). A mistargeted tap here would disable ADB and strand the device. Clear the notification shade before retrying — see docs/record.md, 'UI hazard' section.
2026-09-30 23:46:02,518 ERROR    src.orchestration.slot: slot HQ627C0472: run_init_apn failed: refusing to tap: current screen contains the USB-debugging disable notification (matched '無効にするにはここをタップ' in the dump). A mistargeted tap here would disable ADB and strand the device. Clear the notification shade before retrying — see docs/record.md, 'UI hazard' section.
2026-09-30 23:46:02,519 WARNING  src.orchestration.scheduler: slot HQ627C0472: attempt failed (retry 2/3): refusing to tap: current screen contains the USB-debugging disable notification (matched '無効にするにはここをタップ' in the dump). A mistargeted tap here would disable ADB and strand the device. Clear the notification shade before retrying — see docs/record.md, 'UI hazard' section.
2026-09-30 23:46:02,615 INFO     src.phase2.apn_setup: apn: current input method is 'com.google.android.inputmethod.latin/com.android.inputmethod.latin.LatinIME'
2026-09-30 23:46:02,926 INFO     src.phase2.apn_setup: reached APN list via the SIM-scoped menu_path
2026-09-30 23:46:02,936 ERROR    src.orchestration.slot: slot HQ634A0C5D: run_init_apn failed: refusing to tap: current screen contains the USB-debugging disable notification (matched '無効にするにはここをタップ' in the dump). A mistargeted tap here would disable ADB and strand the device. Clear the notification shade before retrying — see docs/record.md, 'UI hazard' section.
2026-09-30 23:46:02,936 WARNING  src.orchestration.scheduler: slot HQ634A0C5D: attempt failed (retry 2/3): refusing to tap: current screen contains the USB-debugging disable notification (matched '無効にするにはここをタップ' in the dump). A mistargeted tap here would disable ADB and strand the device. Clear the notification shade before retrying — see docs/record.md, 'UI hazard' section.
2026-09-30 23:46:02,999 ERROR    src.orchestration.slot: slot 352063910272451: run_init_apn failed: refusing to tap: current screen contains the USB-debugging disable notification (matched '無効にするにはここをタップ' in the dump). A mistargeted tap here would disable ADB and strand the device. Clear the notification shade before retrying — see docs/record.md, 'UI hazard' section.
2026-09-30 23:46:02,999 WARNING  src.orchestration.scheduler: slot 352063910272451: attempt failed (retry 3/3): refusing to tap: current screen contains the USB-debugging disable notification (matched '無効にするにはここをタップ' in the dump). A mistargeted tap here would disable ADB and strand the device. Clear the notification shade before retrying — see docs/record.md, 'UI hazard' section.
2026-09-30 23:46:03,092 ERROR    src.orchestration.slot: slot 353681650242175: run_init_apn failed: refusing to tap: current screen contains the USB-debugging disable notification (matched '無効にするにはここをタップ' in the dump). A mistargeted tap here would disable ADB and strand the device. Clear the notification shade before retrying — see docs/record.md, 'UI hazard' section.
2026-09-30 23:46:03,092 WARNING  src.orchestration.scheduler: slot 353681650242175: attempt failed (retry 2/3): refusing to tap: current screen contains the USB-debugging disable notification (matched '無効にするにはここをタップ' in the dump). A mistargeted tap here would disable ADB and strand the device. Clear the notification shade before retrying — see docs/record.md, 'UI hazard' section.
2026-09-30 23:46:03,440 ERROR    src.orchestration.slot: slot 352063910283409: run_init_apn failed: refusing to tap: current screen contains the USB-debugging disable notification (matched '無効にするにはここをタップ' in the dump). A mistargeted tap here would disable ADB and strand the device. Clear the notification shade before retrying — see docs/record.md, 'UI hazard' section.
2026-09-30 23:46:03,440 WARNING  src.orchestration.scheduler: slot 352063910283409: attempt failed (retry 2/3): refusing to tap: current screen contains the USB-debugging disable notification (matched '無効にするにはここをタップ' in the dump). A mistargeted tap here would disable ADB and strand the device. Clear the notification shade before retrying — see docs/record.md, 'UI hazard' section.
2026-09-30 23:46:03,533 ERROR    src.orchestration.slot: slot HQ62540758: run_init_apn failed: refusing to tap: current screen contains the USB-debugging disable notification (matched '無効にするにはここをタップ' in the dump). A mistargeted tap here would disable ADB and strand the device. Clear the notification shade before retrying — see docs/record.md, 'UI hazard' section.
2026-09-30 23:46:03,533 WARNING  src.orchestration.scheduler: slot HQ62540758: attempt failed (retry 2/3): refusing to tap: current screen contains the USB-debugging disable notification (matched '無効にするにはここをタップ' in the dump). A mistargeted tap here would disable ADB and strand the device. Clear the notification shade before retrying — see docs/record.md, 'UI hazard' section.
2026-09-30 23:46:03,621 WARNING  src.orchestration.slot: slot 353681653208520: skip_wizard=True - assuming factory reset + the setup wizard were already completed manually (client-decided workflow, 2026-09-17 - the wizard cannot be automated via ADB at all). This skips the check that the device actually finished setup, so a device still mid-wizard when this runs will fail in confusing ways downstream rather than here.
2026-09-30 23:46:03,621 INFO     src.orchestration.slot: slot 353681653208520: connecting wifi
2026-09-30 23:46:03,700 WARNING  src.orchestration.slot: slot HQ627C0472: skip_wizard=True - assuming factory reset + the setup wizard were already completed manually (client-decided workflow, 2026-09-17 - the wizard cannot be automated via ADB at all). This skips the check that the device actually finished setup, so a device still mid-wizard when this runs will fail in confusing ways downstream rather than here.
2026-09-30 23:46:03,701 INFO     src.orchestration.slot: slot HQ627C0472: connecting wifi
2026-09-30 23:46:04,120 ERROR    src.orchestration.slot: slot HQ632M1012: run_init_apn failed: refusing to tap: current screen contains the USB-debugging disable notification (matched '無効にするにはここをタップ' in the dump). A mistargeted tap here would disable ADB and strand the device. Clear the notification shade before retrying — see docs/record.md, 'UI hazard' section.
2026-09-30 23:46:04,121 WARNING  src.orchestration.scheduler: slot HQ632M1012: attempt failed (retry 3/3): refusing to tap: current screen contains the USB-debugging disable notification (matched '無効にするにはここをタップ' in the dump). A mistargeted tap here would disable ADB and strand the device. Clear the notification shade before retrying — see docs/record.md, 'UI hazard' section.
2026-09-30 23:46:04,136 WARNING  src.orchestration.slot: slot 352063910272451: skip_wizard=True - assuming factory reset + the setup wizard were already completed manually (client-decided workflow, 2026-09-17 - the wizard cannot be automated via ADB at all). This skips the check that the device actually finished setup, so a device still mid-wizard when this runs will fail in confusing ways downstream rather than here.
2026-09-30 23:46:04,136 INFO     src.orchestration.slot: slot 352063910272451: connecting wifi
2026-09-30 23:46:04,137 WARNING  src.orchestration.slot: slot HQ634A0C5D: skip_wizard=True - assuming factory reset + the setup wizard were already completed manually (client-decided workflow, 2026-09-17 - the wizard cannot be automated via ADB at all). This skips the check that the device actually finished setup, so a device still mid-wizard when this runs will fail in confusing ways downstream rather than here.
2026-09-30 23:46:04,138 INFO     src.orchestration.slot: slot HQ634A0C5D: connecting wifi
2026-09-30 23:46:04,231 INFO     src.phase2.wifi_setup: shell wifi connect-network unavailable/failed: adb command failed: 'shell cmd wifi connect-network "earth5_1" wpa2 "earth5_1"' - Exception occurred while executing 'connect-network':
java.lang.SecurityException: Uid 2000 does not have access to connect-network wifi command (or such command doesn't exist)
	at com.android.server.wifi.WifiShellCommand.onCommand(WifiShellCommand.java:426)
	at com.android.wifi.x.com.android.modules.utils.BasicShellCommandHandler.exec(BasicShellCommandHandler.java:97)
	at com.android.server.wifi.WifiServiceImpl.handleShellCommand(WifiServiceImpl.java:4709)
	at android.os.Binder.onShellCommand(Binder.java:1102)
	at android.os.Binder.shellCommand(Binder.java:1049)
	at android.os.Binder.onTransact(Binder.java:877)
	at android.net.wifi.IWifiManager$Stub.onTransact(IWifiManager.java:2099)
	at android.os.Binder.execTransactInternal(Binder.java:1285)
	at android.os.Binder.execTransact(Binder.java:1244)
2026-09-30 23:46:04,250 WARNING  src.orchestration.slot: slot 353681650242175: skip_wizard=True - assuming factory reset + the setup wizard were already completed manually (client-decided workflow, 2026-09-17 - the wizard cannot be automated via ADB at all). This skips the check that the device actually finished setup, so a device still mid-wizard when this runs will fail in confusing ways downstream rather than here.
2026-09-30 23:46:04,250 INFO     src.orchestration.slot: slot 353681650242175: connecting wifi
2026-09-30 23:46:04,318 INFO     src.phase2.wifi_setup: shell wifi connect-network unavailable/failed: adb command failed: 'shell cmd wifi connect-network "earth5_1" wpa2 "earth5_1"' - Exception occurred while executing 'connect-network':
java.lang.SecurityException: Uid 2000 does not have access to connect-network wifi command (or such command doesn't exist)
	at com.android.server.wifi.WifiShellCommand.onCommand(WifiShellCommand.java:483)
	at com.android.wifi.x.com.android.modules.utils.BasicShellCommandHandler.exec(BasicShellCommandHandler.java:97)
	at com.android.server.wifi.WifiServiceImpl.handleShellCommand(WifiServiceImpl.java:5318)
	at android.os.Binder.onShellCommand(Binder.java:1121)
	at android.os.Binder.shellCommand(Binder.java:1068)
	at android.os.Binder.onTransact(Binder.java:888)
	at android.net.wifi.IWifiManager$Stub.onTransact(IWifiManager.java:3247)
	at android.os.Binder.execTransactInternal(Binder.java:1344)
	at android.os.Binder.execTransact(Binder.java:1275)
2026-09-30 23:46:04,568 INFO     src.phase2.wifi_setup: already connected to 'earth5_1'; nothing to do
2026-09-30 23:46:04,568 INFO     src.orchestration.slot: slot 352063910272451: configuring apn
2026-09-30 23:46:04,595 WARNING  src.orchestration.slot: slot 352063910283409: skip_wizard=True - assuming factory reset + the setup wizard were already completed manually (client-decided workflow, 2026-09-17 - the wizard cannot be automated via ADB at all). This skips the check that the device actually finished setup, so a device still mid-wizard when this runs will fail in confusing ways downstream rather than here.
2026-09-30 23:46:04,595 INFO     src.orchestration.slot: slot 352063910283409: connecting wifi
2026-09-30 23:46:04,731 WARNING  src.orchestration.slot: slot HQ62540758: skip_wizard=True - assuming factory reset + the setup wizard were already completed manually (client-decided workflow, 2026-09-17 - the wizard cannot be automated via ADB at all). This skips the check that the device actually finished setup, so a device still mid-wizard when this runs will fail in confusing ways downstream rather than here.
2026-09-30 23:46:04,731 INFO     src.orchestration.slot: slot HQ62540758: connecting wifi
2026-09-30 23:46:04,736 INFO     src.phase2.wifi_setup: shell wifi connect-network unavailable/failed: adb command failed: 'shell cmd wifi connect-network "earth5_1" wpa2 "earth5_1"' - Exception occurred while executing 'connect-network':
java.lang.SecurityException: Uid 2000 does not have access to connect-network wifi command (or such command doesn't exist)
	at com.android.server.wifi.WifiShellCommand.onCommand(WifiShellCommand.java:483)
	at com.android.wifi.x.com.android.modules.utils.BasicShellCommandHandler.exec(BasicShellCommandHandler.java:97)
	at com.android.server.wifi.WifiServiceImpl.handleShellCommand(WifiServiceImpl.java:5318)
	at android.os.Binder.onShellCommand(Binder.java:1121)
	at android.os.Binder.shellCommand(Binder.java:1068)
	at android.os.Binder.onTransact(Binder.java:888)
	at android.net.wifi.IWifiManager$Stub.onTransact(IWifiManager.java:3247)
	at android.os.Binder.execTransactInternal(Binder.java:1344)
	at android.os.Binder.execTransact(Binder.java:1275)
2026-09-30 23:46:04,769 INFO     src.phase2.apn_setup: apn: current input method is 'com.google.android.inputmethod.latin/com.android.inputmethod.latin.LatinIME'
2026-09-30 23:46:04,886 INFO     src.phase2.wifi_setup: shell wifi connect-network unavailable/failed: adb command failed: 'shell cmd wifi connect-network "earth5_1" wpa2 "earth5_1"' - Exception occurred while executing 'connect-network':
java.lang.SecurityException: Uid 2000 does not have access to connect-network wifi command (or such command doesn't exist)
	at com.android.server.wifi.WifiShellCommand.onCommand(WifiShellCommand.java:426)
	at com.android.wifi.x.com.android.modules.utils.BasicShellCommandHandler.exec(BasicShellCommandHandler.java:97)
	at com.android.server.wifi.WifiServiceImpl.handleShellCommand(WifiServiceImpl.java:4709)
	at android.os.Binder.onShellCommand(Binder.java:1102)
	at android.os.Binder.shellCommand(Binder.java:1049)
	at android.os.Binder.onTransact(Binder.java:877)
	at android.net.wifi.IWifiManager$Stub.onTransact(IWifiManager.java:2099)
	at android.os.Binder.execTransactInternal(Binder.java:1285)
	at android.os.Binder.execTransact(Binder.java:1244)
2026-09-30 23:46:05,241 INFO     src.phase2.wifi_setup: shell wifi connect-network unavailable/failed: adb command failed: 'shell cmd wifi connect-network "earth5_1" wpa2 "earth5_1"' - Exception occurred while executing 'connect-network':
java.lang.SecurityException: Uid 2000 does not have access to connect-network wifi command (or such command doesn't exist)
	at com.android.server.wifi.WifiShellCommand.onCommand(WifiShellCommand.java:483)
	at com.android.wifi.x.com.android.modules.utils.BasicShellCommandHandler.exec(BasicShellCommandHandler.java:97)
	at com.android.server.wifi.WifiServiceImpl.handleShellCommand(WifiServiceImpl.java:5204)
	at android.os.Binder.onShellCommand(Binder.java:1121)
	at android.os.Binder.shellCommand(Binder.java:1068)
	at android.os.Binder.onTransact(Binder.java:888)
	at android.net.wifi.IWifiManager$Stub.onTransact(IWifiManager.java:3230)
	at android.os.Binder.execTransactInternal(Binder.java:1344)
	at android.os.Binder.execTransact(Binder.java:1275)
2026-09-30 23:46:05,316 WARNING  src.orchestration.slot: slot HQ632M1012: skip_wizard=True - assuming factory reset + the setup wizard were already completed manually (client-decided workflow, 2026-09-17 - the wizard cannot be automated via ADB at all). This skips the check that the device actually finished setup, so a device still mid-wizard when this runs will fail in confusing ways downstream rather than here.
2026-09-30 23:46:05,316 INFO     src.orchestration.slot: slot HQ632M1012: connecting wifi
2026-09-30 23:46:05,329 INFO     src.phase2.wifi_setup: shell wifi connect-network unavailable/failed: adb command failed: 'shell cmd wifi connect-network "earth5_1" wpa2 "earth5_1"' - Exception occurred while executing 'connect-network':
java.lang.SecurityException: Uid 2000 does not have access to connect-network wifi command (or such command doesn't exist)
	at com.android.server.wifi.WifiShellCommand.onCommand(WifiShellCommand.java:483)
	at com.android.wifi.x.com.android.modules.utils.BasicShellCommandHandler.exec(BasicShellCommandHandler.java:97)
	at com.android.server.wifi.WifiServiceImpl.handleShellCommand(WifiServiceImpl.java:5318)
	at android.os.Binder.onShellCommand(Binder.java:1121)
	at android.os.Binder.shellCommand(Binder.java:1068)
	at android.os.Binder.onTransact(Binder.java:888)
	at android.net.wifi.IWifiManager$Stub.onTransact(IWifiManager.java:3247)
	at android.os.Binder.execTransactInternal(Binder.java:1344)
	at android.os.Binder.execTransact(Binder.java:1275)
2026-09-30 23:46:05,795 INFO     src.phase2.wifi_setup: already connected to 'earth5_1'; nothing to do
2026-09-30 23:46:05,795 INFO     src.orchestration.slot: slot HQ632M1012: configuring apn
2026-09-30 23:46:06,019 ERROR    src.orchestration.slot: slot HQ63460161: run_init_apn failed: refusing to tap: current screen contains the USB-debugging disable notification (matched '無効にするにはここをタップ' in the dump). A mistargeted tap here would disable ADB and strand the device. Clear the notification shade before retrying — see docs/record.md, 'UI hazard' section.
2026-09-30 23:46:06,019 WARNING  src.orchestration.scheduler: slot HQ63460161: attempt failed (retry 3/3): refusing to tap: current screen contains the USB-debugging disable notification (matched '無効にするにはここをタップ' in the dump). A mistargeted tap here would disable ADB and strand the device. Clear the notification shade before retrying — see docs/record.md, 'UI hazard' section.
2026-09-30 23:46:06,040 INFO     src.phase2.apn_setup: apn: current input method is 'com.google.android.inputmethod.latin/com.android.inputmethod.latin.LatinIME'
2026-09-30 23:46:07,110 INFO     src.phase2.wifi_setup: WIFI_SETTINGS intent didn't land on a recognizable Wi-Fi screen; falling back to menu_path navigation
2026-09-30 23:46:07,121 INFO     src.phase2.wifi_setup: WIFI_SETTINGS intent didn't land on a recognizable Wi-Fi screen; falling back to menu_path navigation
2026-09-30 23:46:07,186 WARNING  src.orchestration.slot: slot HQ63460161: skip_wizard=True - assuming factory reset + the setup wizard were already completed manually (client-decided workflow, 2026-09-17 - the wizard cannot be automated via ADB at all). This skips the check that the device actually finished setup, so a device still mid-wizard when this runs will fail in confusing ways downstream rather than here.
2026-09-30 23:46:07,186 INFO     src.orchestration.slot: slot HQ63460161: connecting wifi
2026-09-30 23:46:07,458 ERROR    src.orchestration.slot: slot 352063910272451: run_init_apn failed: refusing to tap: current screen contains the USB-debugging disable notification (matched '無効にするにはここをタップ' in the dump). A mistargeted tap here would disable ADB and strand the device. Clear the notification shade before retrying — see docs/record.md, 'UI hazard' section.
2026-09-30 23:46:07,458 ERROR    src.orchestration.scheduler: slot 352063910272451: exceeded max_retry (3); escalating. last_error=refusing to tap: current screen contains the USB-debugging disable notification (matched '無効にするにはここをタップ' in the dump). A mistargeted tap here would disable ADB and strand the device. Clear the notification shade before retrying — see docs/record.md, 'UI hazard' section.
2026-09-30 23:46:07,520 INFO     src.phase2.wifi_setup: WIFI_SETTINGS intent didn't land on a recognizable Wi-Fi screen; falling back to menu_path navigation
2026-09-30 23:46:07,628 INFO     src.phase2.wifi_setup: already connected to 'earth5_1'; nothing to do
2026-09-30 23:46:07,628 INFO     src.orchestration.slot: slot HQ63460161: configuring apn
2026-09-30 23:46:07,825 INFO     src.phase2.wifi_setup: WIFI_SETTINGS intent didn't land on a recognizable Wi-Fi screen; falling back to menu_path navigation
2026-09-30 23:46:07,909 INFO     src.phase2.apn_setup: apn: current input method is 'com.google.android.inputmethod.latin/com.android.inputmethod.latin.LatinIME'
2026-09-30 23:46:08,126 INFO     src.phase2.wifi_setup: WIFI_SETTINGS intent didn't land on a recognizable Wi-Fi screen; falling back to menu_path navigation
2026-09-30 23:46:08,241 INFO     src.phase2.wifi_setup: WIFI_SETTINGS intent didn't land on a recognizable Wi-Fi screen; falling back to menu_path navigation
2026-09-30 23:46:09,173 ERROR    src.orchestration.slot: slot HQ632M1012: run_init_apn failed: refusing to tap: current screen contains the USB-debugging disable notification (matched '無効にするにはここをタップ' in the dump). A mistargeted tap here would disable ADB and strand the device. Clear the notification shade before retrying — see docs/record.md, 'UI hazard' section.
2026-09-30 23:46:09,173 ERROR    src.orchestration.scheduler: slot HQ632M1012: exceeded max_retry (3); escalating. last_error=refusing to tap: current screen contains the USB-debugging disable notification (matched '無効にするにはここをタップ' in the dump). A mistargeted tap here would disable ADB and strand the device. Clear the notification shade before retrying — see docs/record.md, 'UI hazard' section.
2026-09-30 23:46:09,752 ERROR    src.orchestration.slot: slot HQ627C0472: run_init_apn failed: refusing to tap: current screen contains the USB-debugging disable notification (matched '無効にするにはここをタップ' in the dump). A mistargeted tap here would disable ADB and strand the device. Clear the notification shade before retrying — see docs/record.md, 'UI hazard' section.
2026-09-30 23:46:09,752 WARNING  src.orchestration.scheduler: slot HQ627C0472: attempt failed (retry 3/3): refusing to tap: current screen contains the USB-debugging disable notification (matched '無効にするにはここをタップ' in the dump). A mistargeted tap here would disable ADB and strand the device. Clear the notification shade before retrying — see docs/record.md, 'UI hazard' section.
2026-09-30 23:46:09,920 ERROR    src.orchestration.slot: slot 353681653208520: run_init_apn failed: refusing to tap: current screen contains the USB-debugging disable notification (matched '無効にするにはここをタップ' in the dump). A mistargeted tap here would disable ADB and strand the device. Clear the notification shade before retrying — see docs/record.md, 'UI hazard' section.
2026-09-30 23:46:09,920 WARNING  src.orchestration.scheduler: slot 353681653208520: attempt failed (retry 3/3): refusing to tap: current screen contains the USB-debugging disable notification (matched '無効にするにはここをタップ' in the dump). A mistargeted tap here would disable ADB and strand the device. Clear the notification shade before retrying — see docs/record.md, 'UI hazard' section.
2026-09-30 23:46:10,171 ERROR    src.orchestration.slot: slot HQ634A0C5D: run_init_apn failed: refusing to tap: current screen contains the USB-debugging disable notification (matched '無効にするにはここをタップ' in the dump). A mistargeted tap here would disable ADB and strand the device. Clear the notification shade before retrying — see docs/record.md, 'UI hazard' section.
2026-09-30 23:46:10,171 WARNING  src.orchestration.scheduler: slot HQ634A0C5D: attempt failed (retry 3/3): refusing to tap: current screen contains the USB-debugging disable notification (matched '無効にするにはここをタップ' in the dump). A mistargeted tap here would disable ADB and strand the device. Clear the notification shade before retrying — see docs/record.md, 'UI hazard' section.
2026-09-30 23:46:10,527 ERROR    src.orchestration.slot: slot 353681650242175: run_init_apn failed: refusing to tap: current screen contains the USB-debugging disable notification (matched '無効にするにはここをタップ' in the dump). A mistargeted tap here would disable ADB and strand the device. Clear the notification shade before retrying — see docs/record.md, 'UI hazard' section.
2026-09-30 23:46:10,527 WARNING  src.orchestration.scheduler: slot 353681650242175: attempt failed (retry 3/3): refusing to tap: current screen contains the USB-debugging disable notification (matched '無効にするにはここをタップ' in the dump). A mistargeted tap here would disable ADB and strand the device. Clear the notification shade before retrying — see docs/record.md, 'UI hazard' section.
2026-09-30 23:46:10,717 ERROR    src.orchestration.slot: slot HQ63460161: run_init_apn failed: refusing to tap: current screen contains the USB-debugging disable notification (matched '無効にするにはここをタップ' in the dump). A mistargeted tap here would disable ADB and strand the device. Clear the notification shade before retrying — see docs/record.md, 'UI hazard' section.
2026-09-30 23:46:10,717 ERROR    src.orchestration.scheduler: slot HQ63460161: exceeded max_retry (3); escalating. last_error=refusing to tap: current screen contains the USB-debugging disable notification (matched '無効にするにはここをタップ' in the dump). A mistargeted tap here would disable ADB and strand the device. Clear the notification shade before retrying — see docs/record.md, 'UI hazard' section.
2026-09-30 23:46:10,821 ERROR    src.orchestration.slot: slot HQ62540758: run_init_apn failed: refusing to tap: current screen contains the USB-debugging disable notification (matched '無効にするにはここをタップ' in the dump). A mistargeted tap here would disable ADB and strand the device. Clear the notification shade before retrying — see docs/record.md, 'UI hazard' section.
2026-09-30 23:46:10,821 WARNING  src.orchestration.scheduler: slot HQ62540758: attempt failed (retry 3/3): refusing to tap: current screen contains the USB-debugging disable notification (matched '無効にするにはここをタップ' in the dump). A mistargeted tap here would disable ADB and strand the device. Clear the notification shade before retrying — see docs/record.md, 'UI hazard' section.
2026-09-30 23:46:10,947 WARNING  src.orchestration.slot: slot HQ627C0472: skip_wizard=True - assuming factory reset + the setup wizard were already completed manually (client-decided workflow, 2026-09-17 - the wizard cannot be automated via ADB at all). This skips the check that the device actually finished setup, so a device still mid-wizard when this runs will fail in confusing ways downstream rather than here.
2026-09-30 23:46:10,947 INFO     src.orchestration.slot: slot HQ627C0472: connecting wifi
2026-09-30 23:46:11,068 WARNING  src.orchestration.slot: slot 353681653208520: skip_wizard=True - assuming factory reset + the setup wizard were already completed manually (client-decided workflow, 2026-09-17 - the wizard cannot be automated via ADB at all). This skips the check that the device actually finished setup, so a device still mid-wizard when this runs will fail in confusing ways downstream rather than here.
2026-09-30 23:46:11,068 INFO     src.orchestration.slot: slot 353681653208520: connecting wifi
2026-09-30 23:46:11,181 ERROR    src.orchestration.slot: slot 352063910283409: run_init_apn failed: refusing to tap: current screen contains the USB-debugging disable notification (matched '無効にするにはここをタップ' in the dump). A mistargeted tap here would disable ADB and strand the device. Clear the notification shade before retrying — see docs/record.md, 'UI hazard' section.
2026-09-30 23:46:11,181 WARNING  src.orchestration.scheduler: slot 352063910283409: attempt failed (retry 3/3): refusing to tap: current screen contains the USB-debugging disable notification (matched '無効にするにはここをタップ' in the dump). A mistargeted tap here would disable ADB and strand the device. Clear the notification shade before retrying — see docs/record.md, 'UI hazard' section.
2026-09-30 23:46:11,358 WARNING  src.orchestration.slot: slot HQ634A0C5D: skip_wizard=True - assuming factory reset + the setup wizard were already completed manually (client-decided workflow, 2026-09-17 - the wizard cannot be automated via ADB at all). This skips the check that the device actually finished setup, so a device still mid-wizard when this runs will fail in confusing ways downstream rather than here.
2026-09-30 23:46:11,359 INFO     src.orchestration.slot: slot HQ634A0C5D: connecting wifi
2026-09-30 23:46:11,533 INFO     src.phase2.wifi_setup: shell wifi connect-network unavailable/failed: adb command failed: 'shell cmd wifi connect-network "earth5_1" wpa2 "earth5_1"' - Exception occurred while executing 'connect-network':
java.lang.SecurityException: Uid 2000 does not have access to connect-network wifi command (or such command doesn't exist)
	at com.android.server.wifi.WifiShellCommand.onCommand(WifiShellCommand.java:483)
	at com.android.wifi.x.com.android.modules.utils.BasicShellCommandHandler.exec(BasicShellCommandHandler.java:97)
	at com.android.server.wifi.WifiServiceImpl.handleShellCommand(WifiServiceImpl.java:5318)
	at android.os.Binder.onShellCommand(Binder.java:1121)
	at android.os.Binder.shellCommand(Binder.java:1068)
	at android.os.Binder.onTransact(Binder.java:888)
	at android.net.wifi.IWifiManager$Stub.onTransact(IWifiManager.java:3247)
	at android.os.Binder.execTransactInternal(Binder.java:1344)
	at android.os.Binder.execTransact(Binder.java:1275)
2026-09-30 23:46:11,674 WARNING  src.orchestration.slot: slot 353681650242175: skip_wizard=True - assuming factory reset + the setup wizard were already completed manually (client-decided workflow, 2026-09-17 - the wizard cannot be automated via ADB at all). This skips the check that the device actually finished setup, so a device still mid-wizard when this runs will fail in confusing ways downstream rather than here.
2026-09-30 23:46:11,675 INFO     src.orchestration.slot: slot 353681650242175: connecting wifi
2026-09-30 23:46:11,727 INFO     src.phase2.wifi_setup: shell wifi connect-network unavailable/failed: adb command failed: 'shell cmd wifi connect-network "earth5_1" wpa2 "earth5_1"' - Exception occurred while executing 'connect-network':
java.lang.SecurityException: Uid 2000 does not have access to connect-network wifi command (or such command doesn't exist)
	at com.android.server.wifi.WifiShellCommand.onCommand(WifiShellCommand.java:426)
	at com.android.wifi.x.com.android.modules.utils.BasicShellCommandHandler.exec(BasicShellCommandHandler.java:97)
	at com.android.server.wifi.WifiServiceImpl.handleShellCommand(WifiServiceImpl.java:4709)
	at android.os.Binder.onShellCommand(Binder.java:1102)
	at android.os.Binder.shellCommand(Binder.java:1049)
	at android.os.Binder.onTransact(Binder.java:877)
	at android.net.wifi.IWifiManager$Stub.onTransact(IWifiManager.java:2099)
	at android.os.Binder.execTransactInternal(Binder.java:1285)
	at android.os.Binder.execTransact(Binder.java:1244)
2026-09-30 23:46:11,952 INFO     src.phase2.wifi_setup: shell wifi connect-network unavailable/failed: adb command failed: 'shell cmd wifi connect-network "earth5_1" wpa2 "earth5_1"' - Exception occurred while executing 'connect-network':
java.lang.SecurityException: Uid 2000 does not have access to connect-network wifi command (or such command doesn't exist)
	at com.android.server.wifi.WifiShellCommand.onCommand(WifiShellCommand.java:483)
	at com.android.wifi.x.com.android.modules.utils.BasicShellCommandHandler.exec(BasicShellCommandHandler.java:97)
	at com.android.server.wifi.WifiServiceImpl.handleShellCommand(WifiServiceImpl.java:5318)
	at android.os.Binder.onShellCommand(Binder.java:1121)
	at android.os.Binder.shellCommand(Binder.java:1068)
	at android.os.Binder.onTransact(Binder.java:888)
	at android.net.wifi.IWifiManager$Stub.onTransact(IWifiManager.java:3247)
	at android.os.Binder.execTransactInternal(Binder.java:1344)
	at android.os.Binder.execTransact(Binder.java:1275)
2026-09-30 23:46:12,012 WARNING  src.orchestration.slot: slot HQ62540758: skip_wizard=True - assuming factory reset + the setup wizard were already completed manually (client-decided workflow, 2026-09-17 - the wizard cannot be automated via ADB at all). This skips the check that the device actually finished setup, so a device still mid-wizard when this runs will fail in confusing ways downstream rather than here.
2026-09-30 23:46:12,012 INFO     src.orchestration.slot: slot HQ62540758: connecting wifi
2026-09-30 23:46:12,338 WARNING  src.orchestration.slot: slot 352063910283409: skip_wizard=True - assuming factory reset + the setup wizard were already completed manually (client-decided workflow, 2026-09-17 - the wizard cannot be automated via ADB at all). This skips the check that the device actually finished setup, so a device still mid-wizard when this runs will fail in confusing ways downstream rather than here.
2026-09-30 23:46:12,338 INFO     src.orchestration.slot: slot 352063910283409: connecting wifi
2026-09-30 23:46:12,366 INFO     src.phase2.wifi_setup: shell wifi connect-network unavailable/failed: adb command failed: 'shell cmd wifi connect-network "earth5_1" wpa2 "earth5_1"' - Exception occurred while executing 'connect-network':
java.lang.SecurityException: Uid 2000 does not have access to connect-network wifi command (or such command doesn't exist)
	at com.android.server.wifi.WifiShellCommand.onCommand(WifiShellCommand.java:426)
	at com.android.wifi.x.com.android.modules.utils.BasicShellCommandHandler.exec(BasicShellCommandHandler.java:97)
	at com.android.server.wifi.WifiServiceImpl.handleShellCommand(WifiServiceImpl.java:4709)
	at android.os.Binder.onShellCommand(Binder.java:1102)
	at android.os.Binder.shellCommand(Binder.java:1049)
	at android.os.Binder.onTransact(Binder.java:877)
	at android.net.wifi.IWifiManager$Stub.onTransact(IWifiManager.java:2099)
	at android.os.Binder.execTransactInternal(Binder.java:1285)
	at android.os.Binder.execTransact(Binder.java:1244)
2026-09-30 23:46:12,586 INFO     src.phase2.wifi_setup: shell wifi connect-network unavailable/failed: adb command failed: 'shell cmd wifi connect-network "earth5_1" wpa2 "earth5_1"' - Exception occurred while executing 'connect-network':
java.lang.SecurityException: Uid 2000 does not have access to connect-network wifi command (or such command doesn't exist)
	at com.android.server.wifi.WifiShellCommand.onCommand(WifiShellCommand.java:483)
	at com.android.wifi.x.com.android.modules.utils.BasicShellCommandHandler.exec(BasicShellCommandHandler.java:97)
	at com.android.server.wifi.WifiServiceImpl.handleShellCommand(WifiServiceImpl.java:5318)
	at android.os.Binder.onShellCommand(Binder.java:1121)
	at android.os.Binder.shellCommand(Binder.java:1068)
	at android.os.Binder.onTransact(Binder.java:888)
	at android.net.wifi.IWifiManager$Stub.onTransact(IWifiManager.java:3247)
	at android.os.Binder.execTransactInternal(Binder.java:1344)
	at android.os.Binder.execTransact(Binder.java:1275)
2026-09-30 23:46:13,015 INFO     src.phase2.wifi_setup: shell wifi connect-network unavailable/failed: adb command failed: 'shell cmd wifi connect-network "earth5_1" wpa2 "earth5_1"' - Exception occurred while executing 'connect-network':
java.lang.SecurityException: Uid 2000 does not have access to connect-network wifi command (or such command doesn't exist)
	at com.android.server.wifi.WifiShellCommand.onCommand(WifiShellCommand.java:483)
	at com.android.wifi.x.com.android.modules.utils.BasicShellCommandHandler.exec(BasicShellCommandHandler.java:97)
	at com.android.server.wifi.WifiServiceImpl.handleShellCommand(WifiServiceImpl.java:5204)
	at android.os.Binder.onShellCommand(Binder.java:1121)
	at android.os.Binder.shellCommand(Binder.java:1068)
	at android.os.Binder.onTransact(Binder.java:888)
	at android.net.wifi.IWifiManager$Stub.onTransact(IWifiManager.java:3230)
	at android.os.Binder.execTransactInternal(Binder.java:1344)
	at android.os.Binder.execTransact(Binder.java:1275)
2026-09-30 23:46:14,282 INFO     src.phase2.wifi_setup: WIFI_SETTINGS intent didn't land on a recognizable Wi-Fi screen; falling back to menu_path navigation
2026-09-30 23:46:14,659 INFO     src.phase2.wifi_setup: WIFI_SETTINGS intent didn't land on a recognizable Wi-Fi screen; falling back to menu_path navigation
2026-09-30 23:46:14,753 INFO     src.phase2.wifi_setup: WIFI_SETTINGS intent didn't land on a recognizable Wi-Fi screen; falling back to menu_path navigation
2026-09-30 23:46:15,307 INFO     src.phase2.wifi_setup: WIFI_SETTINGS intent didn't land on a recognizable Wi-Fi screen; falling back to menu_path navigation
2026-09-30 23:46:15,985 INFO     src.phase2.wifi_setup: WIFI_SETTINGS intent didn't land on a recognizable Wi-Fi screen; falling back to menu_path navigation
2026-09-30 23:46:16,316 INFO     src.phase2.wifi_setup: WIFI_SETTINGS intent didn't land on a recognizable Wi-Fi screen; falling back to menu_path navigation
2026-09-30 23:46:17,009 ERROR    src.orchestration.slot: slot HQ627C0472: run_init_apn failed: refusing to tap: current screen contains the USB-debugging disable notification (matched '無効にするにはここをタップ' in the dump). A mistargeted tap here would disable ADB and strand the device. Clear the notification shade before retrying — see docs/record.md, 'UI hazard' section.
2026-09-30 23:46:17,009 ERROR    src.orchestration.scheduler: slot HQ627C0472: exceeded max_retry (3); escalating. last_error=refusing to tap: current screen contains the USB-debugging disable notification (matched '無効にするにはここをタップ' in the dump). A mistargeted tap here would disable ADB and strand the device. Clear the notification shade before retrying — see docs/record.md, 'UI hazard' section.
2026-09-30 23:46:17,464 ERROR    src.orchestration.slot: slot HQ634A0C5D: run_init_apn failed: refusing to tap: current screen contains the USB-debugging disable notification (matched '無効にするにはここをタップ' in the dump). A mistargeted tap here would disable ADB and strand the device. Clear the notification shade before retrying — see docs/record.md, 'UI hazard' section.
2026-09-30 23:46:17,465 ERROR    src.orchestration.scheduler: slot HQ634A0C5D: exceeded max_retry (3); escalating. last_error=refusing to tap: current screen contains the USB-debugging disable notification (matched '無効にするにはここをタップ' in the dump). A mistargeted tap here would disable ADB and strand the device. Clear the notification shade before retrying — see docs/record.md, 'UI hazard' section.
2026-09-30 23:46:17,503 ERROR    src.orchestration.slot: slot 353681653208520: run_init_apn failed: refusing to tap: current screen contains the USB-debugging disable notification (matched '無効にするにはここをタップ' in the dump). A mistargeted tap here would disable ADB and strand the device. Clear the notification shade before retrying — see docs/record.md, 'UI hazard' section.
2026-09-30 23:46:17,503 ERROR    src.orchestration.scheduler: slot 353681653208520: exceeded max_retry (3); escalating. last_error=refusing to tap: current screen contains the USB-debugging disable notification (matched '無効にするにはここをタップ' in the dump). A mistargeted tap here would disable ADB and strand the device. Clear the notification shade before retrying — see docs/record.md, 'UI hazard' section.
2026-09-30 23:46:18,168 ERROR    src.orchestration.slot: slot 353681650242175: run_init_apn failed: refusing to tap: current screen contains the USB-debugging disable notification (matched '無効にするにはここをタップ' in the dump). A mistargeted tap here would disable ADB and strand the device. Clear the notification shade before retrying — see docs/record.md, 'UI hazard' section.
2026-09-30 23:46:18,169 ERROR    src.orchestration.scheduler: slot 353681650242175: exceeded max_retry (3); escalating. last_error=refusing to tap: current screen contains the USB-debugging disable notification (matched '無効にするにはここをタップ' in the dump). A mistargeted tap here would disable ADB and strand the device. Clear the notification shade before retrying — see docs/record.md, 'UI hazard' section.
2026-09-30 23:46:18,840 ERROR    src.orchestration.slot: slot 352063910283409: run_init_apn failed: refusing to tap: current screen contains the USB-debugging disable notification (matched '無効にするにはここをタップ' in the dump). A mistargeted tap here would disable ADB and strand the device. Clear the notification shade before retrying — see docs/record.md, 'UI hazard' section.
2026-09-30 23:46:18,840 ERROR    src.orchestration.scheduler: slot 352063910283409: exceeded max_retry (3); escalating. last_error=refusing to tap: current screen contains the USB-debugging disable notification (matched '無効にするにはここをタップ' in the dump). A mistargeted tap here would disable ADB and strand the device. Clear the notification shade before retrying — see docs/record.md, 'UI hazard' section.
2026-09-30 23:46:19,025 ERROR    src.orchestration.slot: slot HQ62540758: run_init_apn failed: refusing to tap: current screen contains the USB-debugging disable notification (matched '無効にするにはここをタップ' in the dump). A mistargeted tap here would disable ADB and strand the device. Clear the notification shade before retrying — see docs/record.md, 'UI hazard' section.
2026-09-30 23:46:19,025 ERROR    src.orchestration.scheduler: slot HQ62540758: exceeded max_retry (3); escalating. last_error=refusing to tap: current screen contains the USB-debugging disable notification (matched '無効にするにはここをタップ' in the dump). A mistargeted tap here would disable ADB and strand the device. Clear the notification shade before retrying — see docs/record.md, 'UI hazard' section.
2026-09-30 23:46:26,417 ERROR    src.phase2.wifi_setup: failed to connect to 'earth5_1' via shell command or UI fallback
2026-09-30 23:46:26,418 ERROR    src.orchestration.slot: slot HQ627F2149: run_init_apn failed: wifi connection failed
2026-09-30 23:46:26,418 WARNING  src.orchestration.scheduler: slot HQ627F2149: attempt failed (retry 1/3): wifi connection failed
2026-09-30 23:46:27,998 WARNING  src.orchestration.slot: slot HQ627F2149: skip_wizard=True - assuming factory reset + the setup wizard were already completed manually (client-decided workflow, 2026-09-17 - the wizard cannot be automated via ADB at all). This skips the check that the device actually finished setup, so a device still mid-wizard when this runs will fail in confusing ways downstream rather than here.
2026-09-30 23:46:28,000 INFO     src.orchestration.slot: slot HQ627F2149: connecting wifi
2026-09-30 23:46:28,560 INFO     src.phase2.wifi_setup: shell wifi connect-network unavailable/failed: adb command failed: 'shell cmd wifi connect-network "earth5_1" wpa2 "earth5_1"' - Exception occurred while executing 'connect-network':
java.lang.SecurityException: Uid 2000 does not have access to connect-network wifi command (or such command doesn't exist)
	at com.android.server.wifi.WifiShellCommand.onCommand(Unknown Source:63)
	at com.android.wifi.x.com.android.modules.utils.BasicShellCommandHandler.exec(BasicShellCommandHandler.java:97)
	at com.android.server.wifi.WifiServiceImpl.handleShellCommand(Unknown Source:33)
	at android.os.Binder.onShellCommand(Binder.java:1102)
	at android.os.Binder.shellCommand(Binder.java:1049)
	at android.os.Binder.onTransact(Binder.java:877)
	at android.net.wifi.IWifiManager$Stub.onTransact(IWifiManager.java:2132)
	at android.os.Binder.execTransactInternal(Binder.java:1285)
	at android.os.Binder.execTransact(Binder.java:1244)
2026-09-30 23:46:35,131 INFO     src.phase2.wifi_setup: reached Wi-Fi settings via android.settings.WIFI_SETTINGS intent
2026-09-30 23:46:43,168 WARNING  src.phase2.wifi_setup: wifi password field 'com.android.settings:id/wifi_password' (unresolved/best-guess id) not found; attempting text entry anyway in case it's already focused — the join-network dialog typically auto-focuses the password field itself
2026-09-30 23:46:46,808 INFO     src.phase2.apn_setup: apn field 'MCC': already shows '440' (auto-populated by the device, presumably from the SIM) — leaving it as-is, not typing '440' over it
2026-09-30 23:46:48,748 INFO     src.phase2.wifi_setup: connected to 'earth5_1' via UI fallback
2026-09-30 23:46:48,748 INFO     src.orchestration.slot: slot HQ627F2149: configuring apn
2026-09-30 23:46:50,040 INFO     src.phase2.apn_setup: apn: current input method is 'com.google.android.inputmethod.latin/com.android.inputmethod.latin.LatinIME'
2026-09-30 23:46:53,408 ERROR    src.phase2.apn_setup: apn menu navigation failed
2026-09-30 23:46:53,408 ERROR    src.orchestration.slot: slot HQ627F2149: run_init_apn failed: apn configuration failed
2026-09-30 23:46:53,409 WARNING  src.orchestration.scheduler: slot HQ627F2149: attempt failed (retry 2/3): apn configuration failed
2026-09-30 23:46:55,093 WARNING  src.orchestration.slot: slot HQ627F2149: skip_wizard=True - assuming factory reset + the setup wizard were already completed manually (client-decided workflow, 2026-09-17 - the wizard cannot be automated via ADB at all). This skips the check that the device actually finished setup, so a device still mid-wizard when this runs will fail in confusing ways downstream rather than here.
2026-09-30 23:46:55,093 INFO     src.orchestration.slot: slot HQ627F2149: connecting wifi
2026-09-30 23:46:55,680 INFO     src.phase2.wifi_setup: already connected to 'earth5_1'; nothing to do
2026-09-30 23:46:55,680 INFO     src.orchestration.slot: slot HQ627F2149: configuring apn
2026-09-30 23:46:56,628 INFO     src.phase2.apn_setup: apn: current input method is 'com.google.android.inputmethod.latin/com.android.inputmethod.latin.LatinIME'
2026-09-30 23:46:56,991 INFO     src.phase2.apn_setup: apn field 'MNC': already shows '11' (auto-populated by the device, presumably from the SIM) — leaving it as-is, not typing '11' over it
2026-09-30 23:46:59,640 ERROR    src.phase2.apn_setup: apn menu navigation failed
2026-09-30 23:46:59,640 ERROR    src.orchestration.slot: slot HQ627F2149: run_init_apn failed: apn configuration failed
2026-09-30 23:46:59,640 WARNING  src.orchestration.scheduler: slot HQ627F2149: attempt failed (retry 3/3): apn configuration failed
2026-09-30 23:47:00,855 WARNING  src.orchestration.slot: slot HQ627F2149: skip_wizard=True - assuming factory reset + the setup wizard were already completed manually (client-decided workflow, 2026-09-17 - the wizard cannot be automated via ADB at all). This skips the check that the device actually finished setup, so a device still mid-wizard when this runs will fail in confusing ways downstream rather than here.
2026-09-30 23:47:00,855 INFO     src.orchestration.slot: slot HQ627F2149: connecting wifi
2026-09-30 23:47:01,391 INFO     src.phase2.wifi_setup: already connected to 'earth5_1'; nothing to do
2026-09-30 23:47:01,392 INFO     src.orchestration.slot: slot HQ627F2149: configuring apn
2026-09-30 23:47:02,333 INFO     src.phase2.apn_setup: apn: current input method is 'com.google.android.inputmethod.latin/com.android.inputmethod.latin.LatinIME'
2026-09-30 23:47:04,979 ERROR    src.phase2.apn_setup: apn menu navigation failed
2026-09-30 23:47:04,980 ERROR    src.orchestration.slot: slot HQ627F2149: run_init_apn failed: apn configuration failed
2026-09-30 23:47:04,980 ERROR    src.orchestration.scheduler: slot HQ627F2149: exceeded max_retry (3); escalating. last_error=apn configuration failed
2026-09-30 23:47:11,716 WARNING  src.phase2.apn_setup: apn: save reported no validation error, but 'rakuten.jp' wasn't spotted back on the APN list (soft check only — not treated as a failure; could be scroll position or list truncation)
2026-09-30 23:47:11,716 INFO     src.phase2.apn_setup: apn 'rakuten.jp' configured successfully
2026-09-30 23:47:11,716 INFO     src.orchestration.slot: slot 353681650397052: reached LOGIN_INSTALL (Phase 2 success condition)
2026-09-30 23:47:11,717 ERROR    main_phase2: FAILED: device 352063910272451 ended in state ESCALATED (last_error=refusing to tap: current screen contains the USB-debugging disable notification (matched '無効にするにはここをタップ' in the dump). A mistargeted tap here would disable ADB and strand the device. Clear the notification shade before retrying — see docs/record.md, 'UI hazard' section.)
2026-09-30 23:47:11,717 ERROR    main_phase2: FAILED: device HQ632M1012 ended in state ESCALATED (last_error=refusing to tap: current screen contains the USB-debugging disable notification (matched '無効にするにはここをタップ' in the dump). A mistargeted tap here would disable ADB and strand the device. Clear the notification shade before retrying — see docs/record.md, 'UI hazard' section.)
2026-09-30 23:47:11,718 ERROR    main_phase2: FAILED: device HQ63460161 ended in state ESCALATED (last_error=refusing to tap: current screen contains the USB-debugging disable notification (matched '無効にするにはここをタップ' in the dump). A mistargeted tap here would disable ADB and strand the device. Clear the notification shade before retrying — see docs/record.md, 'UI hazard' section.)
2026-09-30 23:47:11,718 ERROR    main_phase2: FAILED: device HQ627C0472 ended in state ESCALATED (last_error=refusing to tap: current screen contains the USB-debugging disable notification (matched '無効にするにはここをタップ' in the dump). A mistargeted tap here would disable ADB and strand the device. Clear the notification shade before retrying — see docs/record.md, 'UI hazard' section.)
2026-09-30 23:47:11,718 ERROR    main_phase2: FAILED: device HQ634A0C5D ended in state ESCALATED (last_error=refusing to tap: current screen contains the USB-debugging disable notification (matched '無効にするにはここをタップ' in the dump). A mistargeted tap here would disable ADB and strand the device. Clear the notification shade before retrying — see docs/record.md, 'UI hazard' section.)
2026-09-30 23:47:11,718 ERROR    main_phase2: FAILED: device 353681653208520 ended in state ESCALATED (last_error=refusing to tap: current screen contains the USB-debugging disable notification (matched '無効にするにはここをタップ' in the dump). A mistargeted tap here would disable ADB and strand the device. Clear the notification shade before retrying — see docs/record.md, 'UI hazard' section.)
2026-09-30 23:47:11,718 ERROR    main_phase2: FAILED: device 353681650242175 ended in state ESCALATED (last_error=refusing to tap: current screen contains the USB-debugging disable notification (matched '無効にするにはここをタップ' in the dump). A mistargeted tap here would disable ADB and strand the device. Clear the notification shade before retrying — see docs/record.md, 'UI hazard' section.)
2026-09-30 23:47:11,718 ERROR    main_phase2: FAILED: device 352063910283409 ended in state ESCALATED (last_error=refusing to tap: current screen contains the USB-debugging disable notification (matched '無効にするにはここをタップ' in the dump). A mistargeted tap here would disable ADB and strand the device. Clear the notification shade before retrying — see docs/record.md, 'UI hazard' section.)
2026-09-30 23:47:11,718 ERROR    main_phase2: FAILED: device HQ62540758 ended in state ESCALATED (last_error=refusing to tap: current screen contains the USB-debugging disable notification (matched '無効にするにはここをタップ' in the dump). A mistargeted tap here would disable ADB and strand the device. Clear the notification shade before retrying — see docs/record.md, 'UI hazard' section.)
2026-09-30 23:47:11,718 ERROR    main_phase2: FAILED: device HQ627F2149 ended in state ESCALATED (last_error=apn configuration failed)
2026-09-30 23:47:11,718 INFO     main_phase2: SUCCESS: device 353681650397052 reached LOGIN_INSTALL
2026-10-01 16:19:04,308 INFO     main_phase2: loading model profiles from C:\code\android-system\device-redeployment\config\models
2026-10-01 16:19:04,350 INFO     main_phase2: no --device/--serial given — auto-detecting connected devices via 'C:\platform-tools\adb.exe devices' + getprop ro.product.model
2026-10-01 16:19:04,522 INFO     main_phase2: device 352063910272451: auto-detected as SHG10 (getprop ro.product.model = 'SHG10')
2026-10-01 16:19:04,634 INFO     main_phase2: device 352063910283409: auto-detected as SHG10 (getprop ro.product.model = 'SHG10')
2026-10-01 16:19:04,781 INFO     main_phase2: device 353681650242175: auto-detected as SHG07 (getprop ro.product.model = 'SHG07')
2026-10-01 16:19:04,910 INFO     main_phase2: device 353681650397052: auto-detected as SHG07 (getprop ro.product.model = 'SHG07')
2026-10-01 16:19:05,040 INFO     main_phase2: device 353681653208520: auto-detected as SHG07 (getprop ro.product.model = 'SHG07')
2026-10-01 16:19:05,192 ERROR    main_phase2: device 356659111963982: could not match to a known model profile (getprop ro.product.model = 'SHG05'). Known model_numbers: ['SHG07', 'SHG10', 'SOG07', 'SOG08']. Run it explicitly with --serial 356659111963982 --model <MODEL> once you know which profile it is — and if 'SHG05' is that model's real identity string, add it to that model's config/models/*.yaml under adb_identifiers so auto-detection recognizes it next time.
2026-10-01 16:19:05,298 ERROR    main_phase2: device 357015386489626: could not match to a known model profile (getprop ro.product.model = 'SH-53C'). Known model_numbers: ['SHG07', 'SHG10', 'SOG07', 'SOG08']. Run it explicitly with --serial 357015386489626 --model <MODEL> once you know which profile it is — and if 'SH-53C' is that model's real identity string, add it to that model's config/models/*.yaml under adb_identifiers so auto-detection recognizes it next time.
2026-10-01 16:19:05,428 INFO     main_phase2: device HQ62540758: auto-detected as SOG08 (getprop ro.product.model = 'SOG08')
2026-10-01 16:19:05,559 INFO     main_phase2: device HQ627C0472: auto-detected as SOG08 (getprop ro.product.model = 'SOG08')
2026-10-01 16:19:05,690 INFO     main_phase2: device HQ627F2149: auto-detected as SOG07 (getprop ro.product.model = 'SOG07')
2026-10-01 16:19:05,819 INFO     main_phase2: device HQ632M1012: auto-detected as SOG07 (getprop ro.product.model = 'SOG07')
2026-10-01 16:19:05,954 INFO     main_phase2: device HQ63460161: auto-detected as SOG08 (getprop ro.product.model = 'SOG08')
2026-10-01 16:19:06,087 INFO     main_phase2: device HQ634A0C5D: auto-detected as SOG08 (getprop ro.product.model = 'SOG08')
2026-10-01 16:19:06,211 ERROR    main_phase2: device HQ63622931: could not match to a known model profile (getprop ro.product.model = 'XQ-DC44'). Known model_numbers: ['SHG07', 'SHG10', 'SOG07', 'SOG08']. Run it explicitly with --serial HQ63622931 --model <MODEL> once you know which profile it is — and if 'XQ-DC44' is that model's real identity string, add it to that model's config/models/*.yaml under adb_identifiers so auto-detection recognizes it next time.
2026-10-01 16:19:06,211 INFO     main_phase2: auto-detected 11 device(s): 352063910272451:SHG10, 352063910283409:SHG10, 353681650242175:SHG07, 353681650397052:SHG07, 353681653208520:SHG07, HQ62540758:SOG08, HQ627C0472:SOG08, HQ627F2149:SOG07, HQ632M1012:SOG07, HQ63460161:SOG08, HQ634A0C5D:SOG08
2026-10-01 16:19:06,211 INFO     main_phase2: running 11 devices in parallel: 352063910272451:SHG10, 352063910283409:SHG10, 353681650242175:SHG07, 353681650397052:SHG07, 353681653208520:SHG07, HQ62540758:SOG08, HQ627C0472:SOG08, HQ627F2149:SOG07, HQ632M1012:SOG07, HQ63460161:SOG08, HQ634A0C5D:SOG08
2026-10-01 16:19:06,215 INFO     main_phase2: starting Phase 2 run: serial=352063910272451 model=SHG10 (AQUOS sense7) [skip_wizard]
2026-10-01 16:19:06,215 INFO     main_phase2: starting Phase 2 run: serial=352063910283409 model=SHG10 (AQUOS sense7) [skip_wizard]
2026-10-01 16:19:06,215 INFO     main_phase2: starting Phase 2 run: serial=353681650242175 model=SHG07 (AQUOS sense6s) [skip_wizard]
2026-10-01 16:19:06,216 INFO     main_phase2: starting Phase 2 run: serial=353681650397052 model=SHG07 (AQUOS sense6s) [skip_wizard]
2026-10-01 16:19:06,216 INFO     main_phase2: starting Phase 2 run: serial=353681653208520 model=SHG07 (AQUOS sense6s) [skip_wizard]
2026-10-01 16:19:06,217 INFO     main_phase2: starting Phase 2 run: serial=HQ62540758 model=SOG08 (Xperia Ace III) [skip_wizard]
2026-10-01 16:19:06,225 INFO     main_phase2: starting Phase 2 run: serial=HQ627C0472 model=SOG08 (Xperia Ace III) [skip_wizard]
2026-10-01 16:19:06,243 INFO     main_phase2: starting Phase 2 run: serial=HQ627F2149 model=SOG07 (Xperia 10 IV) [skip_wizard]
2026-10-01 16:19:06,244 INFO     main_phase2: starting Phase 2 run: serial=HQ632M1012 model=SOG07 (Xperia 10 IV) [skip_wizard]
2026-10-01 16:19:06,245 INFO     main_phase2: starting Phase 2 run: serial=HQ63460161 model=SOG08 (Xperia Ace III) [skip_wizard]
2026-10-01 16:19:06,254 INFO     main_phase2: starting Phase 2 run: serial=HQ634A0C5D model=SOG08 (Xperia Ace III) [skip_wizard]
2026-10-01 16:19:07,451 WARNING  src.orchestration.slot: slot 352063910283409: skip_wizard=True - assuming factory reset + the setup wizard were already completed manually (client-decided workflow, 2026-09-17 - the wizard cannot be automated via ADB at all). This skips the check that the device actually finished setup, so a device still mid-wizard when this runs will fail in confusing ways downstream rather than here.
2026-10-01 16:19:07,451 INFO     src.orchestration.slot: slot 352063910283409: connecting wifi
2026-10-01 16:19:07,496 WARNING  src.orchestration.slot: slot 353681653208520: skip_wizard=True - assuming factory reset + the setup wizard were already completed manually (client-decided workflow, 2026-09-17 - the wizard cannot be automated via ADB at all). This skips the check that the device actually finished setup, so a device still mid-wizard when this runs will fail in confusing ways downstream rather than here.
2026-10-01 16:19:07,497 INFO     src.orchestration.slot: slot 353681653208520: connecting wifi
2026-10-01 16:19:07,565 WARNING  src.orchestration.slot: slot 353681650242175: skip_wizard=True - assuming factory reset + the setup wizard were already completed manually (client-decided workflow, 2026-09-17 - the wizard cannot be automated via ADB at all). This skips the check that the device actually finished setup, so a device still mid-wizard when this runs will fail in confusing ways downstream rather than here.
2026-10-01 16:19:07,565 INFO     src.orchestration.slot: slot 353681650242175: connecting wifi
2026-10-01 16:19:07,709 WARNING  src.orchestration.slot: slot HQ634A0C5D: skip_wizard=True - assuming factory reset + the setup wizard were already completed manually (client-decided workflow, 2026-09-17 - the wizard cannot be automated via ADB at all). This skips the check that the device actually finished setup, so a device still mid-wizard when this runs will fail in confusing ways downstream rather than here.
2026-10-01 16:19:07,709 INFO     src.orchestration.slot: slot HQ634A0C5D: connecting wifi
2026-10-01 16:19:07,715 WARNING  src.orchestration.slot: slot HQ627C0472: skip_wizard=True - assuming factory reset + the setup wizard were already completed manually (client-decided workflow, 2026-09-17 - the wizard cannot be automated via ADB at all). This skips the check that the device actually finished setup, so a device still mid-wizard when this runs will fail in confusing ways downstream rather than here.
2026-10-01 16:19:07,715 INFO     src.orchestration.slot: slot HQ627C0472: connecting wifi
2026-10-01 16:19:08,171 INFO     src.phase2.wifi_setup: shell wifi connect-network unavailable/failed: adb command failed: 'shell cmd wifi connect-network "earth5_1" wpa2 "earth5_1"' - Exception occurred while executing 'connect-network':
java.lang.SecurityException: Uid 2000 does not have access to connect-network wifi command (or such command doesn't exist)
	at com.android.server.wifi.WifiShellCommand.onCommand(WifiShellCommand.java:426)
	at com.android.wifi.x.com.android.modules.utils.BasicShellCommandHandler.exec(BasicShellCommandHandler.java:97)
	at com.android.server.wifi.WifiServiceImpl.handleShellCommand(WifiServiceImpl.java:4709)
	at android.os.Binder.onShellCommand(Binder.java:1102)
	at android.os.Binder.shellCommand(Binder.java:1049)
	at android.os.Binder.onTransact(Binder.java:877)
	at android.net.wifi.IWifiManager$Stub.onTransact(IWifiManager.java:2099)
	at android.os.Binder.execTransactInternal(Binder.java:1285)
	at android.os.Binder.execTransact(Binder.java:1244)
2026-10-01 16:19:08,173 INFO     src.phase2.wifi_setup: shell wifi connect-network unavailable/failed: adb command failed: 'shell cmd wifi connect-network "earth5_1" wpa2 "earth5_1"' - Exception occurred while executing 'connect-network':
java.lang.SecurityException: Uid 2000 does not have access to connect-network wifi command (or such command doesn't exist)
	at com.android.server.wifi.WifiShellCommand.onCommand(WifiShellCommand.java:483)
	at com.android.wifi.x.com.android.modules.utils.BasicShellCommandHandler.exec(BasicShellCommandHandler.java:97)
	at com.android.server.wifi.WifiServiceImpl.handleShellCommand(WifiServiceImpl.java:5204)
	at android.os.Binder.onShellCommand(Binder.java:1121)
	at android.os.Binder.shellCommand(Binder.java:1068)
	at android.os.Binder.onTransact(Binder.java:888)
	at android.net.wifi.IWifiManager$Stub.onTransact(IWifiManager.java:3230)
	at android.os.Binder.execTransactInternal(Binder.java:1344)
	at android.os.Binder.execTransact(Binder.java:1275)
2026-10-01 16:19:08,260 INFO     src.phase2.wifi_setup: shell wifi connect-network unavailable/failed: adb command failed: 'shell cmd wifi connect-network "earth5_1" wpa2 "earth5_1"' - Exception occurred while executing 'connect-network':
java.lang.SecurityException: Uid 2000 does not have access to connect-network wifi command (or such command doesn't exist)
	at com.android.server.wifi.WifiShellCommand.onCommand(WifiShellCommand.java:426)
	at com.android.wifi.x.com.android.modules.utils.BasicShellCommandHandler.exec(BasicShellCommandHandler.java:97)
	at com.android.server.wifi.WifiServiceImpl.handleShellCommand(WifiServiceImpl.java:4709)
	at android.os.Binder.onShellCommand(Binder.java:1102)
	at android.os.Binder.shellCommand(Binder.java:1049)
	at android.os.Binder.onTransact(Binder.java:877)
	at android.net.wifi.IWifiManager$Stub.onTransact(IWifiManager.java:2099)
	at android.os.Binder.execTransactInternal(Binder.java:1285)
	at android.os.Binder.execTransact(Binder.java:1244)
2026-10-01 16:19:08,300 WARNING  src.orchestration.slot: slot HQ62540758: skip_wizard=True - assuming factory reset + the setup wizard were already completed manually (client-decided workflow, 2026-09-17 - the wizard cannot be automated via ADB at all). This skips the check that the device actually finished setup, so a device still mid-wizard when this runs will fail in confusing ways downstream rather than here.
2026-10-01 16:19:08,300 INFO     src.orchestration.slot: slot HQ62540758: connecting wifi
2026-10-01 16:19:08,311 INFO     src.phase2.wifi_setup: shell wifi connect-network unavailable/failed: adb command failed: 'shell cmd wifi connect-network "earth5_1" wpa2 "earth5_1"' - Exception occurred while executing 'connect-network':
java.lang.SecurityException: Uid 2000 does not have access to connect-network wifi command (or such command doesn't exist)
	at com.android.server.wifi.WifiShellCommand.onCommand(WifiShellCommand.java:483)
	at com.android.wifi.x.com.android.modules.utils.BasicShellCommandHandler.exec(BasicShellCommandHandler.java:97)
	at com.android.server.wifi.WifiServiceImpl.handleShellCommand(WifiServiceImpl.java:5318)
	at android.os.Binder.onShellCommand(Binder.java:1121)
	at android.os.Binder.shellCommand(Binder.java:1068)
	at android.os.Binder.onTransact(Binder.java:888)
	at android.net.wifi.IWifiManager$Stub.onTransact(IWifiManager.java:3247)
	at android.os.Binder.execTransactInternal(Binder.java:1344)
	at android.os.Binder.execTransact(Binder.java:1275)
2026-10-01 16:19:08,322 WARNING  src.orchestration.slot: slot 353681650397052: skip_wizard=True - assuming factory reset + the setup wizard were already completed manually (client-decided workflow, 2026-09-17 - the wizard cannot be automated via ADB at all). This skips the check that the device actually finished setup, so a device still mid-wizard when this runs will fail in confusing ways downstream rather than here.
2026-10-01 16:19:08,323 INFO     src.orchestration.slot: slot 353681650397052: connecting wifi
2026-10-01 16:19:08,329 INFO     src.phase2.wifi_setup: shell wifi connect-network unavailable/failed: adb command failed: 'shell cmd wifi connect-network "earth5_1" wpa2 "earth5_1"' - Exception occurred while executing 'connect-network':
java.lang.SecurityException: Uid 2000 does not have access to connect-network wifi command (or such command doesn't exist)
	at com.android.server.wifi.WifiShellCommand.onCommand(WifiShellCommand.java:483)
	at com.android.wifi.x.com.android.modules.utils.BasicShellCommandHandler.exec(BasicShellCommandHandler.java:97)
	at com.android.server.wifi.WifiServiceImpl.handleShellCommand(WifiServiceImpl.java:5318)
	at android.os.Binder.onShellCommand(Binder.java:1121)
	at android.os.Binder.shellCommand(Binder.java:1068)
	at android.os.Binder.onTransact(Binder.java:888)
	at android.net.wifi.IWifiManager$Stub.onTransact(IWifiManager.java:3247)
	at android.os.Binder.execTransactInternal(Binder.java:1344)
	at android.os.Binder.execTransact(Binder.java:1275)
2026-10-01 16:19:08,396 WARNING  src.orchestration.slot: slot 352063910272451: skip_wizard=True - assuming factory reset + the setup wizard were already completed manually (client-decided workflow, 2026-09-17 - the wizard cannot be automated via ADB at all). This skips the check that the device actually finished setup, so a device still mid-wizard when this runs will fail in confusing ways downstream rather than here.
2026-10-01 16:19:08,396 INFO     src.orchestration.slot: slot 352063910272451: connecting wifi
2026-10-01 16:19:08,562 WARNING  src.orchestration.slot: slot HQ632M1012: skip_wizard=True - assuming factory reset + the setup wizard were already completed manually (client-decided workflow, 2026-09-17 - the wizard cannot be automated via ADB at all). This skips the check that the device actually finished setup, so a device still mid-wizard when this runs will fail in confusing ways downstream rather than here.
2026-10-01 16:19:08,562 INFO     src.orchestration.slot: slot HQ632M1012: connecting wifi
2026-10-01 16:19:08,626 WARNING  src.orchestration.slot: slot HQ627F2149: skip_wizard=True - assuming factory reset + the setup wizard were already completed manually (client-decided workflow, 2026-09-17 - the wizard cannot be automated via ADB at all). This skips the check that the device actually finished setup, so a device still mid-wizard when this runs will fail in confusing ways downstream rather than here.
2026-10-01 16:19:08,626 INFO     src.orchestration.slot: slot HQ627F2149: connecting wifi
2026-10-01 16:19:08,862 WARNING  src.orchestration.slot: slot HQ63460161: skip_wizard=True - assuming factory reset + the setup wizard were already completed manually (client-decided workflow, 2026-09-17 - the wizard cannot be automated via ADB at all). This skips the check that the device actually finished setup, so a device still mid-wizard when this runs will fail in confusing ways downstream rather than here.
2026-10-01 16:19:08,863 INFO     src.orchestration.slot: slot HQ63460161: connecting wifi
2026-10-01 16:19:09,029 INFO     src.phase2.wifi_setup: already connected to 'earth5_1'; nothing to do
2026-10-01 16:19:09,029 INFO     src.orchestration.slot: slot 352063910272451: configuring apn
2026-10-01 16:19:09,029 INFO     src.phase2.wifi_setup: already connected to 'earth5_1'; nothing to do
2026-10-01 16:19:09,030 INFO     src.orchestration.slot: slot 353681650397052: configuring apn
2026-10-01 16:19:09,100 INFO     src.phase2.wifi_setup: shell wifi connect-network unavailable/failed: adb command failed: 'shell cmd wifi connect-network "earth5_1" wpa2 "earth5_1"' - Exception occurred while executing 'connect-network':
java.lang.SecurityException: Uid 2000 does not have access to connect-network wifi command (or such command doesn't exist)
	at com.android.server.wifi.WifiShellCommand.onCommand(WifiShellCommand.java:483)
	at com.android.wifi.x.com.android.modules.utils.BasicShellCommandHandler.exec(BasicShellCommandHandler.java:97)
	at com.android.server.wifi.WifiServiceImpl.handleShellCommand(WifiServiceImpl.java:5318)
	at android.os.Binder.onShellCommand(Binder.java:1121)
	at android.os.Binder.shellCommand(Binder.java:1068)
	at android.os.Binder.onTransact(Binder.java:888)
	at android.net.wifi.IWifiManager$Stub.onTransact(IWifiManager.java:3247)
	at android.os.Binder.execTransactInternal(Binder.java:1344)
	at android.os.Binder.execTransact(Binder.java:1275)
2026-10-01 16:19:09,122 INFO     src.phase2.wifi_setup: already connected to 'earth5_1'; nothing to do
2026-10-01 16:19:09,122 INFO     src.orchestration.slot: slot HQ627F2149: configuring apn
2026-10-01 16:19:09,225 INFO     src.phase2.wifi_setup: already connected to 'earth5_1'; nothing to do
2026-10-01 16:19:09,225 INFO     src.orchestration.slot: slot HQ632M1012: configuring apn
2026-10-01 16:19:09,285 INFO     src.phase2.apn_setup: apn: current input method is 'com.google.android.inputmethod.latin/com.android.inputmethod.latin.LatinIME'
2026-10-01 16:19:09,527 INFO     src.phase2.wifi_setup: already connected to 'earth5_1'; nothing to do
2026-10-01 16:19:09,528 INFO     src.orchestration.slot: slot HQ63460161: configuring apn
2026-10-01 16:19:09,642 INFO     src.phase2.apn_setup: apn: current input method is 'com.google.android.inputmethod.latin/com.android.inputmethod.latin.LatinIME'
2026-10-01 16:19:09,777 INFO     src.phase2.apn_setup: apn: current input method is 'com.google.android.inputmethod.latin/com.android.inputmethod.latin.LatinIME'
2026-10-01 16:19:09,849 INFO     src.phase2.apn_setup: apn: current input method is 'com.google.android.inputmethod.latin/com.android.inputmethod.latin.LatinIME'
2026-10-01 16:19:10,230 INFO     src.phase2.apn_setup: apn: current input method is 'com.google.android.inputmethod.latin/com.android.inputmethod.latin.LatinIME'
2026-10-01 16:19:11,036 INFO     src.phase2.wifi_setup: WIFI_SETTINGS intent didn't land on a recognizable Wi-Fi screen; falling back to menu_path navigation
2026-10-01 16:19:11,171 INFO     src.phase2.wifi_setup: WIFI_SETTINGS intent didn't land on a recognizable Wi-Fi screen; falling back to menu_path navigation
2026-10-01 16:19:11,172 INFO     src.phase2.wifi_setup: WIFI_SETTINGS intent didn't land on a recognizable Wi-Fi screen; falling back to menu_path navigation
2026-10-01 16:19:11,269 INFO     src.phase2.wifi_setup: WIFI_SETTINGS intent didn't land on a recognizable Wi-Fi screen; falling back to menu_path navigation
2026-10-01 16:19:11,950 INFO     src.phase2.wifi_setup: WIFI_SETTINGS intent didn't land on a recognizable Wi-Fi screen; falling back to menu_path navigation
2026-10-01 16:19:12,072 INFO     src.phase2.wifi_setup: reached Wi-Fi settings via android.settings.WIFI_SETTINGS intent
2026-10-01 16:19:12,352 ERROR    src.phase2.apn_setup: apn menu navigation failed
2026-10-01 16:19:12,353 ERROR    src.orchestration.slot: slot HQ627F2149: run_init_apn failed: apn configuration failed
2026-10-01 16:19:12,353 WARNING  src.orchestration.scheduler: slot HQ627F2149: attempt failed (retry 1/3): apn configuration failed
2026-10-01 16:19:12,600 ERROR    src.phase2.apn_setup: apn menu navigation failed
2026-10-01 16:19:12,600 ERROR    src.orchestration.slot: slot 353681650397052: run_init_apn failed: apn configuration failed
2026-10-01 16:19:12,601 WARNING  src.orchestration.scheduler: slot 353681650397052: attempt failed (retry 1/3): apn configuration failed
2026-10-01 16:19:12,873 ERROR    src.orchestration.slot: slot HQ632M1012: run_init_apn failed: refusing to tap: current screen contains the USB-debugging disable notification (matched '無効にするにはここをタップ' in the dump). A mistargeted tap here would disable ADB and strand the device. Clear the notification shade before retrying — see docs/record.md, 'UI hazard' section.
2026-10-01 16:19:12,874 WARNING  src.orchestration.scheduler: slot HQ632M1012: attempt failed (retry 1/3): refusing to tap: current screen contains the USB-debugging disable notification (matched '無効にするにはここをタップ' in the dump). A mistargeted tap here would disable ADB and strand the device. Clear the notification shade before retrying — see docs/record.md, 'UI hazard' section.
2026-10-01 16:19:13,233 ERROR    src.orchestration.slot: slot 352063910272451: run_init_apn failed: refusing to tap: current screen contains the USB-debugging disable notification (matched '無効にするにはここをタップ' in the dump). A mistargeted tap here would disable ADB and strand the device. Clear the notification shade before retrying — see docs/record.md, 'UI hazard' section.
2026-10-01 16:19:13,233 WARNING  src.orchestration.scheduler: slot 352063910272451: attempt failed (retry 1/3): refusing to tap: current screen contains the USB-debugging disable notification (matched '無効にするにはここをタップ' in the dump). A mistargeted tap here would disable ADB and strand the device. Clear the notification shade before retrying — see docs/record.md, 'UI hazard' section.
2026-10-01 16:19:13,553 WARNING  src.orchestration.slot: slot HQ627F2149: skip_wizard=True - assuming factory reset + the setup wizard were already completed manually (client-decided workflow, 2026-09-17 - the wizard cannot be automated via ADB at all). This skips the check that the device actually finished setup, so a device still mid-wizard when this runs will fail in confusing ways downstream rather than here.
2026-10-01 16:19:13,553 INFO     src.orchestration.slot: slot HQ627F2149: connecting wifi
2026-10-01 16:19:13,683 ERROR    src.orchestration.slot: slot HQ634A0C5D: run_init_apn failed: refusing to tap: current screen contains the USB-debugging disable notification (matched '無効にするにはここをタップ' in the dump). A mistargeted tap here would disable ADB and strand the device. Clear the notification shade before retrying — see docs/record.md, 'UI hazard' section.
2026-10-01 16:19:13,683 WARNING  src.orchestration.scheduler: slot HQ634A0C5D: attempt failed (retry 1/3): refusing to tap: current screen contains the USB-debugging disable notification (matched '無効にするにはここをタップ' in the dump). A mistargeted tap here would disable ADB and strand the device. Clear the notification shade before retrying — see docs/record.md, 'UI hazard' section.
2026-10-01 16:19:13,727 WARNING  src.orchestration.slot: slot 353681650397052: skip_wizard=True - assuming factory reset + the setup wizard were already completed manually (client-decided workflow, 2026-09-17 - the wizard cannot be automated via ADB at all). This skips the check that the device actually finished setup, so a device still mid-wizard when this runs will fail in confusing ways downstream rather than here.
2026-10-01 16:19:13,728 INFO     src.orchestration.slot: slot 353681650397052: connecting wifi
2026-10-01 16:19:13,728 ERROR    src.orchestration.slot: slot HQ63460161: run_init_apn failed: refusing to tap: current screen contains the USB-debugging disable notification (matched '無効にするにはここをタップ' in the dump). A mistargeted tap here would disable ADB and strand the device. Clear the notification shade before retrying — see docs/record.md, 'UI hazard' section.
2026-10-01 16:19:13,728 WARNING  src.orchestration.scheduler: slot HQ63460161: attempt failed (retry 1/3): refusing to tap: current screen contains the USB-debugging disable notification (matched '無効にするにはここをタップ' in the dump). A mistargeted tap here would disable ADB and strand the device. Clear the notification shade before retrying — see docs/record.md, 'UI hazard' section.
2026-10-01 16:19:13,856 ERROR    src.orchestration.slot: slot HQ627C0472: run_init_apn failed: refusing to tap: current screen contains the USB-debugging disable notification (matched '無効にするにはここをタップ' in the dump). A mistargeted tap here would disable ADB and strand the device. Clear the notification shade before retrying — see docs/record.md, 'UI hazard' section.
2026-10-01 16:19:13,856 WARNING  src.orchestration.scheduler: slot HQ627C0472: attempt failed (retry 1/3): refusing to tap: current screen contains the USB-debugging disable notification (matched '無効にするにはここをタップ' in the dump). A mistargeted tap here would disable ADB and strand the device. Clear the notification shade before retrying — see docs/record.md, 'UI hazard' section.
2026-10-01 16:19:13,935 INFO     src.phase2.wifi_setup: already connected to 'earth5_1'; nothing to do
2026-10-01 16:19:13,935 INFO     src.orchestration.slot: slot HQ627F2149: configuring apn
2026-10-01 16:19:14,016 INFO     src.phase2.apn_setup: apn: current input method is 'com.google.android.inputmethod.latin/com.android.inputmethod.latin.LatinIME'
2026-10-01 16:19:14,029 WARNING  src.orchestration.slot: slot HQ632M1012: skip_wizard=True - assuming factory reset + the setup wizard were already completed manually (client-decided workflow, 2026-09-17 - the wizard cannot be automated via ADB at all). This skips the check that the device actually finished setup, so a device still mid-wizard when this runs will fail in confusing ways downstream rather than here.
2026-10-01 16:19:14,030 INFO     src.orchestration.slot: slot HQ632M1012: connecting wifi
2026-10-01 16:19:14,054 ERROR    src.orchestration.slot: slot 353681653208520: run_init_apn failed: refusing to tap: current screen contains the USB-debugging disable notification (matched '無効にするにはここをタップ' in the dump). A mistargeted tap here would disable ADB and strand the device. Clear the notification shade before retrying — see docs/record.md, 'UI hazard' section.
2026-10-01 16:19:14,054 WARNING  src.orchestration.scheduler: slot 353681653208520: attempt failed (retry 1/3): refusing to tap: current screen contains the USB-debugging disable notification (matched '無効にするにはここをタップ' in the dump). A mistargeted tap here would disable ADB and strand the device. Clear the notification shade before retrying — see docs/record.md, 'UI hazard' section.
2026-10-01 16:19:14,118 ERROR    src.orchestration.slot: slot 353681650242175: run_init_apn failed: refusing to tap: current screen contains the USB-debugging disable notification (matched '無効にするにはここをタップ' in the dump). A mistargeted tap here would disable ADB and strand the device. Clear the notification shade before retrying — see docs/record.md, 'UI hazard' section.
2026-10-01 16:19:14,118 WARNING  src.orchestration.scheduler: slot 353681650242175: attempt failed (retry 1/3): refusing to tap: current screen contains the USB-debugging disable notification (matched '無効にするにはここをタップ' in the dump). A mistargeted tap here would disable ADB and strand the device. Clear the notification shade before retrying — see docs/record.md, 'UI hazard' section.
2026-10-01 16:19:14,251 INFO     src.phase2.wifi_setup: already connected to 'earth5_1'; nothing to do
2026-10-01 16:19:14,251 INFO     src.orchestration.slot: slot 353681650397052: configuring apn
2026-10-01 16:19:14,387 WARNING  src.orchestration.slot: slot 352063910272451: skip_wizard=True - assuming factory reset + the setup wizard were already completed manually (client-decided workflow, 2026-09-17 - the wizard cannot be automated via ADB at all). This skips the check that the device actually finished setup, so a device still mid-wizard when this runs will fail in confusing ways downstream rather than here.
2026-10-01 16:19:14,387 INFO     src.orchestration.slot: slot 352063910272451: connecting wifi
2026-10-01 16:19:14,530 INFO     src.phase2.wifi_setup: already connected to 'earth5_1'; nothing to do
2026-10-01 16:19:14,530 INFO     src.orchestration.slot: slot HQ632M1012: configuring apn
2026-10-01 16:19:14,632 INFO     src.phase2.apn_setup: apn: current input method is 'com.google.android.inputmethod.latin/com.android.inputmethod.latin.LatinIME'
2026-10-01 16:19:14,652 ERROR    src.orchestration.slot: slot HQ62540758: run_init_apn failed: refusing to tap: current screen contains the USB-debugging disable notification (matched '無効にするにはここをタップ' in the dump). A mistargeted tap here would disable ADB and strand the device. Clear the notification shade before retrying — see docs/record.md, 'UI hazard' section.
2026-10-01 16:19:14,652 WARNING  src.orchestration.scheduler: slot HQ62540758: attempt failed (retry 1/3): refusing to tap: current screen contains the USB-debugging disable notification (matched '無効にするにはここをタップ' in the dump). A mistargeted tap here would disable ADB and strand the device. Clear the notification shade before retrying — see docs/record.md, 'UI hazard' section.
2026-10-01 16:19:14,774 INFO     src.phase2.apn_setup: apn: current input method is 'com.google.android.inputmethod.latin/com.android.inputmethod.latin.LatinIME'
2026-10-01 16:19:14,869 WARNING  src.orchestration.slot: slot HQ634A0C5D: skip_wizard=True - assuming factory reset + the setup wizard were already completed manually (client-decided workflow, 2026-09-17 - the wizard cannot be automated via ADB at all). This skips the check that the device actually finished setup, so a device still mid-wizard when this runs will fail in confusing ways downstream rather than here.
2026-10-01 16:19:14,869 INFO     src.phase2.wifi_setup: already connected to 'earth5_1'; nothing to do
2026-10-01 16:19:14,869 INFO     src.orchestration.slot: slot HQ634A0C5D: connecting wifi
2026-10-01 16:19:14,870 INFO     src.orchestration.slot: slot 352063910272451: configuring apn
2026-10-01 16:19:15,056 WARNING  src.orchestration.slot: slot HQ627C0472: skip_wizard=True - assuming factory reset + the setup wizard were already completed manually (client-decided workflow, 2026-09-17 - the wizard cannot be automated via ADB at all). This skips the check that the device actually finished setup, so a device still mid-wizard when this runs will fail in confusing ways downstream rather than here.
2026-10-01 16:19:15,056 INFO     src.orchestration.slot: slot HQ627C0472: connecting wifi
2026-10-01 16:19:15,117 INFO     src.phase2.apn_setup: apn: current input method is 'com.google.android.inputmethod.latin/com.android.inputmethod.latin.LatinIME'
2026-10-01 16:19:15,213 WARNING  src.orchestration.slot: slot 353681653208520: skip_wizard=True - assuming factory reset + the setup wizard were already completed manually (client-decided workflow, 2026-09-17 - the wizard cannot be automated via ADB at all). This skips the check that the device actually finished setup, so a device still mid-wizard when this runs will fail in confusing ways downstream rather than here.
2026-10-01 16:19:15,213 INFO     src.orchestration.slot: slot 353681653208520: connecting wifi
2026-10-01 16:19:15,247 WARNING  src.orchestration.slot: slot HQ63460161: skip_wizard=True - assuming factory reset + the setup wizard were already completed manually (client-decided workflow, 2026-09-17 - the wizard cannot be automated via ADB at all). This skips the check that the device actually finished setup, so a device still mid-wizard when this runs will fail in confusing ways downstream rather than here.
2026-10-01 16:19:15,247 INFO     src.orchestration.slot: slot HQ63460161: connecting wifi
2026-10-01 16:19:15,287 WARNING  src.orchestration.slot: slot 353681650242175: skip_wizard=True - assuming factory reset + the setup wizard were already completed manually (client-decided workflow, 2026-09-17 - the wizard cannot be automated via ADB at all). This skips the check that the device actually finished setup, so a device still mid-wizard when this runs will fail in confusing ways downstream rather than here.
2026-10-01 16:19:15,287 INFO     src.orchestration.slot: slot 353681650242175: connecting wifi
2026-10-01 16:19:15,504 INFO     src.phase2.wifi_setup: shell wifi connect-network unavailable/failed: adb command failed: 'shell cmd wifi connect-network "earth5_1" wpa2 "earth5_1"' - Exception occurred while executing 'connect-network':
java.lang.SecurityException: Uid 2000 does not have access to connect-network wifi command (or such command doesn't exist)
	at com.android.server.wifi.WifiShellCommand.onCommand(WifiShellCommand.java:483)
	at com.android.wifi.x.com.android.modules.utils.BasicShellCommandHandler.exec(BasicShellCommandHandler.java:97)
	at com.android.server.wifi.WifiServiceImpl.handleShellCommand(WifiServiceImpl.java:5318)
	at android.os.Binder.onShellCommand(Binder.java:1121)
	at android.os.Binder.shellCommand(Binder.java:1068)
	at android.os.Binder.onTransact(Binder.java:888)
	at android.net.wifi.IWifiManager$Stub.onTransact(IWifiManager.java:3247)
	at android.os.Binder.execTransactInternal(Binder.java:1344)
	at android.os.Binder.execTransact(Binder.java:1275)
2026-10-01 16:19:15,690 INFO     src.phase2.wifi_setup: shell wifi connect-network unavailable/failed: adb command failed: 'shell cmd wifi connect-network "earth5_1" wpa2 "earth5_1"' - Exception occurred while executing 'connect-network':
java.lang.SecurityException: Uid 2000 does not have access to connect-network wifi command (or such command doesn't exist)
	at com.android.server.wifi.WifiShellCommand.onCommand(WifiShellCommand.java:483)
	at com.android.wifi.x.com.android.modules.utils.BasicShellCommandHandler.exec(BasicShellCommandHandler.java:97)
	at com.android.server.wifi.WifiServiceImpl.handleShellCommand(WifiServiceImpl.java:5318)
	at android.os.Binder.onShellCommand(Binder.java:1121)
	at android.os.Binder.shellCommand(Binder.java:1068)
	at android.os.Binder.onTransact(Binder.java:888)
	at android.net.wifi.IWifiManager$Stub.onTransact(IWifiManager.java:3247)
	at android.os.Binder.execTransactInternal(Binder.java:1344)
	at android.os.Binder.execTransact(Binder.java:1275)
2026-10-01 16:19:15,854 WARNING  src.orchestration.slot: slot HQ62540758: skip_wizard=True - assuming factory reset + the setup wizard were already completed manually (client-decided workflow, 2026-09-17 - the wizard cannot be automated via ADB at all). This skips the check that the device actually finished setup, so a device still mid-wizard when this runs will fail in confusing ways downstream rather than here.
2026-10-01 16:19:15,854 INFO     src.orchestration.slot: slot HQ62540758: connecting wifi
2026-10-01 16:19:15,879 INFO     src.phase2.wifi_setup: shell wifi connect-network unavailable/failed: adb command failed: 'shell cmd wifi connect-network "earth5_1" wpa2 "earth5_1"' - Exception occurred while executing 'connect-network':
java.lang.SecurityException: Uid 2000 does not have access to connect-network wifi command (or such command doesn't exist)
	at com.android.server.wifi.WifiShellCommand.onCommand(WifiShellCommand.java:426)
	at com.android.wifi.x.com.android.modules.utils.BasicShellCommandHandler.exec(BasicShellCommandHandler.java:97)
	at com.android.server.wifi.WifiServiceImpl.handleShellCommand(WifiServiceImpl.java:4709)
	at android.os.Binder.onShellCommand(Binder.java:1102)
	at android.os.Binder.shellCommand(Binder.java:1049)
	at android.os.Binder.onTransact(Binder.java:877)
	at android.net.wifi.IWifiManager$Stub.onTransact(IWifiManager.java:2099)
	at android.os.Binder.execTransactInternal(Binder.java:1285)
	at android.os.Binder.execTransact(Binder.java:1244)
2026-10-01 16:19:16,008 INFO     src.phase2.wifi_setup: shell wifi connect-network unavailable/failed: adb command failed: 'shell cmd wifi connect-network "earth5_1" wpa2 "earth5_1"' - Exception occurred while executing 'connect-network':
java.lang.SecurityException: Uid 2000 does not have access to connect-network wifi command (or such command doesn't exist)
	at com.android.server.wifi.WifiShellCommand.onCommand(WifiShellCommand.java:426)
	at com.android.wifi.x.com.android.modules.utils.BasicShellCommandHandler.exec(BasicShellCommandHandler.java:97)
	at com.android.server.wifi.WifiServiceImpl.handleShellCommand(WifiServiceImpl.java:4709)
	at android.os.Binder.onShellCommand(Binder.java:1102)
	at android.os.Binder.shellCommand(Binder.java:1049)
	at android.os.Binder.onTransact(Binder.java:877)
	at android.net.wifi.IWifiManager$Stub.onTransact(IWifiManager.java:2099)
	at android.os.Binder.execTransactInternal(Binder.java:1285)
	at android.os.Binder.execTransact(Binder.java:1244)
2026-10-01 16:19:16,304 INFO     src.phase2.wifi_setup: already connected to 'earth5_1'; nothing to do
2026-10-01 16:19:16,304 INFO     src.orchestration.slot: slot HQ63460161: configuring apn
2026-10-01 16:19:16,449 INFO     src.phase2.wifi_setup: shell wifi connect-network unavailable/failed: adb command failed: 'shell cmd wifi connect-network "earth5_1" wpa2 "earth5_1"' - Exception occurred while executing 'connect-network':
java.lang.SecurityException: Uid 2000 does not have access to connect-network wifi command (or such command doesn't exist)
	at com.android.server.wifi.WifiShellCommand.onCommand(WifiShellCommand.java:483)
	at com.android.wifi.x.com.android.modules.utils.BasicShellCommandHandler.exec(BasicShellCommandHandler.java:97)
	at com.android.server.wifi.WifiServiceImpl.handleShellCommand(WifiServiceImpl.java:5318)
	at android.os.Binder.onShellCommand(Binder.java:1121)
	at android.os.Binder.shellCommand(Binder.java:1068)
	at android.os.Binder.onTransact(Binder.java:888)
	at android.net.wifi.IWifiManager$Stub.onTransact(IWifiManager.java:3247)
	at android.os.Binder.execTransactInternal(Binder.java:1344)
	at android.os.Binder.execTransact(Binder.java:1275)
2026-10-01 16:19:16,609 ERROR    src.phase2.apn_setup: apn menu navigation failed
2026-10-01 16:19:16,609 ERROR    src.orchestration.slot: slot HQ627F2149: run_init_apn failed: apn configuration failed
2026-10-01 16:19:16,609 WARNING  src.orchestration.scheduler: slot HQ627F2149: attempt failed (retry 2/3): apn configuration failed
2026-10-01 16:19:17,154 INFO     src.phase2.apn_setup: apn: current input method is 'com.google.android.inputmethod.latin/com.android.inputmethod.latin.LatinIME'
2026-10-01 16:19:17,228 ERROR    src.phase2.apn_setup: apn menu navigation failed
2026-10-01 16:19:17,228 ERROR    src.orchestration.slot: slot 353681650397052: run_init_apn failed: apn configuration failed
2026-10-01 16:19:17,229 WARNING  src.orchestration.scheduler: slot 353681650397052: attempt failed (retry 2/3): apn configuration failed
2026-10-01 16:19:17,767 WARNING  src.orchestration.slot: slot HQ627F2149: skip_wizard=True - assuming factory reset + the setup wizard were already completed manually (client-decided workflow, 2026-09-17 - the wizard cannot be automated via ADB at all). This skips the check that the device actually finished setup, so a device still mid-wizard when this runs will fail in confusing ways downstream rather than here.
2026-10-01 16:19:17,767 INFO     src.orchestration.slot: slot HQ627F2149: connecting wifi
2026-10-01 16:19:17,819 ERROR    src.orchestration.slot: slot HQ632M1012: run_init_apn failed: refusing to tap: current screen contains the USB-debugging disable notification (matched '無効にするにはここをタップ' in the dump). A mistargeted tap here would disable ADB and strand the device. Clear the notification shade before retrying — see docs/record.md, 'UI hazard' section.
2026-10-01 16:19:17,819 WARNING  src.orchestration.scheduler: slot HQ632M1012: attempt failed (retry 2/3): refusing to tap: current screen contains the USB-debugging disable notification (matched '無効にするにはここをタップ' in the dump). A mistargeted tap here would disable ADB and strand the device. Clear the notification shade before retrying — see docs/record.md, 'UI hazard' section.
2026-10-01 16:19:17,843 ERROR    src.orchestration.slot: slot 352063910272451: run_init_apn failed: refusing to tap: current screen contains the USB-debugging disable notification (matched '無効にするにはここをタップ' in the dump). A mistargeted tap here would disable ADB and strand the device. Clear the notification shade before retrying — see docs/record.md, 'UI hazard' section.
2026-10-01 16:19:17,843 WARNING  src.orchestration.scheduler: slot 352063910272451: attempt failed (retry 2/3): refusing to tap: current screen contains the USB-debugging disable notification (matched '無効にするにはここをタップ' in the dump). A mistargeted tap here would disable ADB and strand the device. Clear the notification shade before retrying — see docs/record.md, 'UI hazard' section.
2026-10-01 16:19:18,201 INFO     src.phase2.wifi_setup: already connected to 'earth5_1'; nothing to do
2026-10-01 16:19:18,201 INFO     src.orchestration.slot: slot HQ627F2149: configuring apn
2026-10-01 16:19:18,307 INFO     src.phase2.apn_setup: apn: current input method is 'com.google.android.inputmethod.latin/com.android.inputmethod.latin.LatinIME'
2026-10-01 16:19:18,315 INFO     src.phase2.wifi_setup: WIFI_SETTINGS intent didn't land on a recognizable Wi-Fi screen; falling back to menu_path navigation
2026-10-01 16:19:18,398 WARNING  src.orchestration.slot: slot 353681650397052: skip_wizard=True - assuming factory reset + the setup wizard were already completed manually (client-decided workflow, 2026-09-17 - the wizard cannot be automated via ADB at all). This skips the check that the device actually finished setup, so a device still mid-wizard when this runs will fail in confusing ways downstream rather than here.
2026-10-01 16:19:18,398 INFO     src.orchestration.slot: slot 353681650397052: connecting wifi
2026-10-01 16:19:18,461 INFO     src.phase2.wifi_setup: WIFI_SETTINGS intent didn't land on a recognizable Wi-Fi screen; falling back to menu_path navigation
2026-10-01 16:19:18,854 INFO     src.phase2.wifi_setup: WIFI_SETTINGS intent didn't land on a recognizable Wi-Fi screen; falling back to menu_path navigation
2026-10-01 16:19:18,914 INFO     src.phase2.wifi_setup: already connected to 'earth5_1'; nothing to do
2026-10-01 16:19:18,915 INFO     src.orchestration.slot: slot 353681650397052: configuring apn
2026-10-01 16:19:18,971 WARNING  src.orchestration.slot: slot HQ632M1012: skip_wizard=True - assuming factory reset + the setup wizard were already completed manually (client-decided workflow, 2026-09-17 - the wizard cannot be automated via ADB at all). This skips the check that the device actually finished setup, so a device still mid-wizard when this runs will fail in confusing ways downstream rather than here.
2026-10-01 16:19:18,971 INFO     src.orchestration.slot: slot HQ632M1012: connecting wifi
2026-10-01 16:19:18,994 INFO     src.phase2.wifi_setup: WIFI_SETTINGS intent didn't land on a recognizable Wi-Fi screen; falling back to menu_path navigation
2026-10-01 16:19:19,026 WARNING  src.orchestration.slot: slot 352063910272451: skip_wizard=True - assuming factory reset + the setup wizard were already completed manually (client-decided workflow, 2026-09-17 - the wizard cannot be automated via ADB at all). This skips the check that the device actually finished setup, so a device still mid-wizard when this runs will fail in confusing ways downstream rather than here.
2026-10-01 16:19:19,026 INFO     src.orchestration.slot: slot 352063910272451: connecting wifi
2026-10-01 16:19:19,295 INFO     src.phase2.apn_setup: apn: current input method is 'com.google.android.inputmethod.latin/com.android.inputmethod.latin.LatinIME'
2026-10-01 16:19:19,483 INFO     src.phase2.wifi_setup: already connected to 'earth5_1'; nothing to do
2026-10-01 16:19:19,483 INFO     src.orchestration.slot: slot HQ632M1012: configuring apn
2026-10-01 16:19:19,521 INFO     src.phase2.wifi_setup: already connected to 'earth5_1'; nothing to do
2026-10-01 16:19:19,522 INFO     src.orchestration.slot: slot 352063910272451: configuring apn
2026-10-01 16:19:19,706 INFO     src.phase2.wifi_setup: WIFI_SETTINGS intent didn't land on a recognizable Wi-Fi screen; falling back to menu_path navigation
2026-10-01 16:19:19,757 INFO     src.phase2.apn_setup: apn: current input method is 'com.google.android.inputmethod.latin/com.android.inputmethod.latin.LatinIME'
2026-10-01 16:19:19,796 INFO     src.phase2.apn_setup: apn: current input method is 'com.google.android.inputmethod.latin/com.android.inputmethod.latin.LatinIME'
2026-10-01 16:19:21,016 ERROR    src.orchestration.slot: slot HQ634A0C5D: run_init_apn failed: refusing to tap: current screen contains the USB-debugging disable notification (matched '無効にするにはここをタップ' in the dump). A mistargeted tap here would disable ADB and strand the device. Clear the notification shade before retrying — see docs/record.md, 'UI hazard' section.
2026-10-01 16:19:21,016 WARNING  src.orchestration.scheduler: slot HQ634A0C5D: attempt failed (retry 2/3): refusing to tap: current screen contains the USB-debugging disable notification (matched '無効にするにはここをタップ' in the dump). A mistargeted tap here would disable ADB and strand the device. Clear the notification shade before retrying — see docs/record.md, 'UI hazard' section.
2026-10-01 16:19:21,089 WARNING  src.phase2.wifi_setup: wifi password field 'com.android.settings:id/wifi_password' (unresolved/best-guess id) not found; attempting text entry anyway in case it's already focused — the join-network dialog typically auto-focuses the password field itself
2026-10-01 16:19:21,161 ERROR    src.orchestration.slot: slot HQ627C0472: run_init_apn failed: refusing to tap: current screen contains the USB-debugging disable notification (matched '無効にするにはここをタップ' in the dump). A mistargeted tap here would disable ADB and strand the device. Clear the notification shade before retrying — see docs/record.md, 'UI hazard' section.
2026-10-01 16:19:21,161 WARNING  src.orchestration.scheduler: slot HQ627C0472: attempt failed (retry 2/3): refusing to tap: current screen contains the USB-debugging disable notification (matched '無効にするにはここをタップ' in the dump). A mistargeted tap here would disable ADB and strand the device. Clear the notification shade before retrying — see docs/record.md, 'UI hazard' section.
2026-10-01 16:19:21,297 ERROR    src.phase2.apn_setup: apn menu navigation failed
2026-10-01 16:19:21,298 ERROR    src.orchestration.slot: slot HQ627F2149: run_init_apn failed: apn configuration failed
2026-10-01 16:19:21,298 WARNING  src.orchestration.scheduler: slot HQ627F2149: attempt failed (retry 3/3): apn configuration failed
2026-10-01 16:19:21,750 ERROR    src.orchestration.slot: slot 353681653208520: run_init_apn failed: refusing to tap: current screen contains the USB-debugging disable notification (matched '無効にするにはここをタップ' in the dump). A mistargeted tap here would disable ADB and strand the device. Clear the notification shade before retrying — see docs/record.md, 'UI hazard' section.
2026-10-01 16:19:21,750 WARNING  src.orchestration.scheduler: slot 353681653208520: attempt failed (retry 2/3): refusing to tap: current screen contains the USB-debugging disable notification (matched '無効にするにはここをタップ' in the dump). A mistargeted tap here would disable ADB and strand the device. Clear the notification shade before retrying — see docs/record.md, 'UI hazard' section.
2026-10-01 16:19:21,753 ERROR    src.orchestration.slot: slot 353681650242175: run_init_apn failed: refusing to tap: current screen contains the USB-debugging disable notification (matched '無効にするにはここをタップ' in the dump). A mistargeted tap here would disable ADB and strand the device. Clear the notification shade before retrying — see docs/record.md, 'UI hazard' section.
2026-10-01 16:19:21,753 WARNING  src.orchestration.scheduler: slot 353681650242175: attempt failed (retry 2/3): refusing to tap: current screen contains the USB-debugging disable notification (matched '無効にするにはここをタップ' in the dump). A mistargeted tap here would disable ADB and strand the device. Clear the notification shade before retrying — see docs/record.md, 'UI hazard' section.
2026-10-01 16:19:21,875 ERROR    src.phase2.apn_setup: apn menu navigation failed
2026-10-01 16:19:21,876 ERROR    src.orchestration.slot: slot 353681650397052: run_init_apn failed: apn configuration failed
2026-10-01 16:19:21,876 WARNING  src.orchestration.scheduler: slot 353681650397052: attempt failed (retry 3/3): apn configuration failed
2026-10-01 16:19:22,215 ERROR    src.orchestration.slot: slot HQ63460161: run_init_apn failed: refusing to tap: current screen contains the USB-debugging disable notification (matched '無効にするにはここをタップ' in the dump). A mistargeted tap here would disable ADB and strand the device. Clear the notification shade before retrying — see docs/record.md, 'UI hazard' section.
2026-10-01 16:19:22,215 WARNING  src.orchestration.slot: slot HQ634A0C5D: skip_wizard=True - assuming factory reset + the setup wizard were already completed manually (client-decided workflow, 2026-09-17 - the wizard cannot be automated via ADB at all). This skips the check that the device actually finished setup, so a device still mid-wizard when this runs will fail in confusing ways downstream rather than here.
2026-10-01 16:19:22,216 WARNING  src.orchestration.scheduler: slot HQ63460161: attempt failed (retry 2/3): refusing to tap: current screen contains the USB-debugging disable notification (matched '無効にするにはここをタップ' in the dump). A mistargeted tap here would disable ADB and strand the device. Clear the notification shade before retrying — see docs/record.md, 'UI hazard' section.
2026-10-01 16:19:22,216 INFO     src.orchestration.slot: slot HQ634A0C5D: connecting wifi
2026-10-01 16:19:22,360 WARNING  src.orchestration.slot: slot HQ627C0472: skip_wizard=True - assuming factory reset + the setup wizard were already completed manually (client-decided workflow, 2026-09-17 - the wizard cannot be automated via ADB at all). This skips the check that the device actually finished setup, so a device still mid-wizard when this runs will fail in confusing ways downstream rather than here.
2026-10-01 16:19:22,361 INFO     src.orchestration.slot: slot HQ627C0472: connecting wifi
2026-10-01 16:19:22,407 ERROR    src.orchestration.slot: slot HQ62540758: run_init_apn failed: refusing to tap: current screen contains the USB-debugging disable notification (matched '無効にするにはここをタップ' in the dump). A mistargeted tap here would disable ADB and strand the device. Clear the notification shade before retrying — see docs/record.md, 'UI hazard' section.
2026-10-01 16:19:22,407 WARNING  src.orchestration.scheduler: slot HQ62540758: attempt failed (retry 2/3): refusing to tap: current screen contains the USB-debugging disable notification (matched '無効にするにはここをタップ' in the dump). A mistargeted tap here would disable ADB and strand the device. Clear the notification shade before retrying — see docs/record.md, 'UI hazard' section.
2026-10-01 16:19:22,460 ERROR    src.orchestration.slot: slot 352063910272451: run_init_apn failed: refusing to tap: current screen contains the USB-debugging disable notification (matched '無効にするにはここをタップ' in the dump). A mistargeted tap here would disable ADB and strand the device. Clear the notification shade before retrying — see docs/record.md, 'UI hazard' section.
2026-10-01 16:19:22,461 WARNING  src.orchestration.scheduler: slot 352063910272451: attempt failed (retry 3/3): refusing to tap: current screen contains the USB-debugging disable notification (matched '無効にするにはここをタップ' in the dump). A mistargeted tap here would disable ADB and strand the device. Clear the notification shade before retrying — see docs/record.md, 'UI hazard' section.
2026-10-01 16:19:22,788 ERROR    src.orchestration.slot: slot HQ632M1012: run_init_apn failed: refusing to tap: current screen contains the USB-debugging disable notification (matched '無効にするにはここをタップ' in the dump). A mistargeted tap here would disable ADB and strand the device. Clear the notification shade before retrying — see docs/record.md, 'UI hazard' section.
2026-10-01 16:19:22,789 WARNING  src.orchestration.scheduler: slot HQ632M1012: attempt failed (retry 3/3): refusing to tap: current screen contains the USB-debugging disable notification (matched '無効にするにはここをタップ' in the dump). A mistargeted tap here would disable ADB and strand the device. Clear the notification shade before retrying — see docs/record.md, 'UI hazard' section.
2026-10-01 16:19:22,840 WARNING  src.orchestration.slot: slot HQ627F2149: skip_wizard=True - assuming factory reset + the setup wizard were already completed manually (client-decided workflow, 2026-09-17 - the wizard cannot be automated via ADB at all). This skips the check that the device actually finished setup, so a device still mid-wizard when this runs will fail in confusing ways downstream rather than here.
2026-10-01 16:19:22,841 INFO     src.orchestration.slot: slot HQ627F2149: connecting wifi
2026-10-01 16:19:22,844 INFO     src.phase2.wifi_setup: shell wifi connect-network unavailable/failed: adb command failed: 'shell cmd wifi connect-network "earth5_1" wpa2 "earth5_1"' - Exception occurred while executing 'connect-network':
java.lang.SecurityException: Uid 2000 does not have access to connect-network wifi command (or such command doesn't exist)
	at com.android.server.wifi.WifiShellCommand.onCommand(WifiShellCommand.java:483)
	at com.android.wifi.x.com.android.modules.utils.BasicShellCommandHandler.exec(BasicShellCommandHandler.java:97)
	at com.android.server.wifi.WifiServiceImpl.handleShellCommand(WifiServiceImpl.java:5318)
	at android.os.Binder.onShellCommand(Binder.java:1121)
	at android.os.Binder.shellCommand(Binder.java:1068)
	at android.os.Binder.onTransact(Binder.java:888)
	at android.net.wifi.IWifiManager$Stub.onTransact(IWifiManager.java:3247)
	at android.os.Binder.execTransactInternal(Binder.java:1344)
	at android.os.Binder.execTransact(Binder.java:1275)
2026-10-01 16:19:22,916 WARNING  src.orchestration.slot: slot 353681653208520: skip_wizard=True - assuming factory reset + the setup wizard were already completed manually (client-decided workflow, 2026-09-17 - the wizard cannot be automated via ADB at all). This skips the check that the device actually finished setup, so a device still mid-wizard when this runs will fail in confusing ways downstream rather than here.
2026-10-01 16:19:22,918 INFO     src.orchestration.slot: slot 353681653208520: connecting wifi
2026-10-01 16:19:22,924 WARNING  src.orchestration.slot: slot 353681650242175: skip_wizard=True - assuming factory reset + the setup wizard were already completed manually (client-decided workflow, 2026-09-17 - the wizard cannot be automated via ADB at all). This skips the check that the device actually finished setup, so a device still mid-wizard when this runs will fail in confusing ways downstream rather than here.
2026-10-01 16:19:22,924 INFO     src.orchestration.slot: slot 353681650242175: connecting wifi
2026-10-01 16:19:23,000 INFO     src.phase2.wifi_setup: shell wifi connect-network unavailable/failed: adb command failed: 'shell cmd wifi connect-network "earth5_1" wpa2 "earth5_1"' - Exception occurred while executing 'connect-network':
java.lang.SecurityException: Uid 2000 does not have access to connect-network wifi command (or such command doesn't exist)
	at com.android.server.wifi.WifiShellCommand.onCommand(WifiShellCommand.java:483)
	at com.android.wifi.x.com.android.modules.utils.BasicShellCommandHandler.exec(BasicShellCommandHandler.java:97)
	at com.android.server.wifi.WifiServiceImpl.handleShellCommand(WifiServiceImpl.java:5318)
	at android.os.Binder.onShellCommand(Binder.java:1121)
	at android.os.Binder.shellCommand(Binder.java:1068)
	at android.os.Binder.onTransact(Binder.java:888)
	at android.net.wifi.IWifiManager$Stub.onTransact(IWifiManager.java:3247)
	at android.os.Binder.execTransactInternal(Binder.java:1344)
	at android.os.Binder.execTransact(Binder.java:1275)
2026-10-01 16:19:23,059 WARNING  src.orchestration.slot: slot 353681650397052: skip_wizard=True - assuming factory reset + the setup wizard were already completed manually (client-decided workflow, 2026-09-17 - the wizard cannot be automated via ADB at all). This skips the check that the device actually finished setup, so a device still mid-wizard when this runs will fail in confusing ways downstream rather than here.
2026-10-01 16:19:23,060 INFO     src.orchestration.slot: slot 353681650397052: connecting wifi
2026-10-01 16:19:23,230 INFO     src.phase2.wifi_setup: already connected to 'earth5_1'; nothing to do
2026-10-01 16:19:23,230 INFO     src.orchestration.slot: slot HQ627F2149: configuring apn
2026-10-01 16:19:23,316 INFO     src.phase2.apn_setup: apn: current input method is 'com.google.android.inputmethod.latin/com.android.inputmethod.latin.LatinIME'
2026-10-01 16:19:23,555 INFO     src.phase2.wifi_setup: already connected to 'earth5_1'; nothing to do
2026-10-01 16:19:23,555 INFO     src.orchestration.slot: slot 353681650397052: configuring apn
2026-10-01 16:19:23,579 INFO     src.phase2.wifi_setup: shell wifi connect-network unavailable/failed: adb command failed: 'shell cmd wifi connect-network "earth5_1" wpa2 "earth5_1"' - Exception occurred while executing 'connect-network':
java.lang.SecurityException: Uid 2000 does not have access to connect-network wifi command (or such command doesn't exist)
	at com.android.server.wifi.WifiShellCommand.onCommand(WifiShellCommand.java:426)
	at com.android.wifi.x.com.android.modules.utils.BasicShellCommandHandler.exec(BasicShellCommandHandler.java:97)
	at com.android.server.wifi.WifiServiceImpl.handleShellCommand(WifiServiceImpl.java:4709)
	at android.os.Binder.onShellCommand(Binder.java:1102)
	at android.os.Binder.shellCommand(Binder.java:1049)
	at android.os.Binder.onTransact(Binder.java:877)
	at android.net.wifi.IWifiManager$Stub.onTransact(IWifiManager.java:2099)
	at android.os.Binder.execTransactInternal(Binder.java:1285)
	at android.os.Binder.execTransact(Binder.java:1244)
2026-10-01 16:19:23,597 WARNING  src.orchestration.slot: slot HQ63460161: skip_wizard=True - assuming factory reset + the setup wizard were already completed manually (client-decided workflow, 2026-09-17 - the wizard cannot be automated via ADB at all). This skips the check that the device actually finished setup, so a device still mid-wizard when this runs will fail in confusing ways downstream rather than here.
2026-10-01 16:19:23,597 INFO     src.orchestration.slot: slot HQ63460161: connecting wifi
2026-10-01 16:19:23,602 INFO     src.phase2.wifi_setup: shell wifi connect-network unavailable/failed: adb command failed: 'shell cmd wifi connect-network "earth5_1" wpa2 "earth5_1"' - Exception occurred while executing 'connect-network':
java.lang.SecurityException: Uid 2000 does not have access to connect-network wifi command (or such command doesn't exist)
	at com.android.server.wifi.WifiShellCommand.onCommand(WifiShellCommand.java:426)
	at com.android.wifi.x.com.android.modules.utils.BasicShellCommandHandler.exec(BasicShellCommandHandler.java:97)
	at com.android.server.wifi.WifiServiceImpl.handleShellCommand(WifiServiceImpl.java:4709)
	at android.os.Binder.onShellCommand(Binder.java:1102)
	at android.os.Binder.shellCommand(Binder.java:1049)
	at android.os.Binder.onTransact(Binder.java:877)
	at android.net.wifi.IWifiManager$Stub.onTransact(IWifiManager.java:2099)
	at android.os.Binder.execTransactInternal(Binder.java:1285)
	at android.os.Binder.execTransact(Binder.java:1244)
2026-10-01 16:19:23,630 WARNING  src.orchestration.slot: slot 352063910272451: skip_wizard=True - assuming factory reset + the setup wizard were already completed manually (client-decided workflow, 2026-09-17 - the wizard cannot be automated via ADB at all). This skips the check that the device actually finished setup, so a device still mid-wizard when this runs will fail in confusing ways downstream rather than here.
2026-10-01 16:19:23,630 INFO     src.orchestration.slot: slot 352063910272451: connecting wifi
2026-10-01 16:19:23,636 WARNING  src.orchestration.slot: slot HQ62540758: skip_wizard=True - assuming factory reset + the setup wizard were already completed manually (client-decided workflow, 2026-09-17 - the wizard cannot be automated via ADB at all). This skips the check that the device actually finished setup, so a device still mid-wizard when this runs will fail in confusing ways downstream rather than here.
2026-10-01 16:19:23,637 INFO     src.orchestration.slot: slot HQ62540758: connecting wifi
2026-10-01 16:19:23,934 INFO     src.phase2.apn_setup: apn: current input method is 'com.google.android.inputmethod.latin/com.android.inputmethod.latin.LatinIME'
2026-10-01 16:19:23,969 WARNING  src.orchestration.slot: slot HQ632M1012: skip_wizard=True - assuming factory reset + the setup wizard were already completed manually (client-decided workflow, 2026-09-17 - the wizard cannot be automated via ADB at all). This skips the check that the device actually finished setup, so a device still mid-wizard when this runs will fail in confusing ways downstream rather than here.
2026-10-01 16:19:23,969 INFO     src.orchestration.slot: slot HQ632M1012: connecting wifi
2026-10-01 16:19:24,140 INFO     src.phase2.wifi_setup: already connected to 'earth5_1'; nothing to do
2026-10-01 16:19:24,140 INFO     src.orchestration.slot: slot 352063910272451: configuring apn
2026-10-01 16:19:24,153 INFO     src.phase2.wifi_setup: already connected to 'earth5_1'; nothing to do
2026-10-01 16:19:24,153 INFO     src.orchestration.slot: slot HQ63460161: configuring apn
2026-10-01 16:19:24,264 INFO     src.phase2.wifi_setup: shell wifi connect-network unavailable/failed: adb command failed: 'shell cmd wifi connect-network "earth5_1" wpa2 "earth5_1"' - Exception occurred while executing 'connect-network':
java.lang.SecurityException: Uid 2000 does not have access to connect-network wifi command (or such command doesn't exist)
	at com.android.server.wifi.WifiShellCommand.onCommand(WifiShellCommand.java:483)
	at com.android.wifi.x.com.android.modules.utils.BasicShellCommandHandler.exec(BasicShellCommandHandler.java:97)
	at com.android.server.wifi.WifiServiceImpl.handleShellCommand(WifiServiceImpl.java:5318)
	at android.os.Binder.onShellCommand(Binder.java:1121)
	at android.os.Binder.shellCommand(Binder.java:1068)
	at android.os.Binder.onTransact(Binder.java:888)
	at android.net.wifi.IWifiManager$Stub.onTransact(IWifiManager.java:3247)
	at android.os.Binder.execTransactInternal(Binder.java:1344)
	at android.os.Binder.execTransact(Binder.java:1275)
2026-10-01 16:19:24,375 INFO     src.phase2.apn_setup: apn: current input method is 'com.google.android.inputmethod.latin/com.android.inputmethod.latin.LatinIME'
2026-10-01 16:19:24,464 INFO     src.phase2.wifi_setup: already connected to 'earth5_1'; nothing to do
2026-10-01 16:19:24,464 INFO     src.orchestration.slot: slot HQ632M1012: configuring apn
2026-10-01 16:19:24,715 INFO     src.phase2.apn_setup: apn: current input method is 'com.google.android.inputmethod.latin/com.android.inputmethod.latin.LatinIME'
2026-10-01 16:19:24,900 INFO     src.phase2.apn_setup: apn: current input method is 'com.google.android.inputmethod.latin/com.android.inputmethod.latin.LatinIME'
2026-10-01 16:19:25,652 INFO     src.phase2.wifi_setup: WIFI_SETTINGS intent didn't land on a recognizable Wi-Fi screen; falling back to menu_path navigation
2026-10-01 16:19:25,821 INFO     src.phase2.wifi_setup: WIFI_SETTINGS intent didn't land on a recognizable Wi-Fi screen; falling back to menu_path navigation
2026-10-01 16:19:26,379 ERROR    src.phase2.apn_setup: apn menu navigation failed
2026-10-01 16:19:26,379 ERROR    src.orchestration.slot: slot HQ627F2149: run_init_apn failed: apn configuration failed
2026-10-01 16:19:26,380 ERROR    src.orchestration.scheduler: slot HQ627F2149: exceeded max_retry (3); escalating. last_error=apn configuration failed
2026-10-01 16:19:26,432 ERROR    src.phase2.apn_setup: apn menu navigation failed
2026-10-01 16:19:26,432 ERROR    src.orchestration.slot: slot 353681650397052: run_init_apn failed: apn configuration failed
2026-10-01 16:19:26,432 ERROR    src.orchestration.scheduler: slot 353681650397052: exceeded max_retry (3); escalating. last_error=apn configuration failed
2026-10-01 16:19:26,481 INFO     src.phase2.wifi_setup: WIFI_SETTINGS intent didn't land on a recognizable Wi-Fi screen; falling back to menu_path navigation
2026-10-01 16:19:26,549 INFO     src.phase2.wifi_setup: WIFI_SETTINGS intent didn't land on a recognizable Wi-Fi screen; falling back to menu_path navigation
2026-10-01 16:19:26,922 INFO     src.phase2.wifi_setup: connected to 'earth5_1' via UI fallback
2026-10-01 16:19:26,922 INFO     src.orchestration.slot: slot 352063910283409: configuring apn
2026-10-01 16:19:27,045 INFO     src.phase2.wifi_setup: WIFI_SETTINGS intent didn't land on a recognizable Wi-Fi screen; falling back to menu_path navigation
2026-10-01 16:19:27,175 ERROR    src.orchestration.slot: slot 352063910272451: run_init_apn failed: refusing to tap: current screen contains the USB-debugging disable notification (matched '無効にするにはここをタップ' in the dump). A mistargeted tap here would disable ADB and strand the device. Clear the notification shade before retrying — see docs/record.md, 'UI hazard' section.
2026-10-01 16:19:27,175 ERROR    src.orchestration.scheduler: slot 352063910272451: exceeded max_retry (3); escalating. last_error=refusing to tap: current screen contains the USB-debugging disable notification (matched '無効にするにはここをタップ' in the dump). A mistargeted tap here would disable ADB and strand the device. Clear the notification shade before retrying — see docs/record.md, 'UI hazard' section.
2026-10-01 16:19:27,757 ERROR    src.orchestration.slot: slot HQ632M1012: run_init_apn failed: refusing to tap: current screen contains the USB-debugging disable notification (matched '無効にするにはここをタップ' in the dump). A mistargeted tap here would disable ADB and strand the device. Clear the notification shade before retrying — see docs/record.md, 'UI hazard' section.
2026-10-01 16:19:27,757 INFO     src.phase2.apn_setup: apn: current input method is 'com.google.android.inputmethod.latin/com.android.inputmethod.latin.LatinIME'
2026-10-01 16:19:27,757 ERROR    src.orchestration.scheduler: slot HQ632M1012: exceeded max_retry (3); escalating. last_error=refusing to tap: current screen contains the USB-debugging disable notification (matched '無効にするにはここをタップ' in the dump). A mistargeted tap here would disable ADB and strand the device. Clear the notification shade before retrying — see docs/record.md, 'UI hazard' section.
2026-10-01 16:19:28,240 ERROR    src.orchestration.slot: slot HQ63460161: run_init_apn failed: refusing to tap: current screen contains the USB-debugging disable notification (matched '無効にするにはここをタップ' in the dump). A mistargeted tap here would disable ADB and strand the device. Clear the notification shade before retrying — see docs/record.md, 'UI hazard' section.
2026-10-01 16:19:28,240 WARNING  src.orchestration.scheduler: slot HQ63460161: attempt failed (retry 3/3): refusing to tap: current screen contains the USB-debugging disable notification (matched '無効にするにはここをタップ' in the dump). A mistargeted tap here would disable ADB and strand the device. Clear the notification shade before retrying — see docs/record.md, 'UI hazard' section.
2026-10-01 16:19:28,271 ERROR    src.orchestration.slot: slot HQ634A0C5D: run_init_apn failed: refusing to tap: current screen contains the USB-debugging disable notification (matched '無効にするにはここをタップ' in the dump). A mistargeted tap here would disable ADB and strand the device. Clear the notification shade before retrying — see docs/record.md, 'UI hazard' section.
2026-10-01 16:19:28,271 WARNING  src.orchestration.scheduler: slot HQ634A0C5D: attempt failed (retry 3/3): refusing to tap: current screen contains the USB-debugging disable notification (matched '無効にするにはここをタップ' in the dump). A mistargeted tap here would disable ADB and strand the device. Clear the notification shade before retrying — see docs/record.md, 'UI hazard' section.
2026-10-01 16:19:28,485 ERROR    src.orchestration.slot: slot HQ627C0472: run_init_apn failed: refusing to tap: current screen contains the USB-debugging disable notification (matched '無効にするにはここをタップ' in the dump). A mistargeted tap here would disable ADB and strand the device. Clear the notification shade before retrying — see docs/record.md, 'UI hazard' section.
2026-10-01 16:19:28,485 WARNING  src.orchestration.scheduler: slot HQ627C0472: attempt failed (retry 3/3): refusing to tap: current screen contains the USB-debugging disable notification (matched '無効にするにはここをタップ' in the dump). A mistargeted tap here would disable ADB and strand the device. Clear the notification shade before retrying — see docs/record.md, 'UI hazard' section.
2026-10-01 16:19:29,276 ERROR    src.orchestration.slot: slot 353681650242175: run_init_apn failed: refusing to tap: current screen contains the USB-debugging disable notification (matched '無効にするにはここをタップ' in the dump). A mistargeted tap here would disable ADB and strand the device. Clear the notification shade before retrying — see docs/record.md, 'UI hazard' section.
2026-10-01 16:19:29,277 WARNING  src.orchestration.scheduler: slot 353681650242175: attempt failed (retry 3/3): refusing to tap: current screen contains the USB-debugging disable notification (matched '無効にするにはここをタップ' in the dump). A mistargeted tap here would disable ADB and strand the device. Clear the notification shade before retrying — see docs/record.md, 'UI hazard' section.
2026-10-01 16:19:29,450 ERROR    src.orchestration.slot: slot 353681653208520: run_init_apn failed: refusing to tap: current screen contains the USB-debugging disable notification (matched '無効にするにはここをタップ' in the dump). A mistargeted tap here would disable ADB and strand the device. Clear the notification shade before retrying — see docs/record.md, 'UI hazard' section.
2026-10-01 16:19:29,451 WARNING  src.orchestration.scheduler: slot 353681653208520: attempt failed (retry 3/3): refusing to tap: current screen contains the USB-debugging disable notification (matched '無効にするにはここをタップ' in the dump). A mistargeted tap here would disable ADB and strand the device. Clear the notification shade before retrying — see docs/record.md, 'UI hazard' section.
2026-10-01 16:19:29,469 WARNING  src.orchestration.slot: slot HQ634A0C5D: skip_wizard=True - assuming factory reset + the setup wizard were already completed manually (client-decided workflow, 2026-09-17 - the wizard cannot be automated via ADB at all). This skips the check that the device actually finished setup, so a device still mid-wizard when this runs will fail in confusing ways downstream rather than here.
2026-10-01 16:19:29,469 INFO     src.orchestration.slot: slot HQ634A0C5D: connecting wifi
2026-10-01 16:19:29,488 WARNING  src.orchestration.slot: slot HQ63460161: skip_wizard=True - assuming factory reset + the setup wizard were already completed manually (client-decided workflow, 2026-09-17 - the wizard cannot be automated via ADB at all). This skips the check that the device actually finished setup, so a device still mid-wizard when this runs will fail in confusing ways downstream rather than here.
2026-10-01 16:19:29,488 INFO     src.orchestration.slot: slot HQ63460161: connecting wifi
2026-10-01 16:19:29,682 WARNING  src.orchestration.slot: slot HQ627C0472: skip_wizard=True - assuming factory reset + the setup wizard were already completed manually (client-decided workflow, 2026-09-17 - the wizard cannot be automated via ADB at all). This skips the check that the device actually finished setup, so a device still mid-wizard when this runs will fail in confusing ways downstream rather than here.
2026-10-01 16:19:29,682 INFO     src.orchestration.slot: slot HQ627C0472: connecting wifi
2026-10-01 16:19:29,740 ERROR    src.orchestration.slot: slot HQ62540758: run_init_apn failed: refusing to tap: current screen contains the USB-debugging disable notification (matched '無効にするにはここをタップ' in the dump). A mistargeted tap here would disable ADB and strand the device. Clear the notification shade before retrying — see docs/record.md, 'UI hazard' section.
2026-10-01 16:19:29,741 WARNING  src.orchestration.scheduler: slot HQ62540758: attempt failed (retry 3/3): refusing to tap: current screen contains the USB-debugging disable notification (matched '無効にするにはここをタップ' in the dump). A mistargeted tap here would disable ADB and strand the device. Clear the notification shade before retrying — see docs/record.md, 'UI hazard' section.
2026-10-01 16:19:30,090 INFO     src.phase2.wifi_setup: shell wifi connect-network unavailable/failed: adb command failed: 'shell cmd wifi connect-network "earth5_1" wpa2 "earth5_1"' - Exception occurred while executing 'connect-network':
java.lang.SecurityException: Uid 2000 does not have access to connect-network wifi command (or such command doesn't exist)
	at com.android.server.wifi.WifiShellCommand.onCommand(WifiShellCommand.java:483)
	at com.android.wifi.x.com.android.modules.utils.BasicShellCommandHandler.exec(BasicShellCommandHandler.java:97)
	at com.android.server.wifi.WifiServiceImpl.handleShellCommand(WifiServiceImpl.java:5318)
	at android.os.Binder.onShellCommand(Binder.java:1121)
	at android.os.Binder.shellCommand(Binder.java:1068)
	at android.os.Binder.onTransact(Binder.java:888)
	at android.net.wifi.IWifiManager$Stub.onTransact(IWifiManager.java:3247)
	at android.os.Binder.execTransactInternal(Binder.java:1344)
	at android.os.Binder.execTransact(Binder.java:1275)
2026-10-01 16:19:30,220 INFO     src.phase2.wifi_setup: already connected to 'earth5_1'; nothing to do
2026-10-01 16:19:30,220 INFO     src.orchestration.slot: slot HQ63460161: configuring apn
2026-10-01 16:19:30,334 INFO     src.phase2.wifi_setup: shell wifi connect-network unavailable/failed: adb command failed: 'shell cmd wifi connect-network "earth5_1" wpa2 "earth5_1"' - Exception occurred while executing 'connect-network':
java.lang.SecurityException: Uid 2000 does not have access to connect-network wifi command (or such command doesn't exist)
	at com.android.server.wifi.WifiShellCommand.onCommand(WifiShellCommand.java:483)
	at com.android.wifi.x.com.android.modules.utils.BasicShellCommandHandler.exec(BasicShellCommandHandler.java:97)
	at com.android.server.wifi.WifiServiceImpl.handleShellCommand(WifiServiceImpl.java:5318)
	at android.os.Binder.onShellCommand(Binder.java:1121)
	at android.os.Binder.shellCommand(Binder.java:1068)
	at android.os.Binder.onTransact(Binder.java:888)
	at android.net.wifi.IWifiManager$Stub.onTransact(IWifiManager.java:3247)
	at android.os.Binder.execTransactInternal(Binder.java:1344)
	at android.os.Binder.execTransact(Binder.java:1275)
2026-10-01 16:19:30,442 WARNING  src.orchestration.slot: slot 353681650242175: skip_wizard=True - assuming factory reset + the setup wizard were already completed manually (client-decided workflow, 2026-09-17 - the wizard cannot be automated via ADB at all). This skips the check that the device actually finished setup, so a device still mid-wizard when this runs will fail in confusing ways downstream rather than here.
2026-10-01 16:19:30,442 INFO     src.orchestration.slot: slot 353681650242175: connecting wifi
2026-10-01 16:19:30,559 INFO     src.phase2.apn_setup: apn: current input method is 'com.google.android.inputmethod.latin/com.android.inputmethod.latin.LatinIME'
2026-10-01 16:19:30,614 WARNING  src.orchestration.slot: slot 353681653208520: skip_wizard=True - assuming factory reset + the setup wizard were already completed manually (client-decided workflow, 2026-09-17 - the wizard cannot be automated via ADB at all). This skips the check that the device actually finished setup, so a device still mid-wizard when this runs will fail in confusing ways downstream rather than here.
2026-10-01 16:19:30,615 INFO     src.orchestration.slot: slot 353681653208520: connecting wifi
2026-10-01 16:19:30,930 WARNING  src.orchestration.slot: slot HQ62540758: skip_wizard=True - assuming factory reset + the setup wizard were already completed manually (client-decided workflow, 2026-09-17 - the wizard cannot be automated via ADB at all). This skips the check that the device actually finished setup, so a device still mid-wizard when this runs will fail in confusing ways downstream rather than here.
2026-10-01 16:19:30,930 INFO     src.orchestration.slot: slot HQ62540758: connecting wifi
2026-10-01 16:19:31,118 INFO     src.phase2.wifi_setup: shell wifi connect-network unavailable/failed: adb command failed: 'shell cmd wifi connect-network "earth5_1" wpa2 "earth5_1"' - Exception occurred while executing 'connect-network':
java.lang.SecurityException: Uid 2000 does not have access to connect-network wifi command (or such command doesn't exist)
	at com.android.server.wifi.WifiShellCommand.onCommand(WifiShellCommand.java:426)
	at com.android.wifi.x.com.android.modules.utils.BasicShellCommandHandler.exec(BasicShellCommandHandler.java:97)
	at com.android.server.wifi.WifiServiceImpl.handleShellCommand(WifiServiceImpl.java:4709)
	at android.os.Binder.onShellCommand(Binder.java:1102)
	at android.os.Binder.shellCommand(Binder.java:1049)
	at android.os.Binder.onTransact(Binder.java:877)
	at android.net.wifi.IWifiManager$Stub.onTransact(IWifiManager.java:2099)
	at android.os.Binder.execTransactInternal(Binder.java:1285)
	at android.os.Binder.execTransact(Binder.java:1244)
2026-10-01 16:19:31,240 ERROR    src.phase2.apn_setup: apn menu navigation failed
2026-10-01 16:19:31,240 ERROR    src.orchestration.slot: slot 352063910283409: run_init_apn failed: apn configuration failed
2026-10-01 16:19:31,240 WARNING  src.orchestration.scheduler: slot 352063910283409: attempt failed (retry 1/3): apn configuration failed
2026-10-01 16:19:31,303 INFO     src.phase2.wifi_setup: shell wifi connect-network unavailable/failed: adb command failed: 'shell cmd wifi connect-network "earth5_1" wpa2 "earth5_1"' - Exception occurred while executing 'connect-network':
java.lang.SecurityException: Uid 2000 does not have access to connect-network wifi command (or such command doesn't exist)
	at com.android.server.wifi.WifiShellCommand.onCommand(WifiShellCommand.java:426)
	at com.android.wifi.x.com.android.modules.utils.BasicShellCommandHandler.exec(BasicShellCommandHandler.java:97)
	at com.android.server.wifi.WifiServiceImpl.handleShellCommand(WifiServiceImpl.java:4709)
	at android.os.Binder.onShellCommand(Binder.java:1102)
	at android.os.Binder.shellCommand(Binder.java:1049)
	at android.os.Binder.onTransact(Binder.java:877)
	at android.net.wifi.IWifiManager$Stub.onTransact(IWifiManager.java:2099)
	at android.os.Binder.execTransactInternal(Binder.java:1285)
	at android.os.Binder.execTransact(Binder.java:1244)
2026-10-01 16:19:31,524 INFO     src.phase2.wifi_setup: shell wifi connect-network unavailable/failed: adb command failed: 'shell cmd wifi connect-network "earth5_1" wpa2 "earth5_1"' - Exception occurred while executing 'connect-network':
java.lang.SecurityException: Uid 2000 does not have access to connect-network wifi command (or such command doesn't exist)
	at com.android.server.wifi.WifiShellCommand.onCommand(WifiShellCommand.java:483)
	at com.android.wifi.x.com.android.modules.utils.BasicShellCommandHandler.exec(BasicShellCommandHandler.java:97)
	at com.android.server.wifi.WifiServiceImpl.handleShellCommand(WifiServiceImpl.java:5318)
	at android.os.Binder.onShellCommand(Binder.java:1121)
	at android.os.Binder.shellCommand(Binder.java:1068)
	at android.os.Binder.onTransact(Binder.java:888)
	at android.net.wifi.IWifiManager$Stub.onTransact(IWifiManager.java:3247)
	at android.os.Binder.execTransactInternal(Binder.java:1344)
	at android.os.Binder.execTransact(Binder.java:1275)
2026-10-01 16:19:32,573 WARNING  src.orchestration.slot: slot 352063910283409: skip_wizard=True - assuming factory reset + the setup wizard were already completed manually (client-decided workflow, 2026-09-17 - the wizard cannot be automated via ADB at all). This skips the check that the device actually finished setup, so a device still mid-wizard when this runs will fail in confusing ways downstream rather than here.
2026-10-01 16:19:32,574 INFO     src.orchestration.slot: slot 352063910283409: connecting wifi
2026-10-01 16:19:32,875 INFO     src.phase2.wifi_setup: WIFI_SETTINGS intent didn't land on a recognizable Wi-Fi screen; falling back to menu_path navigation
2026-10-01 16:19:33,065 INFO     src.phase2.wifi_setup: already connected to 'earth5_1'; nothing to do
2026-10-01 16:19:33,065 INFO     src.orchestration.slot: slot 352063910283409: configuring apn
2026-10-01 16:19:33,084 INFO     src.phase2.wifi_setup: WIFI_SETTINGS intent didn't land on a recognizable Wi-Fi screen; falling back to menu_path navigation
2026-10-01 16:19:33,531 ERROR    src.orchestration.slot: slot HQ63460161: run_init_apn failed: refusing to tap: current screen contains the USB-debugging disable notification (matched '無効にするにはここをタップ' in the dump). A mistargeted tap here would disable ADB and strand the device. Clear the notification shade before retrying — see docs/record.md, 'UI hazard' section.
2026-10-01 16:19:33,531 ERROR    src.orchestration.scheduler: slot HQ63460161: exceeded max_retry (3); escalating. last_error=refusing to tap: current screen contains the USB-debugging disable notification (matched '無効にするにはここをタップ' in the dump). A mistargeted tap here would disable ADB and strand the device. Clear the notification shade before retrying — see docs/record.md, 'UI hazard' section.
2026-10-01 16:19:33,648 INFO     src.phase2.apn_setup: apn: current input method is 'com.google.android.inputmethod.latin/com.android.inputmethod.latin.LatinIME'
2026-10-01 16:19:34,048 INFO     src.phase2.wifi_setup: WIFI_SETTINGS intent didn't land on a recognizable Wi-Fi screen; falling back to menu_path navigation
2026-10-01 16:19:34,169 INFO     src.phase2.wifi_setup: WIFI_SETTINGS intent didn't land on a recognizable Wi-Fi screen; falling back to menu_path navigation
2026-10-01 16:19:35,039 INFO     src.phase2.wifi_setup: WIFI_SETTINGS intent didn't land on a recognizable Wi-Fi screen; falling back to menu_path navigation
2026-10-01 16:19:35,531 ERROR    src.orchestration.slot: slot HQ634A0C5D: run_init_apn failed: refusing to tap: current screen contains the USB-debugging disable notification (matched '無効にするにはここをタップ' in the dump). A mistargeted tap here would disable ADB and strand the device. Clear the notification shade before retrying — see docs/record.md, 'UI hazard' section.
2026-10-01 16:19:35,532 ERROR    src.orchestration.scheduler: slot HQ634A0C5D: exceeded max_retry (3); escalating. last_error=refusing to tap: current screen contains the USB-debugging disable notification (matched '無効にするにはここをタップ' in the dump). A mistargeted tap here would disable ADB and strand the device. Clear the notification shade before retrying — see docs/record.md, 'UI hazard' section.
2026-10-01 16:19:35,665 ERROR    src.orchestration.slot: slot HQ627C0472: run_init_apn failed: refusing to tap: current screen contains the USB-debugging disable notification (matched '無効にするにはここをタップ' in the dump). A mistargeted tap here would disable ADB and strand the device. Clear the notification shade before retrying — see docs/record.md, 'UI hazard' section.
2026-10-01 16:19:35,666 ERROR    src.orchestration.scheduler: slot HQ627C0472: exceeded max_retry (3); escalating. last_error=refusing to tap: current screen contains the USB-debugging disable notification (matched '無効にするにはここをタップ' in the dump). A mistargeted tap here would disable ADB and strand the device. Clear the notification shade before retrying — see docs/record.md, 'UI hazard' section.
2026-10-01 16:19:36,856 ERROR    src.orchestration.slot: slot 353681650242175: run_init_apn failed: refusing to tap: current screen contains the USB-debugging disable notification (matched '無効にするにはここをタップ' in the dump). A mistargeted tap here would disable ADB and strand the device. Clear the notification shade before retrying — see docs/record.md, 'UI hazard' section.
2026-10-01 16:19:36,857 ERROR    src.orchestration.scheduler: slot 353681650242175: exceeded max_retry (3); escalating. last_error=refusing to tap: current screen contains the USB-debugging disable notification (matched '無効にするにはここをタップ' in the dump). A mistargeted tap here would disable ADB and strand the device. Clear the notification shade before retrying — see docs/record.md, 'UI hazard' section.
2026-10-01 16:19:37,050 ERROR    src.phase2.apn_setup: apn menu navigation failed
2026-10-01 16:19:37,050 ERROR    src.orchestration.slot: slot 352063910283409: run_init_apn failed: apn configuration failed
2026-10-01 16:19:37,050 WARNING  src.orchestration.scheduler: slot 352063910283409: attempt failed (retry 2/3): apn configuration failed
2026-10-01 16:19:37,070 ERROR    src.orchestration.slot: slot 353681653208520: run_init_apn failed: refusing to tap: current screen contains the USB-debugging disable notification (matched '無効にするにはここをタップ' in the dump). A mistargeted tap here would disable ADB and strand the device. Clear the notification shade before retrying — see docs/record.md, 'UI hazard' section.
2026-10-01 16:19:37,071 ERROR    src.orchestration.scheduler: slot 353681653208520: exceeded max_retry (3); escalating. last_error=refusing to tap: current screen contains the USB-debugging disable notification (matched '無効にするにはここをタップ' in the dump). A mistargeted tap here would disable ADB and strand the device. Clear the notification shade before retrying — see docs/record.md, 'UI hazard' section.
2026-10-01 16:19:37,736 ERROR    src.orchestration.slot: slot HQ62540758: run_init_apn failed: refusing to tap: current screen contains the USB-debugging disable notification (matched '無効にするにはここをタップ' in the dump). A mistargeted tap here would disable ADB and strand the device. Clear the notification shade before retrying — see docs/record.md, 'UI hazard' section.
2026-10-01 16:19:37,736 ERROR    src.orchestration.scheduler: slot HQ62540758: exceeded max_retry (3); escalating. last_error=refusing to tap: current screen contains the USB-debugging disable notification (matched '無効にするにはここをタップ' in the dump). A mistargeted tap here would disable ADB and strand the device. Clear the notification shade before retrying — see docs/record.md, 'UI hazard' section.
2026-10-01 16:19:38,747 WARNING  src.orchestration.slot: slot 352063910283409: skip_wizard=True - assuming factory reset + the setup wizard were already completed manually (client-decided workflow, 2026-09-17 - the wizard cannot be automated via ADB at all). This skips the check that the device actually finished setup, so a device still mid-wizard when this runs will fail in confusing ways downstream rather than here.
2026-10-01 16:19:38,747 INFO     src.orchestration.slot: slot 352063910283409: connecting wifi
2026-10-01 16:19:39,355 INFO     src.phase2.wifi_setup: already connected to 'earth5_1'; nothing to do
2026-10-01 16:19:39,356 INFO     src.orchestration.slot: slot 352063910283409: configuring apn
2026-10-01 16:19:40,044 INFO     src.phase2.apn_setup: apn: current input method is 'com.google.android.inputmethod.latin/com.android.inputmethod.latin.LatinIME'
2026-10-01 16:19:44,509 ERROR    src.phase2.apn_setup: apn menu navigation failed
2026-10-01 16:19:44,510 ERROR    src.orchestration.slot: slot 352063910283409: run_init_apn failed: apn configuration failed
2026-10-01 16:19:44,510 WARNING  src.orchestration.scheduler: slot 352063910283409: attempt failed (retry 3/3): apn configuration failed
2026-10-01 16:19:45,857 WARNING  src.orchestration.slot: slot 352063910283409: skip_wizard=True - assuming factory reset + the setup wizard were already completed manually (client-decided workflow, 2026-09-17 - the wizard cannot be automated via ADB at all). This skips the check that the device actually finished setup, so a device still mid-wizard when this runs will fail in confusing ways downstream rather than here.
2026-10-01 16:19:45,858 INFO     src.orchestration.slot: slot 352063910283409: connecting wifi
2026-10-01 16:19:46,451 INFO     src.phase2.wifi_setup: already connected to 'earth5_1'; nothing to do
2026-10-01 16:19:46,451 INFO     src.orchestration.slot: slot 352063910283409: configuring apn
2026-10-01 16:19:47,059 INFO     src.phase2.apn_setup: apn: current input method is 'com.google.android.inputmethod.latin/com.android.inputmethod.latin.LatinIME'
2026-10-01 16:19:50,506 ERROR    src.phase2.apn_setup: apn menu navigation failed
2026-10-01 16:19:50,507 ERROR    src.orchestration.slot: slot 352063910283409: run_init_apn failed: apn configuration failed
2026-10-01 16:19:50,507 ERROR    src.orchestration.scheduler: slot 352063910283409: exceeded max_retry (3); escalating. last_error=apn configuration failed
2026-10-01 16:19:50,508 ERROR    main_phase2: FAILED: device HQ627F2149 ended in state ESCALATED (last_error=apn configuration failed)
2026-10-01 16:19:50,508 ERROR    main_phase2: FAILED: device 353681650397052 ended in state ESCALATED (last_error=apn configuration failed)
2026-10-01 16:19:50,508 ERROR    main_phase2: FAILED: device 352063910272451 ended in state ESCALATED (last_error=refusing to tap: current screen contains the USB-debugging disable notification (matched '無効にするにはここをタップ' in the dump). A mistargeted tap here would disable ADB and strand the device. Clear the notification shade before retrying — see docs/record.md, 'UI hazard' section.)
2026-10-01 16:19:50,508 ERROR    main_phase2: FAILED: device HQ632M1012 ended in state ESCALATED (last_error=refusing to tap: current screen contains the USB-debugging disable notification (matched '無効にするにはここをタップ' in the dump). A mistargeted tap here would disable ADB and strand the device. Clear the notification shade before retrying — see docs/record.md, 'UI hazard' section.)
2026-10-01 16:19:50,509 ERROR    main_phase2: FAILED: device HQ63460161 ended in state ESCALATED (last_error=refusing to tap: current screen contains the USB-debugging disable notification (matched '無効にするにはここをタップ' in the dump). A mistargeted tap here would disable ADB and strand the device. Clear the notification shade before retrying — see docs/record.md, 'UI hazard' section.)
2026-10-01 16:19:50,509 ERROR    main_phase2: FAILED: device HQ634A0C5D ended in state ESCALATED (last_error=refusing to tap: current screen contains the USB-debugging disable notification (matched '無効にするにはここをタップ' in the dump). A mistargeted tap here would disable ADB and strand the device. Clear the notification shade before retrying — see docs/record.md, 'UI hazard' section.)
2026-10-01 16:19:50,509 ERROR    main_phase2: FAILED: device HQ627C0472 ended in state ESCALATED (last_error=refusing to tap: current screen contains the USB-debugging disable notification (matched '無効にするにはここをタップ' in the dump). A mistargeted tap here would disable ADB and strand the device. Clear the notification shade before retrying — see docs/record.md, 'UI hazard' section.)
2026-10-01 16:19:50,509 ERROR    main_phase2: FAILED: device 353681650242175 ended in state ESCALATED (last_error=refusing to tap: current screen contains the USB-debugging disable notification (matched '無効にするにはここをタップ' in the dump). A mistargeted tap here would disable ADB and strand the device. Clear the notification shade before retrying — see docs/record.md, 'UI hazard' section.)
2026-10-01 16:19:50,510 ERROR    main_phase2: FAILED: device 353681653208520 ended in state ESCALATED (last_error=refusing to tap: current screen contains the USB-debugging disable notification (matched '無効にするにはここをタップ' in the dump). A mistargeted tap here would disable ADB and strand the device. Clear the notification shade before retrying — see docs/record.md, 'UI hazard' section.)
2026-10-01 16:19:50,510 ERROR    main_phase2: FAILED: device HQ62540758 ended in state ESCALATED (last_error=refusing to tap: current screen contains the USB-debugging disable notification (matched '無効にするにはここをタップ' in the dump). A mistargeted tap here would disable ADB and strand the device. Clear the notification shade before retrying — see docs/record.md, 'UI hazard' section.)
2026-10-01 16:19:50,510 ERROR    main_phase2: FAILED: device 352063910283409 ended in state ESCALATED (last_error=apn configuration failed)
2026-10-01 16:59:16,568 INFO     main_phase2: loading model profiles from C:\code\android-system\device-redeployment\config\models
2026-10-01 16:59:16,612 INFO     main_phase2: no --device/--serial given — auto-detecting connected devices via 'C:\platform-tools\adb.exe devices' + getprop ro.product.model
2026-10-01 16:59:16,770 INFO     main_phase2: device 352063910272451: auto-detected as SHG10 (getprop ro.product.model = 'SHG10')
2026-10-01 16:59:16,833 INFO     main_phase2: device 352063910283409: auto-detected as SHG10 (getprop ro.product.model = 'SHG10')
2026-10-01 16:59:16,924 INFO     main_phase2: device 353681650242175: auto-detected as SHG07 (getprop ro.product.model = 'SHG07')
2026-10-01 16:59:17,013 INFO     main_phase2: device 353681650397052: auto-detected as SHG07 (getprop ro.product.model = 'SHG07')
2026-10-01 16:59:17,081 INFO     main_phase2: device 353681653208520: auto-detected as SHG07 (getprop ro.product.model = 'SHG07')
2026-10-01 16:59:17,160 ERROR    main_phase2: device 356659111963982: could not match to a known model profile (getprop ro.product.model = 'SHG05'). Known model_numbers: ['SHG07', 'SHG10', 'SOG07', 'SOG08']. Run it explicitly with --serial 356659111963982 --model <MODEL> once you know which profile it is — and if 'SHG05' is that model's real identity string, add it to that model's config/models/*.yaml under adb_identifiers so auto-detection recognizes it next time.
2026-10-01 16:59:17,252 ERROR    main_phase2: device 357015386489626: could not match to a known model profile (getprop ro.product.model = 'SH-53C'). Known model_numbers: ['SHG07', 'SHG10', 'SOG07', 'SOG08']. Run it explicitly with --serial 357015386489626 --model <MODEL> once you know which profile it is — and if 'SH-53C' is that model's real identity string, add it to that model's config/models/*.yaml under adb_identifiers so auto-detection recognizes it next time.
2026-10-01 16:59:17,344 INFO     main_phase2: device HQ62540758: auto-detected as SOG08 (getprop ro.product.model = 'SOG08')
2026-10-01 16:59:17,428 INFO     main_phase2: device HQ627C0472: auto-detected as SOG08 (getprop ro.product.model = 'SOG08')
2026-10-01 16:59:17,521 INFO     main_phase2: device HQ627F2149: auto-detected as SOG07 (getprop ro.product.model = 'SOG07')
2026-10-01 16:59:17,636 INFO     main_phase2: device HQ632M1012: auto-detected as SOG07 (getprop ro.product.model = 'SOG07')
2026-10-01 16:59:17,760 INFO     main_phase2: device HQ63460161: auto-detected as SOG08 (getprop ro.product.model = 'SOG08')
2026-10-01 16:59:17,865 INFO     main_phase2: device HQ634A0C5D: auto-detected as SOG08 (getprop ro.product.model = 'SOG08')
2026-10-01 16:59:17,962 ERROR    main_phase2: device HQ63622931: could not match to a known model profile (getprop ro.product.model = 'XQ-DC44'). Known model_numbers: ['SHG07', 'SHG10', 'SOG07', 'SOG08']. Run it explicitly with --serial HQ63622931 --model <MODEL> once you know which profile it is — and if 'XQ-DC44' is that model's real identity string, add it to that model's config/models/*.yaml under adb_identifiers so auto-detection recognizes it next time.
2026-10-01 16:59:17,962 INFO     main_phase2: auto-detected 11 device(s): 352063910272451:SHG10, 352063910283409:SHG10, 353681650242175:SHG07, 353681650397052:SHG07, 353681653208520:SHG07, HQ62540758:SOG08, HQ627C0472:SOG08, HQ627F2149:SOG07, HQ632M1012:SOG07, HQ63460161:SOG08, HQ634A0C5D:SOG08
2026-10-01 16:59:17,962 INFO     main_phase2: running 11 devices in parallel: 352063910272451:SHG10, 352063910283409:SHG10, 353681650242175:SHG07, 353681650397052:SHG07, 353681653208520:SHG07, HQ62540758:SOG08, HQ627C0472:SOG08, HQ627F2149:SOG07, HQ632M1012:SOG07, HQ63460161:SOG08, HQ634A0C5D:SOG08
2026-10-01 16:59:17,966 INFO     main_phase2: starting Phase 2 run: serial=352063910272451 model=SHG10 (AQUOS sense7) [skip_wizard]
2026-10-01 16:59:17,966 INFO     main_phase2: starting Phase 2 run: serial=352063910283409 model=SHG10 (AQUOS sense7) [skip_wizard]
2026-10-01 16:59:17,967 INFO     main_phase2: starting Phase 2 run: serial=353681650242175 model=SHG07 (AQUOS sense6s) [skip_wizard]
2026-10-01 16:59:17,967 INFO     main_phase2: starting Phase 2 run: serial=353681650397052 model=SHG07 (AQUOS sense6s) [skip_wizard]
2026-10-01 16:59:17,968 INFO     main_phase2: starting Phase 2 run: serial=353681653208520 model=SHG07 (AQUOS sense6s) [skip_wizard]
2026-10-01 16:59:17,971 INFO     main_phase2: starting Phase 2 run: serial=HQ62540758 model=SOG08 (Xperia Ace III) [skip_wizard]
2026-10-01 16:59:17,972 INFO     main_phase2: starting Phase 2 run: serial=HQ627C0472 model=SOG08 (Xperia Ace III) [skip_wizard]
2026-10-01 16:59:17,975 INFO     main_phase2: starting Phase 2 run: serial=HQ627F2149 model=SOG07 (Xperia 10 IV) [skip_wizard]
2026-10-01 16:59:17,988 INFO     main_phase2: starting Phase 2 run: serial=HQ632M1012 model=SOG07 (Xperia 10 IV) [skip_wizard]
2026-10-01 16:59:17,992 INFO     main_phase2: starting Phase 2 run: serial=HQ63460161 model=SOG08 (Xperia Ace III) [skip_wizard]
2026-10-01 16:59:18,035 INFO     main_phase2: starting Phase 2 run: serial=HQ634A0C5D model=SOG08 (Xperia Ace III) [skip_wizard]
2026-10-01 16:59:19,256 WARNING  src.orchestration.slot: slot HQ632M1012: skip_wizard=True - assuming factory reset + the setup wizard were already completed manually (client-decided workflow, 2026-09-17 - the wizard cannot be automated via ADB at all). This skips the check that the device actually finished setup, so a device still mid-wizard when this runs will fail in confusing ways downstream rather than here.
2026-10-01 16:59:19,256 INFO     src.orchestration.slot: slot HQ632M1012: connecting wifi
2026-10-01 16:59:19,283 WARNING  src.orchestration.slot: slot 352063910283409: skip_wizard=True - assuming factory reset + the setup wizard were already completed manually (client-decided workflow, 2026-09-17 - the wizard cannot be automated via ADB at all). This skips the check that the device actually finished setup, so a device still mid-wizard when this runs will fail in confusing ways downstream rather than here.
2026-10-01 16:59:19,287 INFO     src.orchestration.slot: slot 352063910283409: connecting wifi
2026-10-01 16:59:19,321 WARNING  src.orchestration.slot: slot 352063910272451: skip_wizard=True - assuming factory reset + the setup wizard were already completed manually (client-decided workflow, 2026-09-17 - the wizard cannot be automated via ADB at all). This skips the check that the device actually finished setup, so a device still mid-wizard when this runs will fail in confusing ways downstream rather than here.
2026-10-01 16:59:19,321 INFO     src.orchestration.slot: slot 352063910272451: connecting wifi
2026-10-01 16:59:19,327 WARNING  src.orchestration.slot: slot HQ634A0C5D: skip_wizard=True - assuming factory reset + the setup wizard were already completed manually (client-decided workflow, 2026-09-17 - the wizard cannot be automated via ADB at all). This skips the check that the device actually finished setup, so a device still mid-wizard when this runs will fail in confusing ways downstream rather than here.
2026-10-01 16:59:19,328 INFO     src.orchestration.slot: slot HQ634A0C5D: connecting wifi
2026-10-01 16:59:19,362 WARNING  src.orchestration.slot: slot HQ627C0472: skip_wizard=True - assuming factory reset + the setup wizard were already completed manually (client-decided workflow, 2026-09-17 - the wizard cannot be automated via ADB at all). This skips the check that the device actually finished setup, so a device still mid-wizard when this runs will fail in confusing ways downstream rather than here.
2026-10-01 16:59:19,363 INFO     src.orchestration.slot: slot HQ627C0472: connecting wifi
2026-10-01 16:59:19,388 WARNING  src.orchestration.slot: slot HQ62540758: skip_wizard=True - assuming factory reset + the setup wizard were already completed manually (client-decided workflow, 2026-09-17 - the wizard cannot be automated via ADB at all). This skips the check that the device actually finished setup, so a device still mid-wizard when this runs will fail in confusing ways downstream rather than here.
2026-10-01 16:59:19,392 INFO     src.orchestration.slot: slot HQ62540758: connecting wifi
2026-10-01 16:59:19,396 WARNING  src.orchestration.slot: slot 353681653208520: skip_wizard=True - assuming factory reset + the setup wizard were already completed manually (client-decided workflow, 2026-09-17 - the wizard cannot be automated via ADB at all). This skips the check that the device actually finished setup, so a device still mid-wizard when this runs will fail in confusing ways downstream rather than here.
2026-10-01 16:59:19,397 INFO     src.orchestration.slot: slot 353681653208520: connecting wifi
2026-10-01 16:59:19,465 WARNING  src.orchestration.slot: slot 353681650397052: skip_wizard=True - assuming factory reset + the setup wizard were already completed manually (client-decided workflow, 2026-09-17 - the wizard cannot be automated via ADB at all). This skips the check that the device actually finished setup, so a device still mid-wizard when this runs will fail in confusing ways downstream rather than here.
2026-10-01 16:59:19,466 INFO     src.orchestration.slot: slot 353681650397052: connecting wifi
2026-10-01 16:59:19,531 WARNING  src.orchestration.slot: slot 353681650242175: skip_wizard=True - assuming factory reset + the setup wizard were already completed manually (client-decided workflow, 2026-09-17 - the wizard cannot be automated via ADB at all). This skips the check that the device actually finished setup, so a device still mid-wizard when this runs will fail in confusing ways downstream rather than here.
2026-10-01 16:59:19,532 INFO     src.orchestration.slot: slot 353681650242175: connecting wifi
2026-10-01 16:59:19,703 WARNING  src.orchestration.slot: slot HQ627F2149: skip_wizard=True - assuming factory reset + the setup wizard were already completed manually (client-decided workflow, 2026-09-17 - the wizard cannot be automated via ADB at all). This skips the check that the device actually finished setup, so a device still mid-wizard when this runs will fail in confusing ways downstream rather than here.
2026-10-01 16:59:19,703 INFO     src.orchestration.slot: slot HQ627F2149: connecting wifi
2026-10-01 16:59:19,739 INFO     src.phase2.wifi_setup: already connected to 'earth5_1'; nothing to do
2026-10-01 16:59:19,739 INFO     src.orchestration.slot: slot HQ632M1012: configuring apn
2026-10-01 16:59:19,745 WARNING  src.orchestration.slot: slot HQ63460161: skip_wizard=True - assuming factory reset + the setup wizard were already completed manually (client-decided workflow, 2026-09-17 - the wizard cannot be automated via ADB at all). This skips the check that the device actually finished setup, so a device still mid-wizard when this runs will fail in confusing ways downstream rather than here.
2026-10-01 16:59:19,746 INFO     src.orchestration.slot: slot HQ63460161: connecting wifi
2026-10-01 16:59:19,821 INFO     src.phase2.wifi_setup: already connected to 'earth5_1'; nothing to do
2026-10-01 16:59:19,821 INFO     src.orchestration.slot: slot 352063910283409: configuring apn
2026-10-01 16:59:19,865 INFO     src.phase2.wifi_setup: already connected to 'earth5_1'; nothing to do
2026-10-01 16:59:19,866 INFO     src.orchestration.slot: slot 352063910272451: configuring apn
2026-10-01 16:59:19,961 INFO     src.phase2.wifi_setup: already connected to 'earth5_1'; nothing to do
2026-10-01 16:59:19,961 INFO     src.orchestration.slot: slot 353681650397052: configuring apn
2026-10-01 16:59:20,004 INFO     src.phase2.apn_setup: apn: current input method is 'com.google.android.inputmethod.latin/com.android.inputmethod.latin.LatinIME'
2026-10-01 16:59:20,009 INFO     src.phase2.wifi_setup: shell wifi connect-network unavailable/failed: adb command failed: 'shell cmd wifi connect-network "earth5_1" wpa2 "earth5_1"' - Exception occurred while executing 'connect-network':
java.lang.SecurityException: Uid 2000 does not have access to connect-network wifi command (or such command doesn't exist)
	at com.android.server.wifi.WifiShellCommand.onCommand(WifiShellCommand.java:483)
	at com.android.wifi.x.com.android.modules.utils.BasicShellCommandHandler.exec(BasicShellCommandHandler.java:97)
	at com.android.server.wifi.WifiServiceImpl.handleShellCommand(WifiServiceImpl.java:5318)
	at android.os.Binder.onShellCommand(Binder.java:1121)
	at android.os.Binder.shellCommand(Binder.java:1068)
	at android.os.Binder.onTransact(Binder.java:888)
	at android.net.wifi.IWifiManager$Stub.onTransact(IWifiManager.java:3247)
	at android.os.Binder.execTransactInternal(Binder.java:1344)
	at android.os.Binder.execTransact(Binder.java:1275)
2026-10-01 16:59:20,042 INFO     src.phase2.wifi_setup: shell wifi connect-network unavailable/failed: adb command failed: 'shell cmd wifi connect-network "earth5_1" wpa2 "earth5_1"' - Exception occurred while executing 'connect-network':
java.lang.SecurityException: Uid 2000 does not have access to connect-network wifi command (or such command doesn't exist)
	at com.android.server.wifi.WifiShellCommand.onCommand(WifiShellCommand.java:483)
	at com.android.wifi.x.com.android.modules.utils.BasicShellCommandHandler.exec(BasicShellCommandHandler.java:97)
	at com.android.server.wifi.WifiServiceImpl.handleShellCommand(WifiServiceImpl.java:5318)
	at android.os.Binder.onShellCommand(Binder.java:1121)
	at android.os.Binder.shellCommand(Binder.java:1068)
	at android.os.Binder.onTransact(Binder.java:888)
	at android.net.wifi.IWifiManager$Stub.onTransact(IWifiManager.java:3247)
	at android.os.Binder.execTransactInternal(Binder.java:1344)
	at android.os.Binder.execTransact(Binder.java:1275)
2026-10-01 16:59:20,049 INFO     src.phase2.wifi_setup: shell wifi connect-network unavailable/failed: adb command failed: 'shell cmd wifi connect-network "earth5_1" wpa2 "earth5_1"' - Exception occurred while executing 'connect-network':
java.lang.SecurityException: Uid 2000 does not have access to connect-network wifi command (or such command doesn't exist)
	at com.android.server.wifi.WifiShellCommand.onCommand(WifiShellCommand.java:483)
	at com.android.wifi.x.com.android.modules.utils.BasicShellCommandHandler.exec(BasicShellCommandHandler.java:97)
	at com.android.server.wifi.WifiServiceImpl.handleShellCommand(WifiServiceImpl.java:5318)
	at android.os.Binder.onShellCommand(Binder.java:1121)
	at android.os.Binder.shellCommand(Binder.java:1068)
	at android.os.Binder.onTransact(Binder.java:888)
	at android.net.wifi.IWifiManager$Stub.onTransact(IWifiManager.java:3247)
	at android.os.Binder.execTransactInternal(Binder.java:1344)
	at android.os.Binder.execTransact(Binder.java:1275)
2026-10-01 16:59:20,100 INFO     src.phase2.wifi_setup: shell wifi connect-network unavailable/failed: adb command failed: 'shell cmd wifi connect-network "earth5_1" wpa2 "earth5_1"' - Exception occurred while executing 'connect-network':
java.lang.SecurityException: Uid 2000 does not have access to connect-network wifi command (or such command doesn't exist)
	at com.android.server.wifi.WifiShellCommand.onCommand(WifiShellCommand.java:426)
	at com.android.wifi.x.com.android.modules.utils.BasicShellCommandHandler.exec(BasicShellCommandHandler.java:97)
	at com.android.server.wifi.WifiServiceImpl.handleShellCommand(WifiServiceImpl.java:4709)
	at android.os.Binder.onShellCommand(Binder.java:1102)
	at android.os.Binder.shellCommand(Binder.java:1049)
	at android.os.Binder.onTransact(Binder.java:877)
	at android.net.wifi.IWifiManager$Stub.onTransact(IWifiManager.java:2099)
	at android.os.Binder.execTransactInternal(Binder.java:1285)
	at android.os.Binder.execTransact(Binder.java:1244)
2026-10-01 16:59:20,119 INFO     src.phase2.wifi_setup: already connected to 'earth5_1'; nothing to do
2026-10-01 16:59:20,119 INFO     src.orchestration.slot: slot HQ627F2149: configuring apn
2026-10-01 16:59:20,171 INFO     src.phase2.apn_setup: apn: current input method is 'com.google.android.inputmethod.latin/com.android.inputmethod.latin.LatinIME'
2026-10-01 16:59:20,184 INFO     src.phase2.wifi_setup: shell wifi connect-network unavailable/failed: adb command failed: 'shell cmd wifi connect-network "earth5_1" wpa2 "earth5_1"' - Exception occurred while executing 'connect-network':
java.lang.SecurityException: Uid 2000 does not have access to connect-network wifi command (or such command doesn't exist)
	at com.android.server.wifi.WifiShellCommand.onCommand(WifiShellCommand.java:426)
	at com.android.wifi.x.com.android.modules.utils.BasicShellCommandHandler.exec(BasicShellCommandHandler.java:97)
	at com.android.server.wifi.WifiServiceImpl.handleShellCommand(WifiServiceImpl.java:4709)
	at android.os.Binder.onShellCommand(Binder.java:1102)
	at android.os.Binder.shellCommand(Binder.java:1049)
	at android.os.Binder.onTransact(Binder.java:877)
	at android.net.wifi.IWifiManager$Stub.onTransact(IWifiManager.java:2099)
	at android.os.Binder.execTransactInternal(Binder.java:1285)
	at android.os.Binder.execTransact(Binder.java:1244)
2026-10-01 16:59:20,284 INFO     src.phase2.apn_setup: apn: current input method is 'com.google.android.inputmethod.latin/com.android.inputmethod.latin.LatinIME'
2026-10-01 16:59:20,341 INFO     src.phase2.wifi_setup: already connected to 'earth5_1'; nothing to do
2026-10-01 16:59:20,342 INFO     src.orchestration.slot: slot HQ63460161: configuring apn
2026-10-01 16:59:20,388 INFO     src.phase2.apn_setup: apn: current input method is 'com.google.android.inputmethod.latin/com.android.inputmethod.latin.LatinIME'
2026-10-01 16:59:20,670 INFO     src.phase2.apn_setup: apn: current input method is 'com.google.android.inputmethod.latin/com.android.inputmethod.latin.LatinIME'
2026-10-01 16:59:20,885 INFO     src.phase2.apn_setup: apn: current input method is 'com.google.android.inputmethod.latin/com.android.inputmethod.latin.LatinIME'
2026-10-01 16:59:22,778 INFO     src.phase2.wifi_setup: WIFI_SETTINGS intent didn't land on a recognizable Wi-Fi screen; falling back to menu_path navigation
2026-10-01 16:59:22,881 INFO     src.phase2.wifi_setup: reached Wi-Fi settings via android.settings.WIFI_SETTINGS intent
2026-10-01 16:59:22,995 INFO     src.phase2.wifi_setup: reached Wi-Fi settings via android.settings.WIFI_SETTINGS intent
2026-10-01 16:59:23,151 ERROR    src.phase2.apn_setup: apn menu navigation failed
2026-10-01 16:59:23,151 ERROR    src.orchestration.slot: slot 352063910283409: run_init_apn failed: apn configuration failed
2026-10-01 16:59:23,151 WARNING  src.orchestration.scheduler: slot 352063910283409: attempt failed (retry 1/3): apn configuration failed
2026-10-01 16:59:23,634 INFO     src.phase2.wifi_setup: reached Wi-Fi settings via android.settings.WIFI_SETTINGS intent
2026-10-01 16:59:23,729 INFO     src.phase2.wifi_setup: reached Wi-Fi settings via android.settings.WIFI_SETTINGS intent
2026-10-01 16:59:23,772 ERROR    src.orchestration.slot: slot 352063910272451: run_init_apn failed: refusing to tap: current screen contains the USB-debugging disable notification (matched '無効にするにはここをタップ' in the dump). A mistargeted tap here would disable ADB and strand the device. Clear the notification shade before retrying — see docs/record.md, 'UI hazard' section.
2026-10-01 16:59:23,772 WARNING  src.orchestration.scheduler: slot 352063910272451: attempt failed (retry 1/3): refusing to tap: current screen contains the USB-debugging disable notification (matched '無効にするにはここをタップ' in the dump). A mistargeted tap here would disable ADB and strand the device. Clear the notification shade before retrying — see docs/record.md, 'UI hazard' section.
2026-10-01 16:59:24,146 ERROR    src.orchestration.slot: slot HQ63460161: run_init_apn failed: refusing to tap: current screen contains the USB-debugging disable notification (matched '無効にするにはここをタップ' in the dump). A mistargeted tap here would disable ADB and strand the device. Clear the notification shade before retrying — see docs/record.md, 'UI hazard' section.
2026-10-01 16:59:24,146 WARNING  src.orchestration.scheduler: slot HQ63460161: attempt failed (retry 1/3): refusing to tap: current screen contains the USB-debugging disable notification (matched '無効にするにはここをタップ' in the dump). A mistargeted tap here would disable ADB and strand the device. Clear the notification shade before retrying — see docs/record.md, 'UI hazard' section.
2026-10-01 16:59:24,334 WARNING  src.orchestration.slot: slot 352063910283409: skip_wizard=True - assuming factory reset + the setup wizard were already completed manually (client-decided workflow, 2026-09-17 - the wizard cannot be automated via ADB at all). This skips the check that the device actually finished setup, so a device still mid-wizard when this runs will fail in confusing ways downstream rather than here.
2026-10-01 16:59:24,334 INFO     src.orchestration.slot: slot 352063910283409: connecting wifi
2026-10-01 16:59:24,821 INFO     src.phase2.wifi_setup: already connected to 'earth5_1'; nothing to do
2026-10-01 16:59:24,822 INFO     src.orchestration.slot: slot 352063910283409: configuring apn
2026-10-01 16:59:24,935 WARNING  src.orchestration.slot: slot 352063910272451: skip_wizard=True - assuming factory reset + the setup wizard were already completed manually (client-decided workflow, 2026-09-17 - the wizard cannot be automated via ADB at all). This skips the check that the device actually finished setup, so a device still mid-wizard when this runs will fail in confusing ways downstream rather than here.
2026-10-01 16:59:24,935 INFO     src.orchestration.slot: slot 352063910272451: connecting wifi
2026-10-01 16:59:25,221 INFO     src.phase2.apn_setup: apn: current input method is 'com.google.android.inputmethod.latin/com.android.inputmethod.latin.LatinIME'
2026-10-01 16:59:25,348 WARNING  src.orchestration.slot: slot HQ63460161: skip_wizard=True - assuming factory reset + the setup wizard were already completed manually (client-decided workflow, 2026-09-17 - the wizard cannot be automated via ADB at all). This skips the check that the device actually finished setup, so a device still mid-wizard when this runs will fail in confusing ways downstream rather than here.
2026-10-01 16:59:25,348 INFO     src.orchestration.slot: slot HQ63460161: connecting wifi
2026-10-01 16:59:25,393 INFO     src.phase2.wifi_setup: already connected to 'earth5_1'; nothing to do
2026-10-01 16:59:25,394 INFO     src.orchestration.slot: slot 352063910272451: configuring apn
2026-10-01 16:59:25,421 ERROR    src.orchestration.slot: slot HQ62540758: run_init_apn failed: refusing to tap: current screen contains the USB-debugging disable notification (matched '無効にするにはここをタップ' in the dump). A mistargeted tap here would disable ADB and strand the device. Clear the notification shade before retrying — see docs/record.md, 'UI hazard' section.
2026-10-01 16:59:25,426 WARNING  src.orchestration.scheduler: slot HQ62540758: attempt failed (retry 1/3): refusing to tap: current screen contains the USB-debugging disable notification (matched '無効にするにはここをタップ' in the dump). A mistargeted tap here would disable ADB and strand the device. Clear the notification shade before retrying — see docs/record.md, 'UI hazard' section.
2026-10-01 16:59:25,640 INFO     src.phase2.apn_setup: apn: current input method is 'com.google.android.inputmethod.latin/com.android.inputmethod.latin.LatinIME'
2026-10-01 16:59:25,823 INFO     src.phase2.wifi_setup: already connected to 'earth5_1'; nothing to do
2026-10-01 16:59:25,823 INFO     src.orchestration.slot: slot HQ63460161: configuring apn
2026-10-01 16:59:26,111 INFO     src.phase2.apn_setup: apn: current input method is 'com.google.android.inputmethod.latin/com.android.inputmethod.latin.LatinIME'
2026-10-01 16:59:26,642 WARNING  src.orchestration.slot: slot HQ62540758: skip_wizard=True - assuming factory reset + the setup wizard were already completed manually (client-decided workflow, 2026-09-17 - the wizard cannot be automated via ADB at all). This skips the check that the device actually finished setup, so a device still mid-wizard when this runs will fail in confusing ways downstream rather than here.
2026-10-01 16:59:26,642 INFO     src.orchestration.slot: slot HQ62540758: connecting wifi
2026-10-01 16:59:27,261 INFO     src.phase2.wifi_setup: shell wifi connect-network unavailable/failed: adb command failed: 'shell cmd wifi connect-network "earth5_1" wpa2 "earth5_1"' - Exception occurred while executing 'connect-network':
java.lang.SecurityException: Uid 2000 does not have access to connect-network wifi command (or such command doesn't exist)
	at com.android.server.wifi.WifiShellCommand.onCommand(WifiShellCommand.java:483)
	at com.android.wifi.x.com.android.modules.utils.BasicShellCommandHandler.exec(BasicShellCommandHandler.java:97)
	at com.android.server.wifi.WifiServiceImpl.handleShellCommand(WifiServiceImpl.java:5318)
	at android.os.Binder.onShellCommand(Binder.java:1121)
	at android.os.Binder.shellCommand(Binder.java:1068)
	at android.os.Binder.onTransact(Binder.java:888)
	at android.net.wifi.IWifiManager$Stub.onTransact(IWifiManager.java:3247)
	at android.os.Binder.execTransactInternal(Binder.java:1344)
	at android.os.Binder.execTransact(Binder.java:1275)
2026-10-01 16:59:27,653 ERROR    src.phase2.apn_setup: apn menu navigation failed
2026-10-01 16:59:27,653 ERROR    src.orchestration.slot: slot HQ627F2149: run_init_apn failed: apn configuration failed
2026-10-01 16:59:27,654 WARNING  src.orchestration.scheduler: slot HQ627F2149: attempt failed (retry 1/3): apn configuration failed
2026-10-01 16:59:27,913 ERROR    src.phase2.apn_setup: apn menu navigation failed
2026-10-01 16:59:27,913 ERROR    src.orchestration.slot: slot 352063910283409: run_init_apn failed: apn configuration failed
2026-10-01 16:59:27,913 WARNING  src.orchestration.scheduler: slot 352063910283409: attempt failed (retry 2/3): apn configuration failed
2026-10-01 16:59:28,842 WARNING  src.orchestration.slot: slot HQ627F2149: skip_wizard=True - assuming factory reset + the setup wizard were already completed manually (client-decided workflow, 2026-09-17 - the wizard cannot be automated via ADB at all). This skips the check that the device actually finished setup, so a device still mid-wizard when this runs will fail in confusing ways downstream rather than here.
2026-10-01 16:59:28,843 INFO     src.orchestration.slot: slot HQ627F2149: connecting wifi
2026-10-01 16:59:28,856 ERROR    src.orchestration.slot: slot HQ63460161: run_init_apn failed: refusing to tap: current screen contains the USB-debugging disable notification (matched '無効にするにはここをタップ' in the dump). A mistargeted tap here would disable ADB and strand the device. Clear the notification shade before retrying — see docs/record.md, 'UI hazard' section.
2026-10-01 16:59:28,857 WARNING  src.orchestration.scheduler: slot HQ63460161: attempt failed (retry 2/3): refusing to tap: current screen contains the USB-debugging disable notification (matched '無効にするにはここをタップ' in the dump). A mistargeted tap here would disable ADB and strand the device. Clear the notification shade before retrying — see docs/record.md, 'UI hazard' section.
2026-10-01 16:59:29,001 ERROR    src.orchestration.slot: slot 352063910272451: run_init_apn failed: refusing to tap: current screen contains the USB-debugging disable notification (matched '無効にするにはここをタップ' in the dump). A mistargeted tap here would disable ADB and strand the device. Clear the notification shade before retrying — see docs/record.md, 'UI hazard' section.
2026-10-01 16:59:29,001 WARNING  src.orchestration.scheduler: slot 352063910272451: attempt failed (retry 2/3): refusing to tap: current screen contains the USB-debugging disable notification (matched '無効にするにはここをタップ' in the dump). A mistargeted tap here would disable ADB and strand the device. Clear the notification shade before retrying — see docs/record.md, 'UI hazard' section.
2026-10-01 16:59:29,080 WARNING  src.orchestration.slot: slot 352063910283409: skip_wizard=True - assuming factory reset + the setup wizard were already completed manually (client-decided workflow, 2026-09-17 - the wizard cannot be automated via ADB at all). This skips the check that the device actually finished setup, so a device still mid-wizard when this runs will fail in confusing ways downstream rather than here.
2026-10-01 16:59:29,080 INFO     src.orchestration.slot: slot 352063910283409: connecting wifi
2026-10-01 16:59:29,292 INFO     src.phase2.wifi_setup: already connected to 'earth5_1'; nothing to do
2026-10-01 16:59:29,292 INFO     src.orchestration.slot: slot HQ627F2149: configuring apn
2026-10-01 16:59:29,565 INFO     src.phase2.wifi_setup: already connected to 'earth5_1'; nothing to do
2026-10-01 16:59:29,566 INFO     src.orchestration.slot: slot 352063910283409: configuring apn
2026-10-01 16:59:29,700 INFO     src.phase2.apn_setup: apn: current input method is 'com.google.android.inputmethod.latin/com.android.inputmethod.latin.LatinIME'
2026-10-01 16:59:29,910 INFO     src.phase2.apn_setup: apn: current input method is 'com.google.android.inputmethod.latin/com.android.inputmethod.latin.LatinIME'
2026-10-01 16:59:30,184 WARNING  src.orchestration.slot: slot HQ63460161: skip_wizard=True - assuming factory reset + the setup wizard were already completed manually (client-decided workflow, 2026-09-17 - the wizard cannot be automated via ADB at all). This skips the check that the device actually finished setup, so a device still mid-wizard when this runs will fail in confusing ways downstream rather than here.
2026-10-01 16:59:30,185 INFO     src.orchestration.slot: slot HQ63460161: connecting wifi
2026-10-01 16:59:30,197 WARNING  src.orchestration.slot: slot 352063910272451: skip_wizard=True - assuming factory reset + the setup wizard were already completed manually (client-decided workflow, 2026-09-17 - the wizard cannot be automated via ADB at all). This skips the check that the device actually finished setup, so a device still mid-wizard when this runs will fail in confusing ways downstream rather than here.
2026-10-01 16:59:30,197 INFO     src.orchestration.slot: slot 352063910272451: connecting wifi
2026-10-01 16:59:30,656 INFO     src.phase2.wifi_setup: already connected to 'earth5_1'; nothing to do
2026-10-01 16:59:30,656 INFO     src.orchestration.slot: slot 352063910272451: configuring apn
2026-10-01 16:59:30,683 INFO     src.phase2.wifi_setup: already connected to 'earth5_1'; nothing to do
2026-10-01 16:59:30,683 INFO     src.orchestration.slot: slot HQ63460161: configuring apn
2026-10-01 16:59:30,807 INFO     src.phase2.wifi_setup: WIFI_SETTINGS intent didn't land on a recognizable Wi-Fi screen; falling back to menu_path navigation
2026-10-01 16:59:30,921 INFO     src.phase2.apn_setup: apn: current input method is 'com.google.android.inputmethod.latin/com.android.inputmethod.latin.LatinIME'
2026-10-01 16:59:30,960 INFO     src.phase2.apn_setup: apn: current input method is 'com.google.android.inputmethod.latin/com.android.inputmethod.latin.LatinIME'
2026-10-01 16:59:31,620 WARNING  src.phase2.wifi_setup: wifi password field 'com.android.settings:id/wifi_password' (unresolved/best-guess id) not found; attempting text entry anyway in case it's already focused — the join-network dialog typically auto-focuses the password field itself
2026-10-01 16:59:31,709 INFO     src.phase2.apn_setup: reached APN list via the SIM-scoped menu_path
2026-10-01 16:59:31,781 WARNING  src.phase2.wifi_setup: wifi password field 'com.android.settings:id/wifi_password' (unresolved/best-guess id) not found; attempting text entry anyway in case it's already focused — the join-network dialog typically auto-focuses the password field itself
2026-10-01 16:59:32,352 ERROR    src.phase2.apn_setup: apn menu navigation failed
2026-10-01 16:59:32,353 ERROR    src.orchestration.slot: slot HQ627F2149: run_init_apn failed: apn configuration failed
2026-10-01 16:59:32,353 WARNING  src.orchestration.scheduler: slot HQ627F2149: attempt failed (retry 2/3): apn configuration failed
2026-10-01 16:59:32,595 ERROR    src.phase2.apn_setup: apn menu navigation failed
2026-10-01 16:59:32,596 ERROR    src.orchestration.slot: slot 352063910283409: run_init_apn failed: apn configuration failed
2026-10-01 16:59:32,596 WARNING  src.orchestration.scheduler: slot 352063910283409: attempt failed (retry 3/3): apn configuration failed
2026-10-01 16:59:32,749 WARNING  src.phase2.wifi_setup: wifi password field 'com.android.settings:id/wifi_password' (unresolved/best-guess id) not found; attempting text entry anyway in case it's already focused — the join-network dialog typically auto-focuses the password field itself
2026-10-01 16:59:32,976 INFO     src.phase2.apn_setup: reached APN list via the SIM-scoped menu_path
2026-10-01 16:59:33,231 WARNING  src.phase2.wifi_setup: wifi password field 'com.android.settings:id/wifi_password' (unresolved/best-guess id) not found; attempting text entry anyway in case it's already focused — the join-network dialog typically auto-focuses the password field itself
2026-10-01 16:59:33,414 ERROR    src.orchestration.slot: slot HQ62540758: run_init_apn failed: refusing to tap: current screen contains the USB-debugging disable notification (matched '無効にするにはここをタップ' in the dump). A mistargeted tap here would disable ADB and strand the device. Clear the notification shade before retrying — see docs/record.md, 'UI hazard' section.
2026-10-01 16:59:33,414 WARNING  src.orchestration.scheduler: slot HQ62540758: attempt failed (retry 2/3): refusing to tap: current screen contains the USB-debugging disable notification (matched '無効にするにはここをタップ' in the dump). A mistargeted tap here would disable ADB and strand the device. Clear the notification shade before retrying — see docs/record.md, 'UI hazard' section.
2026-10-01 16:59:33,452 ERROR    src.orchestration.slot: slot 352063910272451: run_init_apn failed: refusing to tap: current screen contains the USB-debugging disable notification (matched '無効にするにはここをタップ' in the dump). A mistargeted tap here would disable ADB and strand the device. Clear the notification shade before retrying — see docs/record.md, 'UI hazard' section.
2026-10-01 16:59:33,452 WARNING  src.orchestration.scheduler: slot 352063910272451: attempt failed (retry 3/3): refusing to tap: current screen contains the USB-debugging disable notification (matched '無効にするにはここをタップ' in the dump). A mistargeted tap here would disable ADB and strand the device. Clear the notification shade before retrying — see docs/record.md, 'UI hazard' section.
2026-10-01 16:59:33,589 WARNING  src.orchestration.slot: slot HQ627F2149: skip_wizard=True - assuming factory reset + the setup wizard were already completed manually (client-decided workflow, 2026-09-17 - the wizard cannot be automated via ADB at all). This skips the check that the device actually finished setup, so a device still mid-wizard when this runs will fail in confusing ways downstream rather than here.
2026-10-01 16:59:33,589 INFO     src.orchestration.slot: slot HQ627F2149: connecting wifi
2026-10-01 16:59:33,711 ERROR    src.orchestration.slot: slot HQ63460161: run_init_apn failed: refusing to tap: current screen contains the USB-debugging disable notification (matched '無効にするにはここをタップ' in the dump). A mistargeted tap here would disable ADB and strand the device. Clear the notification shade before retrying — see docs/record.md, 'UI hazard' section.
2026-10-01 16:59:33,711 WARNING  src.orchestration.scheduler: slot HQ63460161: attempt failed (retry 3/3): refusing to tap: current screen contains the USB-debugging disable notification (matched '無効にするにはここをタップ' in the dump). A mistargeted tap here would disable ADB and strand the device. Clear the notification shade before retrying — see docs/record.md, 'UI hazard' section.
2026-10-01 16:59:33,759 WARNING  src.orchestration.slot: slot 352063910283409: skip_wizard=True - assuming factory reset + the setup wizard were already completed manually (client-decided workflow, 2026-09-17 - the wizard cannot be automated via ADB at all). This skips the check that the device actually finished setup, so a device still mid-wizard when this runs will fail in confusing ways downstream rather than here.
2026-10-01 16:59:33,759 INFO     src.orchestration.slot: slot 352063910283409: connecting wifi
2026-10-01 16:59:34,052 INFO     src.phase2.wifi_setup: already connected to 'earth5_1'; nothing to do
2026-10-01 16:59:34,053 INFO     src.orchestration.slot: slot HQ627F2149: configuring apn
2026-10-01 16:59:34,212 INFO     src.phase2.wifi_setup: already connected to 'earth5_1'; nothing to do
2026-10-01 16:59:34,212 INFO     src.orchestration.slot: slot 352063910283409: configuring apn
2026-10-01 16:59:34,457 INFO     src.phase2.apn_setup: apn: current input method is 'com.google.android.inputmethod.latin/com.android.inputmethod.latin.LatinIME'
2026-10-01 16:59:34,562 INFO     src.phase2.apn_setup: apn: current input method is 'com.google.android.inputmethod.latin/com.android.inputmethod.latin.LatinIME'
2026-10-01 16:59:34,599 WARNING  src.orchestration.slot: slot 352063910272451: skip_wizard=True - assuming factory reset + the setup wizard were already completed manually (client-decided workflow, 2026-09-17 - the wizard cannot be automated via ADB at all). This skips the check that the device actually finished setup, so a device still mid-wizard when this runs will fail in confusing ways downstream rather than here.
2026-10-01 16:59:34,599 INFO     src.orchestration.slot: slot 352063910272451: connecting wifi
2026-10-01 16:59:34,651 WARNING  src.orchestration.slot: slot HQ62540758: skip_wizard=True - assuming factory reset + the setup wizard were already completed manually (client-decided workflow, 2026-09-17 - the wizard cannot be automated via ADB at all). This skips the check that the device actually finished setup, so a device still mid-wizard when this runs will fail in confusing ways downstream rather than here.
2026-10-01 16:59:34,651 INFO     src.orchestration.slot: slot HQ62540758: connecting wifi
2026-10-01 16:59:34,911 WARNING  src.orchestration.slot: slot HQ63460161: skip_wizard=True - assuming factory reset + the setup wizard were already completed manually (client-decided workflow, 2026-09-17 - the wizard cannot be automated via ADB at all). This skips the check that the device actually finished setup, so a device still mid-wizard when this runs will fail in confusing ways downstream rather than here.
2026-10-01 16:59:34,911 INFO     src.orchestration.slot: slot HQ63460161: connecting wifi
2026-10-01 16:59:35,037 INFO     src.phase2.wifi_setup: already connected to 'earth5_1'; nothing to do
2026-10-01 16:59:35,037 INFO     src.orchestration.slot: slot 352063910272451: configuring apn
2026-10-01 16:59:35,268 INFO     src.phase2.wifi_setup: shell wifi connect-network unavailable/failed: adb command failed: 'shell cmd wifi connect-network "earth5_1" wpa2 "earth5_1"' - Exception occurred while executing 'connect-network':
java.lang.SecurityException: Uid 2000 does not have access to connect-network wifi command (or such command doesn't exist)
	at com.android.server.wifi.WifiShellCommand.onCommand(WifiShellCommand.java:483)
	at com.android.wifi.x.com.android.modules.utils.BasicShellCommandHandler.exec(BasicShellCommandHandler.java:97)
	at com.android.server.wifi.WifiServiceImpl.handleShellCommand(WifiServiceImpl.java:5318)
	at android.os.Binder.onShellCommand(Binder.java:1121)
	at android.os.Binder.shellCommand(Binder.java:1068)
	at android.os.Binder.onTransact(Binder.java:888)
	at android.net.wifi.IWifiManager$Stub.onTransact(IWifiManager.java:3247)
	at android.os.Binder.execTransactInternal(Binder.java:1344)
	at android.os.Binder.execTransact(Binder.java:1275)
2026-10-01 16:59:35,290 INFO     src.phase2.apn_setup: apn: current input method is 'com.google.android.inputmethod.latin/com.android.inputmethod.latin.LatinIME'
2026-10-01 16:59:35,391 INFO     src.phase2.wifi_setup: already connected to 'earth5_1'; nothing to do
2026-10-01 16:59:35,391 INFO     src.orchestration.slot: slot HQ63460161: configuring apn
2026-10-01 16:59:35,705 INFO     src.phase2.apn_setup: apn: current input method is 'com.google.android.inputmethod.latin/com.android.inputmethod.latin.LatinIME'
2026-10-01 16:59:37,100 ERROR    src.phase2.apn_setup: apn menu navigation failed
2026-10-01 16:59:37,100 ERROR    src.orchestration.slot: slot HQ627F2149: run_init_apn failed: apn configuration failed
2026-10-01 16:59:37,101 WARNING  src.orchestration.scheduler: slot HQ627F2149: attempt failed (retry 3/3): apn configuration failed
2026-10-01 16:59:37,240 ERROR    src.phase2.apn_setup: apn menu navigation failed
2026-10-01 16:59:37,240 ERROR    src.orchestration.slot: slot 352063910283409: run_init_apn failed: apn configuration failed
2026-10-01 16:59:37,240 ERROR    src.orchestration.scheduler: slot 352063910283409: exceeded max_retry (3); escalating. last_error=apn configuration failed
2026-10-01 16:59:37,534 INFO     src.phase2.wifi_setup: connected to 'earth5_1' via UI fallback
2026-10-01 16:59:37,534 INFO     src.orchestration.slot: slot 353681653208520: configuring apn
2026-10-01 16:59:37,801 INFO     src.phase2.wifi_setup: connected to 'earth5_1' via UI fallback
2026-10-01 16:59:37,802 INFO     src.orchestration.slot: slot 353681650242175: configuring apn
2026-10-01 16:59:38,014 ERROR    src.orchestration.slot: slot 352063910272451: run_init_apn failed: refusing to tap: current screen contains the USB-debugging disable notification (matched '無効にするにはここをタップ' in the dump). A mistargeted tap here would disable ADB and strand the device. Clear the notification shade before retrying — see docs/record.md, 'UI hazard' section.
2026-10-01 16:59:38,014 ERROR    src.orchestration.scheduler: slot 352063910272451: exceeded max_retry (3); escalating. last_error=refusing to tap: current screen contains the USB-debugging disable notification (matched '無効にするにはここをタップ' in the dump). A mistargeted tap here would disable ADB and strand the device. Clear the notification shade before retrying — see docs/record.md, 'UI hazard' section.
2026-10-01 16:59:38,068 INFO     src.phase2.wifi_setup: WIFI_SETTINGS intent didn't land on a recognizable Wi-Fi screen; falling back to menu_path navigation
2026-10-01 16:59:38,348 WARNING  src.orchestration.slot: slot HQ627F2149: skip_wizard=True - assuming factory reset + the setup wizard were already completed manually (client-decided workflow, 2026-09-17 - the wizard cannot be automated via ADB at all). This skips the check that the device actually finished setup, so a device still mid-wizard when this runs will fail in confusing ways downstream rather than here.
2026-10-01 16:59:38,353 INFO     src.orchestration.slot: slot HQ627F2149: connecting wifi
2026-10-01 16:59:38,593 ERROR    src.orchestration.slot: slot HQ63460161: run_init_apn failed: refusing to tap: current screen contains the USB-debugging disable notification (matched '無効にするにはここをタップ' in the dump). A mistargeted tap here would disable ADB and strand the device. Clear the notification shade before retrying — see docs/record.md, 'UI hazard' section.
2026-10-01 16:59:38,595 ERROR    src.orchestration.scheduler: slot HQ63460161: exceeded max_retry (3); escalating. last_error=refusing to tap: current screen contains the USB-debugging disable notification (matched '無効にするにはここをタップ' in the dump). A mistargeted tap here would disable ADB and strand the device. Clear the notification shade before retrying — see docs/record.md, 'UI hazard' section.
2026-10-01 16:59:38,617 INFO     src.phase2.wifi_setup: connected to 'earth5_1' via UI fallback
2026-10-01 16:59:38,618 INFO     src.orchestration.slot: slot HQ634A0C5D: configuring apn
2026-10-01 16:59:38,851 INFO     src.phase2.wifi_setup: already connected to 'earth5_1'; nothing to do
2026-10-01 16:59:38,852 INFO     src.orchestration.slot: slot HQ627F2149: configuring apn
2026-10-01 16:59:38,965 INFO     src.phase2.apn_setup: apn: current input method is 'com.google.android.inputmethod.latin/com.android.inputmethod.latin.LatinIME'
2026-10-01 16:59:39,038 INFO     src.phase2.apn_setup: apn: current input method is 'com.google.android.inputmethod.latin/com.android.inputmethod.latin.LatinIME'
2026-10-01 16:59:39,076 INFO     src.phase2.wifi_setup: connected to 'earth5_1' via UI fallback
2026-10-01 16:59:39,078 INFO     src.orchestration.slot: slot HQ627C0472: configuring apn
2026-10-01 16:59:39,296 INFO     src.phase2.apn_setup: apn: current input method is 'com.google.android.inputmethod.latin/com.android.inputmethod.latin.LatinIME'
2026-10-01 16:59:39,334 INFO     src.phase2.apn_setup: apn: current input method is 'com.google.android.inputmethod.latin/com.android.inputmethod.latin.LatinIME'
2026-10-01 16:59:39,470 INFO     src.phase2.apn_setup: apn: current input method is 'com.google.android.inputmethod.latin/com.android.inputmethod.latin.LatinIME'
2026-10-01 16:59:40,666 ERROR    src.orchestration.slot: slot HQ62540758: run_init_apn failed: refusing to tap: current screen contains the USB-debugging disable notification (matched '無効にするにはここをタップ' in the dump). A mistargeted tap here would disable ADB and strand the device. Clear the notification shade before retrying — see docs/record.md, 'UI hazard' section.
2026-10-01 16:59:40,666 WARNING  src.orchestration.scheduler: slot HQ62540758: attempt failed (retry 3/3): refusing to tap: current screen contains the USB-debugging disable notification (matched '無効にするにはここをタップ' in the dump). A mistargeted tap here would disable ADB and strand the device. Clear the notification shade before retrying — see docs/record.md, 'UI hazard' section.
2026-10-01 16:59:41,856 WARNING  src.orchestration.slot: slot HQ62540758: skip_wizard=True - assuming factory reset + the setup wizard were already completed manually (client-decided workflow, 2026-09-17 - the wizard cannot be automated via ADB at all). This skips the check that the device actually finished setup, so a device still mid-wizard when this runs will fail in confusing ways downstream rather than here.
2026-10-01 16:59:41,858 INFO     src.orchestration.slot: slot HQ62540758: connecting wifi
2026-10-01 16:59:42,041 ERROR    src.phase2.apn_setup: apn menu navigation failed
2026-10-01 16:59:42,041 ERROR    src.orchestration.slot: slot HQ627F2149: run_init_apn failed: apn configuration failed
2026-10-01 16:59:42,041 ERROR    src.orchestration.scheduler: slot HQ627F2149: exceeded max_retry (3); escalating. last_error=apn configuration failed
2026-10-01 16:59:42,414 ERROR    src.phase2.apn_setup: apn menu navigation failed
2026-10-01 16:59:42,418 ERROR    src.phase2.apn_setup: apn menu navigation failed
2026-10-01 16:59:42,424 ERROR    src.orchestration.slot: slot 353681650242175: run_init_apn failed: apn configuration failed
2026-10-01 16:59:42,424 ERROR    src.orchestration.slot: slot 353681653208520: run_init_apn failed: apn configuration failed
2026-10-01 16:59:42,425 WARNING  src.orchestration.scheduler: slot 353681650242175: attempt failed (retry 1/3): apn configuration failed
2026-10-01 16:59:42,425 WARNING  src.orchestration.scheduler: slot 353681653208520: attempt failed (retry 1/3): apn configuration failed
2026-10-01 16:59:42,464 INFO     src.phase2.wifi_setup: shell wifi connect-network unavailable/failed: adb command failed: 'shell cmd wifi connect-network "earth5_1" wpa2 "earth5_1"' - Exception occurred while executing 'connect-network':
java.lang.SecurityException: Uid 2000 does not have access to connect-network wifi command (or such command doesn't exist)
	at com.android.server.wifi.WifiShellCommand.onCommand(WifiShellCommand.java:483)
	at com.android.wifi.x.com.android.modules.utils.BasicShellCommandHandler.exec(BasicShellCommandHandler.java:97)
	at com.android.server.wifi.WifiServiceImpl.handleShellCommand(WifiServiceImpl.java:5318)
	at android.os.Binder.onShellCommand(Binder.java:1121)
	at android.os.Binder.shellCommand(Binder.java:1068)
	at android.os.Binder.onTransact(Binder.java:888)
	at android.net.wifi.IWifiManager$Stub.onTransact(IWifiManager.java:3247)
	at android.os.Binder.execTransactInternal(Binder.java:1344)
	at android.os.Binder.execTransact(Binder.java:1275)
2026-10-01 16:59:43,491 ERROR    src.phase2.apn_setup: apn menu navigation failed
2026-10-01 16:59:43,491 ERROR    src.orchestration.slot: slot HQ627C0472: run_init_apn failed: apn configuration failed
2026-10-01 16:59:43,492 WARNING  src.orchestration.scheduler: slot HQ627C0472: attempt failed (retry 1/3): apn configuration failed
2026-10-01 16:59:43,495 ERROR    src.phase2.apn_setup: apn menu navigation failed
2026-10-01 16:59:43,495 ERROR    src.orchestration.slot: slot HQ634A0C5D: run_init_apn failed: apn configuration failed
2026-10-01 16:59:43,496 WARNING  src.orchestration.scheduler: slot HQ634A0C5D: attempt failed (retry 1/3): apn configuration failed
2026-10-01 16:59:44,471 WARNING  src.orchestration.slot: slot 353681653208520: skip_wizard=True - assuming factory reset + the setup wizard were already completed manually (client-decided workflow, 2026-09-17 - the wizard cannot be automated via ADB at all). This skips the check that the device actually finished setup, so a device still mid-wizard when this runs will fail in confusing ways downstream rather than here.
2026-10-01 16:59:44,472 INFO     src.orchestration.slot: slot 353681653208520: connecting wifi
2026-10-01 16:59:44,663 WARNING  src.orchestration.slot: slot 353681650242175: skip_wizard=True - assuming factory reset + the setup wizard were already completed manually (client-decided workflow, 2026-09-17 - the wizard cannot be automated via ADB at all). This skips the check that the device actually finished setup, so a device still mid-wizard when this runs will fail in confusing ways downstream rather than here.
2026-10-01 16:59:44,664 INFO     src.orchestration.slot: slot 353681650242175: connecting wifi
2026-10-01 16:59:44,950 INFO     src.phase2.wifi_setup: already connected to 'earth5_1'; nothing to do
2026-10-01 16:59:44,951 INFO     src.orchestration.slot: slot 353681653208520: configuring apn
2026-10-01 16:59:45,171 INFO     src.phase2.wifi_setup: already connected to 'earth5_1'; nothing to do
2026-10-01 16:59:45,172 INFO     src.orchestration.slot: slot 353681650242175: configuring apn
2026-10-01 16:59:45,417 WARNING  src.orchestration.slot: slot HQ627C0472: skip_wizard=True - assuming factory reset + the setup wizard were already completed manually (client-decided workflow, 2026-09-17 - the wizard cannot be automated via ADB at all). This skips the check that the device actually finished setup, so a device still mid-wizard when this runs will fail in confusing ways downstream rather than here.
2026-10-01 16:59:45,418 INFO     src.orchestration.slot: slot HQ627C0472: connecting wifi
2026-10-01 16:59:45,710 INFO     src.phase2.apn_setup: apn: current input method is 'com.google.android.inputmethod.latin/com.android.inputmethod.latin.LatinIME'
2026-10-01 16:59:45,948 INFO     src.phase2.wifi_setup: already connected to 'earth5_1'; nothing to do
2026-10-01 16:59:45,948 INFO     src.orchestration.slot: slot HQ627C0472: configuring apn
2026-10-01 16:59:46,079 INFO     src.phase2.apn_setup: apn: current input method is 'com.google.android.inputmethod.latin/com.android.inputmethod.latin.LatinIME'
2026-10-01 16:59:46,103 INFO     src.phase2.wifi_setup: WIFI_SETTINGS intent didn't land on a recognizable Wi-Fi screen; falling back to menu_path navigation
2026-10-01 16:59:46,239 WARNING  src.orchestration.slot: slot HQ634A0C5D: skip_wizard=True - assuming factory reset + the setup wizard were already completed manually (client-decided workflow, 2026-09-17 - the wizard cannot be automated via ADB at all). This skips the check that the device actually finished setup, so a device still mid-wizard when this runs will fail in confusing ways downstream rather than here.
2026-10-01 16:59:46,239 INFO     src.orchestration.slot: slot HQ634A0C5D: connecting wifi
2026-10-01 16:59:46,443 INFO     src.phase2.apn_setup: apn: current input method is 'com.google.android.inputmethod.latin/com.android.inputmethod.latin.LatinIME'
2026-10-01 16:59:46,768 INFO     src.phase2.wifi_setup: already connected to 'earth5_1'; nothing to do
2026-10-01 16:59:46,769 INFO     src.orchestration.slot: slot HQ634A0C5D: configuring apn
2026-10-01 16:59:47,193 INFO     src.phase2.apn_setup: apn: current input method is 'com.google.android.inputmethod.latin/com.android.inputmethod.latin.LatinIME'
2026-10-01 16:59:48,770 ERROR    src.orchestration.slot: slot HQ62540758: run_init_apn failed: refusing to tap: current screen contains the USB-debugging disable notification (matched '無効にするにはここをタップ' in the dump). A mistargeted tap here would disable ADB and strand the device. Clear the notification shade before retrying — see docs/record.md, 'UI hazard' section.
2026-10-01 16:59:48,770 ERROR    src.orchestration.scheduler: slot HQ62540758: exceeded max_retry (3); escalating. last_error=refusing to tap: current screen contains the USB-debugging disable notification (matched '無効にするにはここをタップ' in the dump). A mistargeted tap here would disable ADB and strand the device. Clear the notification shade before retrying — see docs/record.md, 'UI hazard' section.
2026-10-01 16:59:49,058 ERROR    src.phase2.apn_setup: apn menu navigation failed
2026-10-01 16:59:49,058 ERROR    src.orchestration.slot: slot 353681653208520: run_init_apn failed: apn configuration failed
2026-10-01 16:59:49,058 WARNING  src.orchestration.scheduler: slot 353681653208520: attempt failed (retry 2/3): apn configuration failed
2026-10-01 16:59:50,028 ERROR    src.phase2.apn_setup: apn menu navigation failed
2026-10-01 16:59:50,028 ERROR    src.orchestration.slot: slot HQ634A0C5D: run_init_apn failed: apn configuration failed
2026-10-01 16:59:50,028 WARNING  src.orchestration.scheduler: slot HQ634A0C5D: attempt failed (retry 2/3): apn configuration failed
2026-10-01 16:59:50,377 ERROR    src.phase2.apn_setup: apn menu navigation failed
2026-10-01 16:59:50,378 ERROR    src.orchestration.slot: slot HQ627C0472: run_init_apn failed: apn configuration failed
2026-10-01 16:59:50,378 WARNING  src.orchestration.scheduler: slot HQ627C0472: attempt failed (retry 2/3): apn configuration failed
2026-10-01 16:59:50,791 ERROR    src.phase2.apn_setup: apn menu navigation failed
2026-10-01 16:59:50,791 ERROR    src.orchestration.slot: slot 353681650242175: run_init_apn failed: apn configuration failed
2026-10-01 16:59:50,791 WARNING  src.orchestration.scheduler: slot 353681650242175: attempt failed (retry 2/3): apn configuration failed
2026-10-01 16:59:50,878 WARNING  src.orchestration.slot: slot 353681653208520: skip_wizard=True - assuming factory reset + the setup wizard were already completed manually (client-decided workflow, 2026-09-17 - the wizard cannot be automated via ADB at all). This skips the check that the device actually finished setup, so a device still mid-wizard when this runs will fail in confusing ways downstream rather than here.
2026-10-01 16:59:50,878 INFO     src.orchestration.slot: slot 353681653208520: connecting wifi
2026-10-01 16:59:51,232 WARNING  src.orchestration.slot: slot HQ634A0C5D: skip_wizard=True - assuming factory reset + the setup wizard were already completed manually (client-decided workflow, 2026-09-17 - the wizard cannot be automated via ADB at all). This skips the check that the device actually finished setup, so a device still mid-wizard when this runs will fail in confusing ways downstream rather than here.
2026-10-01 16:59:51,232 INFO     src.orchestration.slot: slot HQ634A0C5D: connecting wifi
2026-10-01 16:59:51,283 INFO     src.phase2.wifi_setup: already connected to 'earth5_1'; nothing to do
2026-10-01 16:59:51,283 INFO     src.orchestration.slot: slot 353681653208520: configuring apn
2026-10-01 16:59:51,573 INFO     src.phase2.wifi_setup: already connected to 'earth5_1'; nothing to do
2026-10-01 16:59:51,573 INFO     src.orchestration.slot: slot HQ634A0C5D: configuring apn
2026-10-01 16:59:51,802 INFO     src.phase2.apn_setup: apn: current input method is 'com.google.android.inputmethod.latin/com.android.inputmethod.latin.LatinIME'
2026-10-01 16:59:52,106 WARNING  src.orchestration.slot: slot HQ627C0472: skip_wizard=True - assuming factory reset + the setup wizard were already completed manually (client-decided workflow, 2026-09-17 - the wizard cannot be automated via ADB at all). This skips the check that the device actually finished setup, so a device still mid-wizard when this runs will fail in confusing ways downstream rather than here.
2026-10-01 16:59:52,107 INFO     src.orchestration.slot: slot HQ627C0472: connecting wifi
2026-10-01 16:59:52,406 WARNING  src.orchestration.slot: slot 353681650242175: skip_wizard=True - assuming factory reset + the setup wizard were already completed manually (client-decided workflow, 2026-09-17 - the wizard cannot be automated via ADB at all). This skips the check that the device actually finished setup, so a device still mid-wizard when this runs will fail in confusing ways downstream rather than here.
2026-10-01 16:59:52,406 INFO     src.orchestration.slot: slot 353681650242175: connecting wifi
2026-10-01 16:59:52,516 INFO     src.phase2.wifi_setup: already connected to 'earth5_1'; nothing to do
2026-10-01 16:59:52,517 INFO     src.orchestration.slot: slot HQ627C0472: configuring apn
2026-10-01 16:59:52,712 INFO     src.phase2.apn_setup: apn: current input method is 'com.google.android.inputmethod.latin/com.android.inputmethod.latin.LatinIME'
2026-10-01 16:59:52,725 INFO     src.phase2.apn_setup: apn: current input method is 'com.google.android.inputmethod.latin/com.android.inputmethod.latin.LatinIME'
2026-10-01 16:59:53,097 INFO     src.phase2.wifi_setup: already connected to 'earth5_1'; nothing to do
2026-10-01 16:59:53,097 INFO     src.orchestration.slot: slot 353681650242175: configuring apn
2026-10-01 16:59:53,978 INFO     src.phase2.apn_setup: apn: current input method is 'com.google.android.inputmethod.latin/com.android.inputmethod.latin.LatinIME'
2026-10-01 16:59:56,558 ERROR    src.phase2.apn_setup: apn menu navigation failed
2026-10-01 16:59:56,558 ERROR    src.orchestration.slot: slot 353681650242175: run_init_apn failed: apn configuration failed
2026-10-01 16:59:56,558 WARNING  src.orchestration.scheduler: slot 353681650242175: attempt failed (retry 3/3): apn configuration failed
2026-10-01 16:59:56,581 ERROR    src.phase2.apn_setup: apn menu navigation failed
2026-10-01 16:59:56,581 ERROR    src.orchestration.slot: slot 353681653208520: run_init_apn failed: apn configuration failed
2026-10-01 16:59:56,581 WARNING  src.orchestration.scheduler: slot 353681653208520: attempt failed (retry 3/3): apn configuration failed
2026-10-01 16:59:57,025 ERROR    src.phase2.apn_setup: apn menu navigation failed
2026-10-01 16:59:57,026 ERROR    src.orchestration.slot: slot HQ634A0C5D: run_init_apn failed: apn configuration failed
2026-10-01 16:59:57,026 WARNING  src.orchestration.scheduler: slot HQ634A0C5D: attempt failed (retry 3/3): apn configuration failed
2026-10-01 16:59:57,225 ERROR    src.phase2.apn_setup: apn menu navigation failed
2026-10-01 16:59:57,225 ERROR    src.orchestration.slot: slot HQ627C0472: run_init_apn failed: apn configuration failed
2026-10-01 16:59:57,225 WARNING  src.orchestration.scheduler: slot HQ627C0472: attempt failed (retry 3/3): apn configuration failed
2026-10-01 16:59:57,735 WARNING  src.orchestration.slot: slot 353681650242175: skip_wizard=True - assuming factory reset + the setup wizard were already completed manually (client-decided workflow, 2026-09-17 - the wizard cannot be automated via ADB at all). This skips the check that the device actually finished setup, so a device still mid-wizard when this runs will fail in confusing ways downstream rather than here.
2026-10-01 16:59:57,735 INFO     src.orchestration.slot: slot 353681650242175: connecting wifi
2026-10-01 16:59:58,126 INFO     src.phase2.wifi_setup: already connected to 'earth5_1'; nothing to do
2026-10-01 16:59:58,126 INFO     src.orchestration.slot: slot 353681650242175: configuring apn
2026-10-01 16:59:58,393 WARNING  src.orchestration.slot: slot 353681653208520: skip_wizard=True - assuming factory reset + the setup wizard were already completed manually (client-decided workflow, 2026-09-17 - the wizard cannot be automated via ADB at all). This skips the check that the device actually finished setup, so a device still mid-wizard when this runs will fail in confusing ways downstream rather than here.
2026-10-01 16:59:58,394 INFO     src.orchestration.slot: slot 353681653208520: connecting wifi
2026-10-01 16:59:58,752 WARNING  src.orchestration.slot: slot HQ634A0C5D: skip_wizard=True - assuming factory reset + the setup wizard were already completed manually (client-decided workflow, 2026-09-17 - the wizard cannot be automated via ADB at all). This skips the check that the device actually finished setup, so a device still mid-wizard when this runs will fail in confusing ways downstream rather than here.
2026-10-01 16:59:58,753 INFO     src.orchestration.slot: slot HQ634A0C5D: connecting wifi
2026-10-01 16:59:58,794 INFO     src.phase2.apn_setup: apn: current input method is 'com.google.android.inputmethod.latin/com.android.inputmethod.latin.LatinIME'
2026-10-01 16:59:58,794 WARNING  src.orchestration.slot: slot HQ627C0472: skip_wizard=True - assuming factory reset + the setup wizard were already completed manually (client-decided workflow, 2026-09-17 - the wizard cannot be automated via ADB at all). This skips the check that the device actually finished setup, so a device still mid-wizard when this runs will fail in confusing ways downstream rather than here.
2026-10-01 16:59:58,796 INFO     src.orchestration.slot: slot HQ627C0472: connecting wifi
2026-10-01 16:59:58,804 INFO     src.phase2.wifi_setup: already connected to 'earth5_1'; nothing to do
2026-10-01 16:59:58,805 INFO     src.orchestration.slot: slot 353681653208520: configuring apn
2026-10-01 16:59:59,422 INFO     src.phase2.wifi_setup: already connected to 'earth5_1'; nothing to do
2026-10-01 16:59:59,423 INFO     src.orchestration.slot: slot HQ627C0472: configuring apn
2026-10-01 16:59:59,521 INFO     src.phase2.apn_setup: apn: current input method is 'com.google.android.inputmethod.latin/com.android.inputmethod.latin.LatinIME'
2026-10-01 16:59:59,656 INFO     src.phase2.wifi_setup: already connected to 'earth5_1'; nothing to do
2026-10-01 16:59:59,656 INFO     src.orchestration.slot: slot HQ634A0C5D: configuring apn
2026-10-01 17:00:00,231 INFO     src.phase2.apn_setup: apn: current input method is 'com.google.android.inputmethod.latin/com.android.inputmethod.latin.LatinIME'
2026-10-01 17:00:00,348 INFO     src.phase2.apn_setup: apn: current input method is 'com.google.android.inputmethod.latin/com.android.inputmethod.latin.LatinIME'
2026-10-01 17:00:01,507 ERROR    src.phase2.apn_setup: apn menu navigation failed
2026-10-01 17:00:01,508 ERROR    src.orchestration.slot: slot 353681650242175: run_init_apn failed: apn configuration failed
2026-10-01 17:00:01,508 ERROR    src.orchestration.scheduler: slot 353681650242175: exceeded max_retry (3); escalating. last_error=apn configuration failed
2026-10-01 17:00:02,255 ERROR    src.phase2.apn_setup: apn menu navigation failed
2026-10-01 17:00:02,256 ERROR    src.orchestration.slot: slot 353681653208520: run_init_apn failed: apn configuration failed
2026-10-01 17:00:02,257 ERROR    src.orchestration.scheduler: slot 353681653208520: exceeded max_retry (3); escalating. last_error=apn configuration failed
2026-10-01 17:00:04,226 ERROR    src.phase2.apn_setup: apn menu navigation failed
2026-10-01 17:00:04,227 ERROR    src.orchestration.slot: slot HQ627C0472: run_init_apn failed: apn configuration failed
2026-10-01 17:00:04,227 ERROR    src.orchestration.scheduler: slot HQ627C0472: exceeded max_retry (3); escalating. last_error=apn configuration failed
2026-10-01 17:00:07,179 ERROR    src.phase2.apn_setup: apn menu navigation failed
2026-10-01 17:00:07,179 ERROR    src.orchestration.slot: slot HQ634A0C5D: run_init_apn failed: apn configuration failed
2026-10-01 17:00:07,180 ERROR    src.orchestration.scheduler: slot HQ634A0C5D: exceeded max_retry (3); escalating. last_error=apn configuration failed
2026-10-01 17:00:21,534 INFO     src.phase2.apn_setup: apn field 'MCC': already shows '440' (auto-populated by the device, presumably from the SIM) — leaving it as-is, not typing '440' over it
2026-10-01 17:00:23,679 INFO     src.phase2.apn_setup: apn field 'MCC': already shows '440' (auto-populated by the device, presumably from the SIM) — leaving it as-is, not typing '440' over it
2026-10-01 17:00:31,606 INFO     src.phase2.apn_setup: apn field 'MNC': already shows '10' (auto-populated by the device, presumably from the SIM) — leaving it as-is, not typing '11' over it
2026-10-01 17:00:33,857 INFO     src.phase2.apn_setup: apn field 'MNC': already shows '11' (auto-populated by the device, presumably from the SIM) — leaving it as-is, not typing '11' over it
2026-10-01 17:00:46,181 WARNING  src.phase2.apn_setup: apn: save reported no validation error, but 'rakuten.jp' wasn't spotted back on the APN list (soft check only — not treated as a failure; could be scroll position or list truncation)
2026-10-01 17:00:46,181 INFO     src.phase2.apn_setup: apn 'rakuten.jp' configured successfully
2026-10-01 17:00:46,181 INFO     src.orchestration.slot: slot HQ632M1012: reached LOGIN_INSTALL (Phase 2 success condition)
2026-10-01 17:00:48,498 WARNING  src.phase2.apn_setup: apn: save reported no validation error, but 'rakuten.jp' wasn't spotted back on the APN list (soft check only — not treated as a failure; could be scroll position or list truncation)
2026-10-01 17:00:48,498 INFO     src.phase2.apn_setup: apn 'rakuten.jp' configured successfully
2026-10-01 17:00:48,499 INFO     src.orchestration.slot: slot 353681650397052: reached LOGIN_INSTALL (Phase 2 success condition)
2026-10-01 17:00:48,501 ERROR    main_phase2: FAILED: device 352063910283409 ended in state ESCALATED (last_error=apn configuration failed)
2026-10-01 17:00:48,501 ERROR    main_phase2: FAILED: device 352063910272451 ended in state ESCALATED (last_error=refusing to tap: current screen contains the USB-debugging disable notification (matched '無効にするにはここをタップ' in the dump). A mistargeted tap here would disable ADB and strand the device. Clear the notification shade before retrying — see docs/record.md, 'UI hazard' section.)
2026-10-01 17:00:48,501 ERROR    main_phase2: FAILED: device HQ63460161 ended in state ESCALATED (last_error=refusing to tap: current screen contains the USB-debugging disable notification (matched '無効にするにはここをタップ' in the dump). A mistargeted tap here would disable ADB and strand the device. Clear the notification shade before retrying — see docs/record.md, 'UI hazard' section.)
2026-10-01 17:00:48,501 ERROR    main_phase2: FAILED: device HQ627F2149 ended in state ESCALATED (last_error=apn configuration failed)
2026-10-01 17:00:48,501 ERROR    main_phase2: FAILED: device HQ62540758 ended in state ESCALATED (last_error=refusing to tap: current screen contains the USB-debugging disable notification (matched '無効にするにはここをタップ' in the dump). A mistargeted tap here would disable ADB and strand the device. Clear the notification shade before retrying — see docs/record.md, 'UI hazard' section.)
2026-10-01 17:00:48,501 ERROR    main_phase2: FAILED: device 353681650242175 ended in state ESCALATED (last_error=apn configuration failed)
2026-10-01 17:00:48,501 ERROR    main_phase2: FAILED: device 353681653208520 ended in state ESCALATED (last_error=apn configuration failed)
2026-10-01 17:00:48,502 ERROR    main_phase2: FAILED: device HQ627C0472 ended in state ESCALATED (last_error=apn configuration failed)
2026-10-01 17:00:48,502 ERROR    main_phase2: FAILED: device HQ634A0C5D ended in state ESCALATED (last_error=apn configuration failed)
2026-10-01 17:00:48,502 INFO     main_phase2: SUCCESS: device HQ632M1012 reached LOGIN_INSTALL
2026-10-01 17:00:48,502 INFO     main_phase2: SUCCESS: device 353681650397052 reached LOGIN_INSTALL
2026-10-01 17:18:59,416 INFO     main_phase2: loading model profiles from C:\code\android-system\device-redeployment\config\models
2026-10-01 17:18:59,459 INFO     main_phase2: no --device/--serial given — auto-detecting connected devices via 'C:\platform-tools\adb.exe devices' + getprop ro.product.model
2026-10-01 17:18:59,571 INFO     main_phase2: device 352063910272451: auto-detected as SHG10 (getprop ro.product.model = 'SHG10')
2026-10-01 17:18:59,656 INFO     main_phase2: device 352063910283409: auto-detected as SHG10 (getprop ro.product.model = 'SHG10')
2026-10-01 17:18:59,764 INFO     main_phase2: device 353681650242175: auto-detected as SHG07 (getprop ro.product.model = 'SHG07')
2026-10-01 17:18:59,868 INFO     main_phase2: device 353681650397052: auto-detected as SHG07 (getprop ro.product.model = 'SHG07')
2026-10-01 17:18:59,969 INFO     main_phase2: device 353681653208520: auto-detected as SHG07 (getprop ro.product.model = 'SHG07')
2026-10-01 17:19:00,150 ERROR    main_phase2: device 356659111963982: could not match to a known model profile (getprop ro.product.model = 'SHG05'). Known model_numbers: ['SHG07', 'SHG10', 'SOG07', 'SOG08']. Run it explicitly with --serial 356659111963982 --model <MODEL> once you know which profile it is — and if 'SHG05' is that model's real identity string, add it to that model's config/models/*.yaml under adb_identifiers so auto-detection recognizes it next time.
2026-10-01 17:19:00,300 ERROR    main_phase2: device 357015386489626: could not match to a known model profile (getprop ro.product.model = 'SH-53C'). Known model_numbers: ['SHG07', 'SHG10', 'SOG07', 'SOG08']. Run it explicitly with --serial 357015386489626 --model <MODEL> once you know which profile it is — and if 'SH-53C' is that model's real identity string, add it to that model's config/models/*.yaml under adb_identifiers so auto-detection recognizes it next time.
2026-10-01 17:19:00,414 INFO     main_phase2: device HQ62540758: auto-detected as SOG08 (getprop ro.product.model = 'SOG08')
2026-10-01 17:19:00,551 INFO     main_phase2: device HQ627C0472: auto-detected as SOG08 (getprop ro.product.model = 'SOG08')
2026-10-01 17:19:00,697 INFO     main_phase2: device HQ627F2149: auto-detected as SOG07 (getprop ro.product.model = 'SOG07')
2026-10-01 17:19:00,826 INFO     main_phase2: device HQ632M1012: auto-detected as SOG07 (getprop ro.product.model = 'SOG07')
2026-10-01 17:19:00,947 INFO     main_phase2: device HQ63460161: auto-detected as SOG08 (getprop ro.product.model = 'SOG08')
2026-10-01 17:19:01,070 INFO     main_phase2: device HQ634A0C5D: auto-detected as SOG08 (getprop ro.product.model = 'SOG08')
2026-10-01 17:19:01,204 ERROR    main_phase2: device HQ63622931: could not match to a known model profile (getprop ro.product.model = 'XQ-DC44'). Known model_numbers: ['SHG07', 'SHG10', 'SOG07', 'SOG08']. Run it explicitly with --serial HQ63622931 --model <MODEL> once you know which profile it is — and if 'XQ-DC44' is that model's real identity string, add it to that model's config/models/*.yaml under adb_identifiers so auto-detection recognizes it next time.
2026-10-01 17:19:01,204 INFO     main_phase2: auto-detected 11 device(s): 352063910272451:SHG10, 352063910283409:SHG10, 353681650242175:SHG07, 353681650397052:SHG07, 353681653208520:SHG07, HQ62540758:SOG08, HQ627C0472:SOG08, HQ627F2149:SOG07, HQ632M1012:SOG07, HQ63460161:SOG08, HQ634A0C5D:SOG08
2026-10-01 17:19:01,205 INFO     main_phase2: running 11 devices in parallel: 352063910272451:SHG10, 352063910283409:SHG10, 353681650242175:SHG07, 353681650397052:SHG07, 353681653208520:SHG07, HQ62540758:SOG08, HQ627C0472:SOG08, HQ627F2149:SOG07, HQ632M1012:SOG07, HQ63460161:SOG08, HQ634A0C5D:SOG08
2026-10-01 17:19:01,212 INFO     main_phase2: starting Phase 2 run: serial=352063910272451 model=SHG10 (AQUOS sense7) [skip_wizard]
2026-10-01 17:19:01,212 INFO     main_phase2: starting Phase 2 run: serial=352063910283409 model=SHG10 (AQUOS sense7) [skip_wizard]
2026-10-01 17:19:01,213 INFO     main_phase2: starting Phase 2 run: serial=353681650242175 model=SHG07 (AQUOS sense6s) [skip_wizard]
2026-10-01 17:19:01,215 INFO     main_phase2: starting Phase 2 run: serial=353681650397052 model=SHG07 (AQUOS sense6s) [skip_wizard]
2026-10-01 17:19:01,216 INFO     main_phase2: starting Phase 2 run: serial=353681653208520 model=SHG07 (AQUOS sense6s) [skip_wizard]
2026-10-01 17:19:01,218 INFO     main_phase2: starting Phase 2 run: serial=HQ62540758 model=SOG08 (Xperia Ace III) [skip_wizard]
2026-10-01 17:19:01,221 INFO     main_phase2: starting Phase 2 run: serial=HQ627C0472 model=SOG08 (Xperia Ace III) [skip_wizard]
2026-10-01 17:19:01,223 INFO     main_phase2: starting Phase 2 run: serial=HQ627F2149 model=SOG07 (Xperia 10 IV) [skip_wizard]
2026-10-01 17:19:01,235 INFO     main_phase2: starting Phase 2 run: serial=HQ632M1012 model=SOG07 (Xperia 10 IV) [skip_wizard]
2026-10-01 17:19:01,267 INFO     main_phase2: starting Phase 2 run: serial=HQ63460161 model=SOG08 (Xperia Ace III) [skip_wizard]
2026-10-01 17:19:01,298 INFO     main_phase2: starting Phase 2 run: serial=HQ634A0C5D model=SOG08 (Xperia Ace III) [skip_wizard]
2026-10-01 17:19:02,508 WARNING  src.orchestration.slot: slot 352063910272451: skip_wizard=True - assuming factory reset + the setup wizard were already completed manually (client-decided workflow, 2026-09-17 - the wizard cannot be automated via ADB at all). This skips the check that the device actually finished setup, so a device still mid-wizard when this runs will fail in confusing ways downstream rather than here.
2026-10-01 17:19:02,509 INFO     src.orchestration.slot: slot 352063910272451: connecting wifi
2026-10-01 17:19:02,533 WARNING  src.orchestration.slot: slot 353681650397052: skip_wizard=True - assuming factory reset + the setup wizard were already completed manually (client-decided workflow, 2026-09-17 - the wizard cannot be automated via ADB at all). This skips the check that the device actually finished setup, so a device still mid-wizard when this runs will fail in confusing ways downstream rather than here.
2026-10-01 17:19:02,534 INFO     src.orchestration.slot: slot 353681650397052: connecting wifi
2026-10-01 17:19:02,541 WARNING  src.orchestration.slot: slot HQ632M1012: skip_wizard=True - assuming factory reset + the setup wizard were already completed manually (client-decided workflow, 2026-09-17 - the wizard cannot be automated via ADB at all). This skips the check that the device actually finished setup, so a device still mid-wizard when this runs will fail in confusing ways downstream rather than here.
2026-10-01 17:19:02,548 INFO     src.orchestration.slot: slot HQ632M1012: connecting wifi
2026-10-01 17:19:02,561 WARNING  src.orchestration.slot: slot HQ62540758: skip_wizard=True - assuming factory reset + the setup wizard were already completed manually (client-decided workflow, 2026-09-17 - the wizard cannot be automated via ADB at all). This skips the check that the device actually finished setup, so a device still mid-wizard when this runs will fail in confusing ways downstream rather than here.
2026-10-01 17:19:02,563 INFO     src.orchestration.slot: slot HQ62540758: connecting wifi
2026-10-01 17:19:02,569 WARNING  src.orchestration.slot: slot 352063910283409: skip_wizard=True - assuming factory reset + the setup wizard were already completed manually (client-decided workflow, 2026-09-17 - the wizard cannot be automated via ADB at all). This skips the check that the device actually finished setup, so a device still mid-wizard when this runs will fail in confusing ways downstream rather than here.
2026-10-01 17:19:02,571 INFO     src.orchestration.slot: slot 352063910283409: connecting wifi
2026-10-01 17:19:02,611 WARNING  src.orchestration.slot: slot HQ627F2149: skip_wizard=True - assuming factory reset + the setup wizard were already completed manually (client-decided workflow, 2026-09-17 - the wizard cannot be automated via ADB at all). This skips the check that the device actually finished setup, so a device still mid-wizard when this runs will fail in confusing ways downstream rather than here.
2026-10-01 17:19:02,612 INFO     src.orchestration.slot: slot HQ627F2149: connecting wifi
2026-10-01 17:19:02,803 WARNING  src.orchestration.slot: slot HQ63460161: skip_wizard=True - assuming factory reset + the setup wizard were already completed manually (client-decided workflow, 2026-09-17 - the wizard cannot be automated via ADB at all). This skips the check that the device actually finished setup, so a device still mid-wizard when this runs will fail in confusing ways downstream rather than here.
2026-10-01 17:19:02,805 INFO     src.orchestration.slot: slot HQ63460161: connecting wifi
2026-10-01 17:19:02,910 WARNING  src.orchestration.slot: slot HQ634A0C5D: skip_wizard=True - assuming factory reset + the setup wizard were already completed manually (client-decided workflow, 2026-09-17 - the wizard cannot be automated via ADB at all). This skips the check that the device actually finished setup, so a device still mid-wizard when this runs will fail in confusing ways downstream rather than here.
2026-10-01 17:19:02,910 INFO     src.orchestration.slot: slot HQ634A0C5D: connecting wifi
2026-10-01 17:19:03,004 INFO     src.phase2.wifi_setup: device 352063910283409: already connected to 'earth5_1'; nothing to do
2026-10-01 17:19:03,006 INFO     src.orchestration.slot: slot 352063910283409: configuring apn
2026-10-01 17:19:03,071 INFO     src.phase2.wifi_setup: device 352063910272451: already connected to 'earth5_1'; nothing to do
2026-10-01 17:19:03,071 INFO     src.orchestration.slot: slot 352063910272451: configuring apn
2026-10-01 17:19:03,089 INFO     src.phase2.wifi_setup: device HQ632M1012: already connected to 'earth5_1'; nothing to do
2026-10-01 17:19:03,089 INFO     src.orchestration.slot: slot HQ632M1012: configuring apn
2026-10-01 17:19:03,132 INFO     src.phase2.wifi_setup: device HQ627F2149: already connected to 'earth5_1'; nothing to do
2026-10-01 17:19:03,132 INFO     src.orchestration.slot: slot HQ627F2149: configuring apn
2026-10-01 17:19:03,157 INFO     src.phase2.wifi_setup: device 353681650397052: already connected to 'earth5_1'; nothing to do
2026-10-01 17:19:03,157 INFO     src.orchestration.slot: slot 353681650397052: configuring apn
2026-10-01 17:19:03,259 INFO     src.phase2.wifi_setup: device HQ63460161: already connected to 'earth5_1'; nothing to do
2026-10-01 17:19:03,260 INFO     src.phase2.wifi_setup: device HQ62540758: shell wifi connect-network unavailable/failed: adb command failed: 'shell cmd wifi connect-network "earth5_1" wpa2 "earth5_1"' - Exception occurred while executing 'connect-network':
java.lang.SecurityException: Uid 2000 does not have access to connect-network wifi command (or such command doesn't exist)
	at com.android.server.wifi.WifiShellCommand.onCommand(WifiShellCommand.java:483)
	at com.android.wifi.x.com.android.modules.utils.BasicShellCommandHandler.exec(BasicShellCommandHandler.java:97)
	at com.android.server.wifi.WifiServiceImpl.handleShellCommand(WifiServiceImpl.java:5318)
	at android.os.Binder.onShellCommand(Binder.java:1121)
	at android.os.Binder.shellCommand(Binder.java:1068)
	at android.os.Binder.onTransact(Binder.java:888)
	at android.net.wifi.IWifiManager$Stub.onTransact(IWifiManager.java:3247)
	at android.os.Binder.execTransactInternal(Binder.java:1344)
	at android.os.Binder.execTransact(Binder.java:1275)
2026-10-01 17:19:03,260 INFO     src.orchestration.slot: slot HQ63460161: configuring apn
2026-10-01 17:19:03,309 WARNING  src.orchestration.slot: slot 353681653208520: skip_wizard=True - assuming factory reset + the setup wizard were already completed manually (client-decided workflow, 2026-09-17 - the wizard cannot be automated via ADB at all). This skips the check that the device actually finished setup, so a device still mid-wizard when this runs will fail in confusing ways downstream rather than here.
2026-10-01 17:19:03,311 INFO     src.orchestration.slot: slot 353681653208520: connecting wifi
2026-10-01 17:19:03,333 INFO     src.phase2.apn_setup: device 352063910272451: apn: current input method is 'com.google.android.inputmethod.latin/com.android.inputmethod.latin.LatinIME'
2026-10-01 17:19:03,334 WARNING  src.orchestration.slot: slot 353681650242175: skip_wizard=True - assuming factory reset + the setup wizard were already completed manually (client-decided workflow, 2026-09-17 - the wizard cannot be automated via ADB at all). This skips the check that the device actually finished setup, so a device still mid-wizard when this runs will fail in confusing ways downstream rather than here.
2026-10-01 17:19:03,334 WARNING  src.orchestration.slot: slot HQ627C0472: skip_wizard=True - assuming factory reset + the setup wizard were already completed manually (client-decided workflow, 2026-09-17 - the wizard cannot be automated via ADB at all). This skips the check that the device actually finished setup, so a device still mid-wizard when this runs will fail in confusing ways downstream rather than here.
2026-10-01 17:19:03,334 INFO     src.phase2.apn_setup: device 352063910283409: apn: current input method is 'com.google.android.inputmethod.latin/com.android.inputmethod.latin.LatinIME'
2026-10-01 17:19:03,337 INFO     src.orchestration.slot: slot 353681650242175: connecting wifi
2026-10-01 17:19:03,338 INFO     src.orchestration.slot: slot HQ627C0472: connecting wifi
2026-10-01 17:19:03,371 INFO     src.phase2.apn_setup: device HQ632M1012: apn: current input method is 'com.google.android.inputmethod.latin/com.android.inputmethod.latin.LatinIME'
2026-10-01 17:19:03,451 INFO     src.phase2.wifi_setup: device HQ634A0C5D: already connected to 'earth5_1'; nothing to do
2026-10-01 17:19:03,451 INFO     src.orchestration.slot: slot HQ634A0C5D: configuring apn
2026-10-01 17:19:03,591 INFO     src.phase2.apn_setup: device HQ63460161: apn: current input method is 'com.google.android.inputmethod.latin/com.android.inputmethod.latin.LatinIME'
2026-10-01 17:19:03,634 INFO     src.phase2.apn_setup: device 353681650397052: apn: current input method is 'com.google.android.inputmethod.latin/com.android.inputmethod.latin.LatinIME'
2026-10-01 17:19:03,637 INFO     src.phase2.apn_setup: device HQ627F2149: apn: current input method is 'com.google.android.inputmethod.latin/com.android.inputmethod.latin.LatinIME'
2026-10-01 17:19:03,779 INFO     src.phase2.apn_setup: device HQ634A0C5D: apn: current input method is 'com.google.android.inputmethod.latin/com.android.inputmethod.latin.LatinIME'
2026-10-01 17:19:03,792 INFO     src.phase2.wifi_setup: device 353681653208520: already connected to 'earth5_1'; nothing to do
2026-10-01 17:19:03,793 INFO     src.orchestration.slot: slot 353681653208520: configuring apn
2026-10-01 17:19:03,897 INFO     src.phase2.wifi_setup: device 353681650242175: already connected to 'earth5_1'; nothing to do
2026-10-01 17:19:03,897 INFO     src.orchestration.slot: slot 353681650242175: configuring apn
2026-10-01 17:19:03,928 INFO     src.phase2.wifi_setup: device HQ627C0472: already connected to 'earth5_1'; nothing to do
2026-10-01 17:19:03,929 INFO     src.orchestration.slot: slot HQ627C0472: configuring apn
2026-10-01 17:19:04,307 INFO     src.phase2.apn_setup: device HQ627C0472: apn: current input method is 'com.google.android.inputmethod.latin/com.android.inputmethod.latin.LatinIME'
2026-10-01 17:19:04,943 INFO     src.phase2.apn_setup: device 353681653208520: apn: current input method is 'com.google.android.inputmethod.latin/com.android.inputmethod.latin.LatinIME'
2026-10-01 17:19:04,967 INFO     src.phase2.apn_setup: device 353681650242175: apn: current input method is 'com.google.android.inputmethod.latin/com.android.inputmethod.latin.LatinIME'
2026-10-01 17:19:06,019 INFO     src.phase2.wifi_setup: device HQ62540758: WIFI_SETTINGS intent didn't land on a recognizable Wi-Fi screen; falling back to menu_path navigation
2026-10-01 17:19:06,034 ERROR    src.phase2.apn_setup: device HQ632M1012: apn menu navigation failed
2026-10-01 17:19:06,035 ERROR    src.orchestration.slot: slot HQ632M1012: run_init_apn failed: apn configuration failed
2026-10-01 17:19:06,035 WARNING  src.orchestration.scheduler: slot HQ632M1012: attempt failed (retry 1/3): apn configuration failed
2026-10-01 17:19:06,040 ERROR    src.orchestration.slot: slot 352063910272451: run_init_apn failed: refusing to tap: current screen contains the USB-debugging disable notification (matched '無効にするにはここをタップ' in the dump). A mistargeted tap here would disable ADB and strand the device. Clear the notification shade before retrying — see docs/record.md, 'UI hazard' section.
2026-10-01 17:19:06,041 WARNING  src.orchestration.slot: slot 352063910272451: waiting 20s before the next retry to give the transient USB-debugging notification a real chance to clear (real finding, 2026-09-30/10-01 large-batch runs — see slot.py's _HAZARD_RECOVERY_WAIT_SECONDS comment; unconfirmed whether this wait alone is enough)
2026-10-01 17:19:06,054 ERROR    src.phase2.apn_setup: device 352063910283409: apn menu navigation failed
2026-10-01 17:19:06,055 ERROR    src.orchestration.slot: slot 352063910283409: run_init_apn failed: apn configuration failed
2026-10-01 17:19:06,056 WARNING  src.orchestration.scheduler: slot 352063910283409: attempt failed (retry 1/3): apn configuration failed
2026-10-01 17:19:06,289 ERROR    src.phase2.apn_setup: device 353681650397052: apn menu navigation failed
2026-10-01 17:19:06,290 ERROR    src.orchestration.slot: slot 353681650397052: run_init_apn failed: apn configuration failed
2026-10-01 17:19:06,290 WARNING  src.orchestration.scheduler: slot 353681650397052: attempt failed (retry 1/3): apn configuration failed
2026-10-01 17:19:06,334 ERROR    src.phase2.apn_setup: device HQ627F2149: apn menu navigation failed
2026-10-01 17:19:06,334 ERROR    src.orchestration.slot: slot HQ627F2149: run_init_apn failed: apn configuration failed
2026-10-01 17:19:06,335 WARNING  src.orchestration.scheduler: slot HQ627F2149: attempt failed (retry 1/3): apn configuration failed
2026-10-01 17:19:07,077 ERROR    src.orchestration.slot: slot HQ63460161: run_init_apn failed: refusing to tap: current screen contains the USB-debugging disable notification (matched '無効にするにはここをタップ' in the dump). A mistargeted tap here would disable ADB and strand the device. Clear the notification shade before retrying — see docs/record.md, 'UI hazard' section.
2026-10-01 17:19:07,077 WARNING  src.orchestration.slot: slot HQ63460161: waiting 20s before the next retry to give the transient USB-debugging notification a real chance to clear (real finding, 2026-09-30/10-01 large-batch runs — see slot.py's _HAZARD_RECOVERY_WAIT_SECONDS comment; unconfirmed whether this wait alone is enough)
2026-10-01 17:19:07,247 WARNING  src.orchestration.slot: slot 352063910283409: skip_wizard=True - assuming factory reset + the setup wizard were already completed manually (client-decided workflow, 2026-09-17 - the wizard cannot be automated via ADB at all). This skips the check that the device actually finished setup, so a device still mid-wizard when this runs will fail in confusing ways downstream rather than here.
2026-10-01 17:19:07,247 INFO     src.orchestration.slot: slot 352063910283409: connecting wifi
2026-10-01 17:19:07,248 WARNING  src.orchestration.slot: slot HQ632M1012: skip_wizard=True - assuming factory reset + the setup wizard were already completed manually (client-decided workflow, 2026-09-17 - the wizard cannot be automated via ADB at all). This skips the check that the device actually finished setup, so a device still mid-wizard when this runs will fail in confusing ways downstream rather than here.
2026-10-01 17:19:07,248 INFO     src.orchestration.slot: slot HQ632M1012: connecting wifi
2026-10-01 17:19:07,487 WARNING  src.orchestration.slot: slot HQ627F2149: skip_wizard=True - assuming factory reset + the setup wizard were already completed manually (client-decided workflow, 2026-09-17 - the wizard cannot be automated via ADB at all). This skips the check that the device actually finished setup, so a device still mid-wizard when this runs will fail in confusing ways downstream rather than here.
2026-10-01 17:19:07,487 INFO     src.orchestration.slot: slot HQ627F2149: connecting wifi
2026-10-01 17:19:07,491 WARNING  src.orchestration.slot: slot 353681650397052: skip_wizard=True - assuming factory reset + the setup wizard were already completed manually (client-decided workflow, 2026-09-17 - the wizard cannot be automated via ADB at all). This skips the check that the device actually finished setup, so a device still mid-wizard when this runs will fail in confusing ways downstream rather than here.
2026-10-01 17:19:07,491 INFO     src.orchestration.slot: slot 353681650397052: connecting wifi
2026-10-01 17:19:07,714 INFO     src.phase2.wifi_setup: device 352063910283409: already connected to 'earth5_1'; nothing to do
2026-10-01 17:19:07,714 INFO     src.orchestration.slot: slot 352063910283409: configuring apn
2026-10-01 17:19:07,754 INFO     src.phase2.wifi_setup: device HQ632M1012: already connected to 'earth5_1'; nothing to do
2026-10-01 17:19:07,755 INFO     src.orchestration.slot: slot HQ632M1012: configuring apn
2026-10-01 17:19:07,878 ERROR    src.phase2.apn_setup: device 353681653208520: apn menu navigation failed
2026-10-01 17:19:07,878 ERROR    src.orchestration.slot: slot 353681653208520: run_init_apn failed: apn configuration failed
2026-10-01 17:19:07,879 WARNING  src.orchestration.scheduler: slot 353681653208520: attempt failed (retry 1/3): apn configuration failed
2026-10-01 17:19:07,883 ERROR    src.phase2.apn_setup: device 353681650242175: apn menu navigation failed
2026-10-01 17:19:07,883 ERROR    src.orchestration.slot: slot 353681650242175: run_init_apn failed: apn configuration failed
2026-10-01 17:19:07,884 WARNING  src.orchestration.scheduler: slot 353681650242175: attempt failed (retry 1/3): apn configuration failed
2026-10-01 17:19:07,886 ERROR    src.phase2.apn_setup: device HQ634A0C5D: apn menu navigation failed
2026-10-01 17:19:07,886 ERROR    src.orchestration.slot: slot HQ634A0C5D: run_init_apn failed: apn configuration failed
2026-10-01 17:19:07,886 WARNING  src.orchestration.scheduler: slot HQ634A0C5D: attempt failed (retry 1/3): apn configuration failed
2026-10-01 17:19:07,963 INFO     src.phase2.wifi_setup: device HQ627F2149: already connected to 'earth5_1'; nothing to do
2026-10-01 17:19:07,963 INFO     src.orchestration.slot: slot HQ627F2149: configuring apn
2026-10-01 17:19:08,026 INFO     src.phase2.apn_setup: device HQ632M1012: apn: current input method is 'com.google.android.inputmethod.latin/com.android.inputmethod.latin.LatinIME'
2026-10-01 17:19:08,045 INFO     src.phase2.wifi_setup: device 353681650397052: already connected to 'earth5_1'; nothing to do
2026-10-01 17:19:08,046 INFO     src.orchestration.slot: slot 353681650397052: configuring apn
2026-10-01 17:19:08,104 INFO     src.phase2.apn_setup: device 352063910283409: apn: current input method is 'com.google.android.inputmethod.latin/com.android.inputmethod.latin.LatinIME'
2026-10-01 17:19:08,120 ERROR    src.phase2.apn_setup: device HQ627C0472: apn menu navigation failed
2026-10-01 17:19:08,120 ERROR    src.orchestration.slot: slot HQ627C0472: run_init_apn failed: apn configuration failed
2026-10-01 17:19:08,120 WARNING  src.orchestration.scheduler: slot HQ627C0472: attempt failed (retry 1/3): apn configuration failed
2026-10-01 17:19:08,377 INFO     src.phase2.apn_setup: device HQ627F2149: apn: current input method is 'com.google.android.inputmethod.latin/com.android.inputmethod.latin.LatinIME'
2026-10-01 17:19:08,432 INFO     src.phase2.apn_setup: device 353681650397052: apn: current input method is 'com.google.android.inputmethod.latin/com.android.inputmethod.latin.LatinIME'
2026-10-01 17:19:08,691 ERROR    src.orchestration.slot: slot HQ62540758: run_init_apn failed: refusing to tap: current screen contains the USB-debugging disable notification (matched '無効にするにはここをタップ' in the dump). A mistargeted tap here would disable ADB and strand the device. Clear the notification shade before retrying — see docs/record.md, 'UI hazard' section.
2026-10-01 17:19:08,691 WARNING  src.orchestration.slot: slot HQ62540758: waiting 20s before the next retry to give the transient USB-debugging notification a real chance to clear (real finding, 2026-09-30/10-01 large-batch runs — see slot.py's _HAZARD_RECOVERY_WAIT_SECONDS comment; unconfirmed whether this wait alone is enough)
2026-10-01 17:19:09,080 WARNING  src.orchestration.slot: slot 353681653208520: skip_wizard=True - assuming factory reset + the setup wizard were already completed manually (client-decided workflow, 2026-09-17 - the wizard cannot be automated via ADB at all). This skips the check that the device actually finished setup, so a device still mid-wizard when this runs will fail in confusing ways downstream rather than here.
2026-10-01 17:19:09,081 INFO     src.orchestration.slot: slot 353681653208520: connecting wifi
2026-10-01 17:19:09,088 WARNING  src.orchestration.slot: slot 353681650242175: skip_wizard=True - assuming factory reset + the setup wizard were already completed manually (client-decided workflow, 2026-09-17 - the wizard cannot be automated via ADB at all). This skips the check that the device actually finished setup, so a device still mid-wizard when this runs will fail in confusing ways downstream rather than here.
2026-10-01 17:19:09,088 INFO     src.orchestration.slot: slot 353681650242175: connecting wifi
2026-10-01 17:19:09,121 WARNING  src.orchestration.slot: slot HQ634A0C5D: skip_wizard=True - assuming factory reset + the setup wizard were already completed manually (client-decided workflow, 2026-09-17 - the wizard cannot be automated via ADB at all). This skips the check that the device actually finished setup, so a device still mid-wizard when this runs will fail in confusing ways downstream rather than here.
2026-10-01 17:19:09,121 INFO     src.orchestration.slot: slot HQ634A0C5D: connecting wifi
2026-10-01 17:19:09,324 WARNING  src.orchestration.slot: slot HQ627C0472: skip_wizard=True - assuming factory reset + the setup wizard were already completed manually (client-decided workflow, 2026-09-17 - the wizard cannot be automated via ADB at all). This skips the check that the device actually finished setup, so a device still mid-wizard when this runs will fail in confusing ways downstream rather than here.
2026-10-01 17:19:09,324 INFO     src.orchestration.slot: slot HQ627C0472: connecting wifi
2026-10-01 17:19:09,513 INFO     src.phase2.wifi_setup: device 353681653208520: already connected to 'earth5_1'; nothing to do
2026-10-01 17:19:09,513 INFO     src.orchestration.slot: slot 353681653208520: configuring apn
2026-10-01 17:19:09,533 INFO     src.phase2.wifi_setup: device 353681650242175: already connected to 'earth5_1'; nothing to do
2026-10-01 17:19:09,534 INFO     src.orchestration.slot: slot 353681650242175: configuring apn
2026-10-01 17:19:09,534 INFO     src.phase2.wifi_setup: device HQ634A0C5D: already connected to 'earth5_1'; nothing to do
2026-10-01 17:19:09,534 INFO     src.orchestration.slot: slot HQ634A0C5D: configuring apn
2026-10-01 17:19:09,764 INFO     src.phase2.apn_setup: device HQ634A0C5D: apn: current input method is 'com.google.android.inputmethod.latin/com.android.inputmethod.latin.LatinIME'
2026-10-01 17:19:09,765 INFO     src.phase2.wifi_setup: device HQ627C0472: already connected to 'earth5_1'; nothing to do
2026-10-01 17:19:09,765 INFO     src.orchestration.slot: slot HQ627C0472: configuring apn
2026-10-01 17:19:10,006 INFO     src.phase2.apn_setup: device HQ627C0472: apn: current input method is 'com.google.android.inputmethod.latin/com.android.inputmethod.latin.LatinIME'
2026-10-01 17:19:10,256 INFO     src.phase2.apn_setup: device 353681653208520: apn: current input method is 'com.google.android.inputmethod.latin/com.android.inputmethod.latin.LatinIME'
2026-10-01 17:19:10,258 INFO     src.phase2.apn_setup: device 353681650242175: apn: current input method is 'com.google.android.inputmethod.latin/com.android.inputmethod.latin.LatinIME'
2026-10-01 17:19:10,694 ERROR    src.phase2.apn_setup: device HQ632M1012: apn menu navigation failed
2026-10-01 17:19:10,694 ERROR    src.orchestration.slot: slot HQ632M1012: run_init_apn failed: apn configuration failed
2026-10-01 17:19:10,694 WARNING  src.orchestration.scheduler: slot HQ632M1012: attempt failed (retry 2/3): apn configuration failed
2026-10-01 17:19:10,857 ERROR    src.phase2.apn_setup: device 352063910283409: apn menu navigation failed
2026-10-01 17:19:10,858 ERROR    src.orchestration.slot: slot 352063910283409: run_init_apn failed: apn configuration failed
2026-10-01 17:19:10,858 WARNING  src.orchestration.scheduler: slot 352063910283409: attempt failed (retry 2/3): apn configuration failed
2026-10-01 17:19:11,004 ERROR    src.phase2.apn_setup: device 353681650397052: apn menu navigation failed
2026-10-01 17:19:11,004 ERROR    src.orchestration.slot: slot 353681650397052: run_init_apn failed: apn configuration failed
2026-10-01 17:19:11,004 WARNING  src.orchestration.scheduler: slot 353681650397052: attempt failed (retry 2/3): apn configuration failed
2026-10-01 17:19:11,054 ERROR    src.phase2.apn_setup: device HQ627F2149: apn menu navigation failed
2026-10-01 17:19:11,054 ERROR    src.orchestration.slot: slot HQ627F2149: run_init_apn failed: apn configuration failed
2026-10-01 17:19:11,054 WARNING  src.orchestration.scheduler: slot HQ627F2149: attempt failed (retry 2/3): apn configuration failed
2026-10-01 17:19:11,898 WARNING  src.orchestration.slot: slot HQ632M1012: skip_wizard=True - assuming factory reset + the setup wizard were already completed manually (client-decided workflow, 2026-09-17 - the wizard cannot be automated via ADB at all). This skips the check that the device actually finished setup, so a device still mid-wizard when this runs will fail in confusing ways downstream rather than here.
2026-10-01 17:19:11,900 INFO     src.orchestration.slot: slot HQ632M1012: connecting wifi
2026-10-01 17:19:12,054 WARNING  src.orchestration.slot: slot 352063910283409: skip_wizard=True - assuming factory reset + the setup wizard were already completed manually (client-decided workflow, 2026-09-17 - the wizard cannot be automated via ADB at all). This skips the check that the device actually finished setup, so a device still mid-wizard when this runs will fail in confusing ways downstream rather than here.
2026-10-01 17:19:12,055 INFO     src.orchestration.slot: slot 352063910283409: connecting wifi
2026-10-01 17:19:12,180 WARNING  src.orchestration.slot: slot 353681650397052: skip_wizard=True - assuming factory reset + the setup wizard were already completed manually (client-decided workflow, 2026-09-17 - the wizard cannot be automated via ADB at all). This skips the check that the device actually finished setup, so a device still mid-wizard when this runs will fail in confusing ways downstream rather than here.
2026-10-01 17:19:12,181 INFO     src.orchestration.slot: slot 353681650397052: connecting wifi
2026-10-01 17:19:12,227 WARNING  src.orchestration.slot: slot HQ627F2149: skip_wizard=True - assuming factory reset + the setup wizard were already completed manually (client-decided workflow, 2026-09-17 - the wizard cannot be automated via ADB at all). This skips the check that the device actually finished setup, so a device still mid-wizard when this runs will fail in confusing ways downstream rather than here.
2026-10-01 17:19:12,227 INFO     src.orchestration.slot: slot HQ627F2149: connecting wifi
2026-10-01 17:19:12,396 INFO     src.phase2.wifi_setup: device HQ632M1012: already connected to 'earth5_1'; nothing to do
2026-10-01 17:19:12,396 INFO     src.orchestration.slot: slot HQ632M1012: configuring apn
2026-10-01 17:19:12,465 INFO     src.phase2.wifi_setup: device 352063910283409: already connected to 'earth5_1'; nothing to do
2026-10-01 17:19:12,466 INFO     src.orchestration.slot: slot 352063910283409: configuring apn
2026-10-01 17:19:12,626 ERROR    src.phase2.apn_setup: device HQ627C0472: apn menu navigation failed
2026-10-01 17:19:12,626 ERROR    src.orchestration.slot: slot HQ627C0472: run_init_apn failed: apn configuration failed
2026-10-01 17:19:12,627 WARNING  src.orchestration.scheduler: slot HQ627C0472: attempt failed (retry 2/3): apn configuration failed
2026-10-01 17:19:12,636 INFO     src.phase2.apn_setup: device HQ632M1012: apn: current input method is 'com.google.android.inputmethod.latin/com.android.inputmethod.latin.LatinIME'
2026-10-01 17:19:12,686 INFO     src.phase2.wifi_setup: device 353681650397052: already connected to 'earth5_1'; nothing to do
2026-10-01 17:19:12,687 INFO     src.orchestration.slot: slot 353681650397052: configuring apn
2026-10-01 17:19:12,711 INFO     src.phase2.wifi_setup: device HQ627F2149: already connected to 'earth5_1'; nothing to do
2026-10-01 17:19:12,712 INFO     src.orchestration.slot: slot HQ627F2149: configuring apn
2026-10-01 17:19:12,759 INFO     src.phase2.apn_setup: device 352063910283409: apn: current input method is 'com.google.android.inputmethod.latin/com.android.inputmethod.latin.LatinIME'
2026-10-01 17:19:13,015 ERROR    src.phase2.apn_setup: device 353681650242175: apn menu navigation failed
2026-10-01 17:19:13,015 ERROR    src.orchestration.slot: slot 353681650242175: run_init_apn failed: apn configuration failed
2026-10-01 17:19:13,015 WARNING  src.orchestration.scheduler: slot 353681650242175: attempt failed (retry 2/3): apn configuration failed
2026-10-01 17:19:13,059 ERROR    src.phase2.apn_setup: device 353681653208520: apn menu navigation failed
2026-10-01 17:19:13,060 ERROR    src.orchestration.slot: slot 353681653208520: run_init_apn failed: apn configuration failed
2026-10-01 17:19:13,060 WARNING  src.orchestration.scheduler: slot 353681653208520: attempt failed (retry 2/3): apn configuration failed
2026-10-01 17:19:13,093 INFO     src.phase2.apn_setup: device 353681650397052: apn: current input method is 'com.google.android.inputmethod.latin/com.android.inputmethod.latin.LatinIME'
2026-10-01 17:19:13,123 INFO     src.phase2.apn_setup: device HQ627F2149: apn: current input method is 'com.google.android.inputmethod.latin/com.android.inputmethod.latin.LatinIME'
2026-10-01 17:19:13,779 ERROR    src.phase2.apn_setup: device HQ634A0C5D: apn menu navigation failed
2026-10-01 17:19:13,780 ERROR    src.orchestration.slot: slot HQ634A0C5D: run_init_apn failed: apn configuration failed
2026-10-01 17:19:13,780 WARNING  src.orchestration.scheduler: slot HQ634A0C5D: attempt failed (retry 2/3): apn configuration failed
2026-10-01 17:19:13,842 WARNING  src.orchestration.slot: slot HQ627C0472: skip_wizard=True - assuming factory reset + the setup wizard were already completed manually (client-decided workflow, 2026-09-17 - the wizard cannot be automated via ADB at all). This skips the check that the device actually finished setup, so a device still mid-wizard when this runs will fail in confusing ways downstream rather than here.
2026-10-01 17:19:13,842 INFO     src.orchestration.slot: slot HQ627C0472: connecting wifi
2026-10-01 17:19:14,174 WARNING  src.orchestration.slot: slot 353681650242175: skip_wizard=True - assuming factory reset + the setup wizard were already completed manually (client-decided workflow, 2026-09-17 - the wizard cannot be automated via ADB at all). This skips the check that the device actually finished setup, so a device still mid-wizard when this runs will fail in confusing ways downstream rather than here.
2026-10-01 17:19:14,174 INFO     src.orchestration.slot: slot 353681650242175: connecting wifi
2026-10-01 17:19:14,201 WARNING  src.orchestration.slot: slot 353681653208520: skip_wizard=True - assuming factory reset + the setup wizard were already completed manually (client-decided workflow, 2026-09-17 - the wizard cannot be automated via ADB at all). This skips the check that the device actually finished setup, so a device still mid-wizard when this runs will fail in confusing ways downstream rather than here.
2026-10-01 17:19:14,202 INFO     src.orchestration.slot: slot 353681653208520: connecting wifi
2026-10-01 17:19:14,253 INFO     src.phase2.wifi_setup: device HQ627C0472: already connected to 'earth5_1'; nothing to do
2026-10-01 17:19:14,254 INFO     src.orchestration.slot: slot HQ627C0472: configuring apn
2026-10-01 17:19:14,478 INFO     src.phase2.apn_setup: device HQ627C0472: apn: current input method is 'com.google.android.inputmethod.latin/com.android.inputmethod.latin.LatinIME'
2026-10-01 17:19:14,558 INFO     src.phase2.wifi_setup: device 353681650242175: already connected to 'earth5_1'; nothing to do
2026-10-01 17:19:14,558 INFO     src.orchestration.slot: slot 353681650242175: configuring apn
2026-10-01 17:19:14,585 INFO     src.phase2.wifi_setup: device 353681653208520: already connected to 'earth5_1'; nothing to do
2026-10-01 17:19:14,585 INFO     src.orchestration.slot: slot 353681653208520: configuring apn
2026-10-01 17:19:14,980 WARNING  src.orchestration.slot: slot HQ634A0C5D: skip_wizard=True - assuming factory reset + the setup wizard were already completed manually (client-decided workflow, 2026-09-17 - the wizard cannot be automated via ADB at all). This skips the check that the device actually finished setup, so a device still mid-wizard when this runs will fail in confusing ways downstream rather than here.
2026-10-01 17:19:14,980 INFO     src.orchestration.slot: slot HQ634A0C5D: connecting wifi
2026-10-01 17:19:15,237 INFO     src.phase2.apn_setup: device 353681650242175: apn: current input method is 'com.google.android.inputmethod.latin/com.android.inputmethod.latin.LatinIME'
2026-10-01 17:19:15,244 ERROR    src.phase2.apn_setup: device HQ632M1012: apn menu navigation failed
2026-10-01 17:19:15,244 ERROR    src.orchestration.slot: slot HQ632M1012: run_init_apn failed: apn configuration failed
2026-10-01 17:19:15,244 WARNING  src.orchestration.scheduler: slot HQ632M1012: attempt failed (retry 3/3): apn configuration failed
2026-10-01 17:19:15,263 INFO     src.phase2.apn_setup: device 353681653208520: apn: current input method is 'com.google.android.inputmethod.latin/com.android.inputmethod.latin.LatinIME'
2026-10-01 17:19:15,361 INFO     src.phase2.wifi_setup: device HQ634A0C5D: already connected to 'earth5_1'; nothing to do
2026-10-01 17:19:15,361 INFO     src.orchestration.slot: slot HQ634A0C5D: configuring apn
2026-10-01 17:19:15,392 ERROR    src.phase2.apn_setup: device 352063910283409: apn menu navigation failed
2026-10-01 17:19:15,392 ERROR    src.orchestration.slot: slot 352063910283409: run_init_apn failed: apn configuration failed
2026-10-01 17:19:15,393 WARNING  src.orchestration.scheduler: slot 352063910283409: attempt failed (retry 3/3): apn configuration failed
2026-10-01 17:19:15,568 INFO     src.phase2.apn_setup: device HQ634A0C5D: apn: current input method is 'com.google.android.inputmethod.latin/com.android.inputmethod.latin.LatinIME'
2026-10-01 17:19:15,689 ERROR    src.phase2.apn_setup: device 353681650397052: apn menu navigation failed
2026-10-01 17:19:15,690 ERROR    src.orchestration.slot: slot 353681650397052: run_init_apn failed: apn configuration failed
2026-10-01 17:19:15,690 WARNING  src.orchestration.scheduler: slot 353681650397052: attempt failed (retry 3/3): apn configuration failed
2026-10-01 17:19:15,802 ERROR    src.phase2.apn_setup: device HQ627F2149: apn menu navigation failed
2026-10-01 17:19:15,802 ERROR    src.orchestration.slot: slot HQ627F2149: run_init_apn failed: apn configuration failed
2026-10-01 17:19:15,802 WARNING  src.orchestration.scheduler: slot HQ627F2149: attempt failed (retry 3/3): apn configuration failed
2026-10-01 17:19:16,425 WARNING  src.orchestration.slot: slot HQ632M1012: skip_wizard=True - assuming factory reset + the setup wizard were already completed manually (client-decided workflow, 2026-09-17 - the wizard cannot be automated via ADB at all). This skips the check that the device actually finished setup, so a device still mid-wizard when this runs will fail in confusing ways downstream rather than here.
2026-10-01 17:19:16,425 INFO     src.orchestration.slot: slot HQ632M1012: connecting wifi
2026-10-01 17:19:16,588 WARNING  src.orchestration.slot: slot 352063910283409: skip_wizard=True - assuming factory reset + the setup wizard were already completed manually (client-decided workflow, 2026-09-17 - the wizard cannot be automated via ADB at all). This skips the check that the device actually finished setup, so a device still mid-wizard when this runs will fail in confusing ways downstream rather than here.
2026-10-01 17:19:16,588 INFO     src.orchestration.slot: slot 352063910283409: connecting wifi
2026-10-01 17:19:16,870 WARNING  src.orchestration.slot: slot 353681650397052: skip_wizard=True - assuming factory reset + the setup wizard were already completed manually (client-decided workflow, 2026-09-17 - the wizard cannot be automated via ADB at all). This skips the check that the device actually finished setup, so a device still mid-wizard when this runs will fail in confusing ways downstream rather than here.
2026-10-01 17:19:16,871 INFO     src.orchestration.slot: slot 353681650397052: connecting wifi
2026-10-01 17:19:16,918 INFO     src.phase2.wifi_setup: device HQ632M1012: already connected to 'earth5_1'; nothing to do
2026-10-01 17:19:16,918 INFO     src.orchestration.slot: slot HQ632M1012: configuring apn
2026-10-01 17:19:16,999 WARNING  src.orchestration.slot: slot HQ627F2149: skip_wizard=True - assuming factory reset + the setup wizard were already completed manually (client-decided workflow, 2026-09-17 - the wizard cannot be automated via ADB at all). This skips the check that the device actually finished setup, so a device still mid-wizard when this runs will fail in confusing ways downstream rather than here.
2026-10-01 17:19:16,999 INFO     src.orchestration.slot: slot HQ627F2149: connecting wifi
2026-10-01 17:19:17,048 INFO     src.phase2.wifi_setup: device 352063910283409: already connected to 'earth5_1'; nothing to do
2026-10-01 17:19:17,048 INFO     src.orchestration.slot: slot 352063910283409: configuring apn
2026-10-01 17:19:17,189 INFO     src.phase2.apn_setup: device HQ632M1012: apn: current input method is 'com.google.android.inputmethod.latin/com.android.inputmethod.latin.LatinIME'
2026-10-01 17:19:17,374 INFO     src.phase2.apn_setup: device 352063910283409: apn: current input method is 'com.google.android.inputmethod.latin/com.android.inputmethod.latin.LatinIME'
2026-10-01 17:19:17,395 INFO     src.phase2.wifi_setup: device 353681650397052: already connected to 'earth5_1'; nothing to do
2026-10-01 17:19:17,396 INFO     src.orchestration.slot: slot 353681650397052: configuring apn
2026-10-01 17:19:17,504 INFO     src.phase2.wifi_setup: device HQ627F2149: already connected to 'earth5_1'; nothing to do
2026-10-01 17:19:17,504 INFO     src.orchestration.slot: slot HQ627F2149: configuring apn
2026-10-01 17:19:17,793 INFO     src.phase2.apn_setup: device 353681650397052: apn: current input method is 'com.google.android.inputmethod.latin/com.android.inputmethod.latin.LatinIME'
2026-10-01 17:19:17,871 ERROR    src.phase2.apn_setup: device HQ627C0472: apn menu navigation failed
2026-10-01 17:19:17,872 ERROR    src.orchestration.slot: slot HQ627C0472: run_init_apn failed: apn configuration failed
2026-10-01 17:19:17,872 WARNING  src.orchestration.scheduler: slot HQ627C0472: attempt failed (retry 3/3): apn configuration failed
2026-10-01 17:19:17,892 INFO     src.phase2.apn_setup: device HQ627F2149: apn: current input method is 'com.google.android.inputmethod.latin/com.android.inputmethod.latin.LatinIME'
2026-10-01 17:19:17,993 ERROR    src.phase2.apn_setup: device 353681653208520: apn menu navigation failed
2026-10-01 17:19:17,993 ERROR    src.orchestration.slot: slot 353681653208520: run_init_apn failed: apn configuration failed
2026-10-01 17:19:17,994 ERROR    src.phase2.apn_setup: device 353681650242175: apn menu navigation failed
2026-10-01 17:19:17,994 WARNING  src.orchestration.scheduler: slot 353681653208520: attempt failed (retry 3/3): apn configuration failed
2026-10-01 17:19:17,994 ERROR    src.orchestration.slot: slot 353681650242175: run_init_apn failed: apn configuration failed
2026-10-01 17:19:17,995 WARNING  src.orchestration.scheduler: slot 353681650242175: attempt failed (retry 3/3): apn configuration failed
2026-10-01 17:19:18,174 ERROR    src.phase2.apn_setup: device HQ634A0C5D: apn menu navigation failed
2026-10-01 17:19:18,174 ERROR    src.orchestration.slot: slot HQ634A0C5D: run_init_apn failed: apn configuration failed
2026-10-01 17:19:18,175 WARNING  src.orchestration.scheduler: slot HQ634A0C5D: attempt failed (retry 3/3): apn configuration failed
2026-10-01 17:19:19,094 WARNING  src.orchestration.slot: slot HQ627C0472: skip_wizard=True - assuming factory reset + the setup wizard were already completed manually (client-decided workflow, 2026-09-17 - the wizard cannot be automated via ADB at all). This skips the check that the device actually finished setup, so a device still mid-wizard when this runs will fail in confusing ways downstream rather than here.
2026-10-01 17:19:19,094 INFO     src.orchestration.slot: slot HQ627C0472: connecting wifi
2026-10-01 17:19:19,176 WARNING  src.orchestration.slot: slot 353681650242175: skip_wizard=True - assuming factory reset + the setup wizard were already completed manually (client-decided workflow, 2026-09-17 - the wizard cannot be automated via ADB at all). This skips the check that the device actually finished setup, so a device still mid-wizard when this runs will fail in confusing ways downstream rather than here.
2026-10-01 17:19:19,177 INFO     src.orchestration.slot: slot 353681650242175: connecting wifi
2026-10-01 17:19:19,184 WARNING  src.orchestration.slot: slot 353681653208520: skip_wizard=True - assuming factory reset + the setup wizard were already completed manually (client-decided workflow, 2026-09-17 - the wizard cannot be automated via ADB at all). This skips the check that the device actually finished setup, so a device still mid-wizard when this runs will fail in confusing ways downstream rather than here.
2026-10-01 17:19:19,185 INFO     src.orchestration.slot: slot 353681653208520: connecting wifi
2026-10-01 17:19:19,367 WARNING  src.orchestration.slot: slot HQ634A0C5D: skip_wizard=True - assuming factory reset + the setup wizard were already completed manually (client-decided workflow, 2026-09-17 - the wizard cannot be automated via ADB at all). This skips the check that the device actually finished setup, so a device still mid-wizard when this runs will fail in confusing ways downstream rather than here.
2026-10-01 17:19:19,367 INFO     src.orchestration.slot: slot HQ634A0C5D: connecting wifi
2026-10-01 17:19:19,490 INFO     src.phase2.wifi_setup: device HQ627C0472: already connected to 'earth5_1'; nothing to do
2026-10-01 17:19:19,490 INFO     src.orchestration.slot: slot HQ627C0472: configuring apn
2026-10-01 17:19:19,651 INFO     src.phase2.wifi_setup: device 353681653208520: already connected to 'earth5_1'; nothing to do
2026-10-01 17:19:19,652 INFO     src.orchestration.slot: slot 353681653208520: configuring apn
2026-10-01 17:19:19,658 INFO     src.phase2.wifi_setup: device 353681650242175: already connected to 'earth5_1'; nothing to do
2026-10-01 17:19:19,658 INFO     src.orchestration.slot: slot 353681650242175: configuring apn
2026-10-01 17:19:19,704 INFO     src.phase2.apn_setup: device HQ627C0472: apn: current input method is 'com.google.android.inputmethod.latin/com.android.inputmethod.latin.LatinIME'
2026-10-01 17:19:19,789 ERROR    src.phase2.apn_setup: device HQ632M1012: apn menu navigation failed
2026-10-01 17:19:19,792 INFO     src.phase2.wifi_setup: device HQ634A0C5D: already connected to 'earth5_1'; nothing to do
2026-10-01 17:19:19,792 ERROR    src.orchestration.slot: slot HQ632M1012: run_init_apn failed: apn configuration failed
2026-10-01 17:19:19,794 ERROR    src.orchestration.scheduler: slot HQ632M1012: exceeded max_retry (3); escalating. last_error=apn configuration failed
2026-10-01 17:19:19,793 INFO     src.orchestration.slot: slot HQ634A0C5D: configuring apn
2026-10-01 17:19:20,027 INFO     src.phase2.apn_setup: device HQ634A0C5D: apn: current input method is 'com.google.android.inputmethod.latin/com.android.inputmethod.latin.LatinIME'
2026-10-01 17:19:20,040 ERROR    src.phase2.apn_setup: device 352063910283409: apn menu navigation failed
2026-10-01 17:19:20,040 ERROR    src.orchestration.slot: slot 352063910283409: run_init_apn failed: apn configuration failed
2026-10-01 17:19:20,040 ERROR    src.orchestration.scheduler: slot 352063910283409: exceeded max_retry (3); escalating. last_error=apn configuration failed
2026-10-01 17:19:20,303 INFO     src.phase2.apn_setup: device 353681653208520: apn: current input method is 'com.google.android.inputmethod.latin/com.android.inputmethod.latin.LatinIME'
2026-10-01 17:19:20,318 INFO     src.phase2.apn_setup: device 353681650242175: apn: current input method is 'com.google.android.inputmethod.latin/com.android.inputmethod.latin.LatinIME'
2026-10-01 17:19:20,379 ERROR    src.phase2.apn_setup: device 353681650397052: apn menu navigation failed
2026-10-01 17:19:20,380 ERROR    src.orchestration.slot: slot 353681650397052: run_init_apn failed: apn configuration failed
2026-10-01 17:19:20,380 ERROR    src.orchestration.scheduler: slot 353681650397052: exceeded max_retry (3); escalating. last_error=apn configuration failed
2026-10-01 17:19:20,621 ERROR    src.phase2.apn_setup: device HQ627F2149: apn menu navigation failed
2026-10-01 17:19:20,621 ERROR    src.orchestration.slot: slot HQ627F2149: run_init_apn failed: apn configuration failed
2026-10-01 17:19:20,622 ERROR    src.orchestration.scheduler: slot HQ627F2149: exceeded max_retry (3); escalating. last_error=apn configuration failed
2026-10-01 17:19:22,288 ERROR    src.phase2.apn_setup: device HQ627C0472: apn menu navigation failed
2026-10-01 17:19:22,288 ERROR    src.orchestration.slot: slot HQ627C0472: run_init_apn failed: apn configuration failed
2026-10-01 17:19:22,288 ERROR    src.orchestration.scheduler: slot HQ627C0472: exceeded max_retry (3); escalating. last_error=apn configuration failed
2026-10-01 17:19:22,598 ERROR    src.phase2.apn_setup: device HQ634A0C5D: apn menu navigation failed
2026-10-01 17:19:22,598 ERROR    src.orchestration.slot: slot HQ634A0C5D: run_init_apn failed: apn configuration failed
2026-10-01 17:19:22,598 ERROR    src.orchestration.scheduler: slot HQ634A0C5D: exceeded max_retry (3); escalating. last_error=apn configuration failed
2026-10-01 17:19:22,897 ERROR    src.phase2.apn_setup: device 353681653208520: apn menu navigation failed
2026-10-01 17:19:22,897 ERROR    src.orchestration.slot: slot 353681653208520: run_init_apn failed: apn configuration failed
2026-10-01 17:19:22,897 ERROR    src.orchestration.scheduler: slot 353681653208520: exceeded max_retry (3); escalating. last_error=apn configuration failed
2026-10-01 17:19:22,954 ERROR    src.phase2.apn_setup: device 353681650242175: apn menu navigation failed
2026-10-01 17:19:22,955 ERROR    src.orchestration.slot: slot 353681650242175: run_init_apn failed: apn configuration failed
2026-10-01 17:19:22,955 ERROR    src.orchestration.scheduler: slot 353681650242175: exceeded max_retry (3); escalating. last_error=apn configuration failed
2026-10-01 17:19:26,042 WARNING  src.orchestration.scheduler: slot 352063910272451: attempt failed (retry 1/3): refusing to tap: current screen contains the USB-debugging disable notification (matched '無効にするにはここをタップ' in the dump). A mistargeted tap here would disable ADB and strand the device. Clear the notification shade before retrying — see docs/record.md, 'UI hazard' section.
2026-10-01 17:19:27,077 WARNING  src.orchestration.scheduler: slot HQ63460161: attempt failed (retry 1/3): refusing to tap: current screen contains the USB-debugging disable notification (matched '無効にするにはここをタップ' in the dump). A mistargeted tap here would disable ADB and strand the device. Clear the notification shade before retrying — see docs/record.md, 'UI hazard' section.
2026-10-01 17:19:27,271 WARNING  src.orchestration.slot: slot 352063910272451: skip_wizard=True - assuming factory reset + the setup wizard were already completed manually (client-decided workflow, 2026-09-17 - the wizard cannot be automated via ADB at all). This skips the check that the device actually finished setup, so a device still mid-wizard when this runs will fail in confusing ways downstream rather than here.
2026-10-01 17:19:27,272 INFO     src.orchestration.slot: slot 352063910272451: connecting wifi
2026-10-01 17:19:27,723 INFO     src.phase2.wifi_setup: device 352063910272451: already connected to 'earth5_1'; nothing to do
2026-10-01 17:19:27,723 INFO     src.orchestration.slot: slot 352063910272451: configuring apn
2026-10-01 17:19:27,958 INFO     src.phase2.apn_setup: device 352063910272451: apn: current input method is 'com.google.android.inputmethod.latin/com.android.inputmethod.latin.LatinIME'
2026-10-01 17:19:28,329 WARNING  src.orchestration.slot: slot HQ63460161: skip_wizard=True - assuming factory reset + the setup wizard were already completed manually (client-decided workflow, 2026-09-17 - the wizard cannot be automated via ADB at all). This skips the check that the device actually finished setup, so a device still mid-wizard when this runs will fail in confusing ways downstream rather than here.
2026-10-01 17:19:28,329 INFO     src.orchestration.slot: slot HQ63460161: connecting wifi
2026-10-01 17:19:28,692 WARNING  src.orchestration.scheduler: slot HQ62540758: attempt failed (retry 1/3): refusing to tap: current screen contains the USB-debugging disable notification (matched '無効にするにはここをタップ' in the dump). A mistargeted tap here would disable ADB and strand the device. Clear the notification shade before retrying — see docs/record.md, 'UI hazard' section.
2026-10-01 17:19:28,820 INFO     src.phase2.wifi_setup: device HQ63460161: already connected to 'earth5_1'; nothing to do
2026-10-01 17:19:28,820 INFO     src.orchestration.slot: slot HQ63460161: configuring apn
2026-10-01 17:19:29,044 INFO     src.phase2.apn_setup: device HQ63460161: apn: current input method is 'com.google.android.inputmethod.latin/com.android.inputmethod.latin.LatinIME'
2026-10-01 17:19:29,942 WARNING  src.orchestration.slot: slot HQ62540758: skip_wizard=True - assuming factory reset + the setup wizard were already completed manually (client-decided workflow, 2026-09-17 - the wizard cannot be automated via ADB at all). This skips the check that the device actually finished setup, so a device still mid-wizard when this runs will fail in confusing ways downstream rather than here.
2026-10-01 17:19:29,943 INFO     src.orchestration.slot: slot HQ62540758: connecting wifi
2026-10-01 17:19:30,537 INFO     src.phase2.wifi_setup: device HQ62540758: shell wifi connect-network unavailable/failed: adb command failed: 'shell cmd wifi connect-network "earth5_1" wpa2 "earth5_1"' - Exception occurred while executing 'connect-network':
java.lang.SecurityException: Uid 2000 does not have access to connect-network wifi command (or such command doesn't exist)
	at com.android.server.wifi.WifiShellCommand.onCommand(WifiShellCommand.java:483)
	at com.android.wifi.x.com.android.modules.utils.BasicShellCommandHandler.exec(BasicShellCommandHandler.java:97)
	at com.android.server.wifi.WifiServiceImpl.handleShellCommand(WifiServiceImpl.java:5318)
	at android.os.Binder.onShellCommand(Binder.java:1121)
	at android.os.Binder.shellCommand(Binder.java:1068)
	at android.os.Binder.onTransact(Binder.java:888)
	at android.net.wifi.IWifiManager$Stub.onTransact(IWifiManager.java:3247)
	at android.os.Binder.execTransactInternal(Binder.java:1344)
	at android.os.Binder.execTransact(Binder.java:1275)
2026-10-01 17:19:30,570 ERROR    src.orchestration.slot: slot 352063910272451: run_init_apn failed: refusing to tap: current screen contains the USB-debugging disable notification (matched '無効にするにはここをタップ' in the dump). A mistargeted tap here would disable ADB and strand the device. Clear the notification shade before retrying — see docs/record.md, 'UI hazard' section.
2026-10-01 17:19:30,570 WARNING  src.orchestration.slot: slot 352063910272451: waiting 20s before the next retry to give the transient USB-debugging notification a real chance to clear (real finding, 2026-09-30/10-01 large-batch runs — see slot.py's _HAZARD_RECOVERY_WAIT_SECONDS comment; unconfirmed whether this wait alone is enough)
2026-10-01 17:19:32,378 ERROR    src.orchestration.slot: slot HQ63460161: run_init_apn failed: refusing to tap: current screen contains the USB-debugging disable notification (matched '無効にするにはここをタップ' in the dump). A mistargeted tap here would disable ADB and strand the device. Clear the notification shade before retrying — see docs/record.md, 'UI hazard' section.
2026-10-01 17:19:32,379 WARNING  src.orchestration.slot: slot HQ63460161: waiting 20s before the next retry to give the transient USB-debugging notification a real chance to clear (real finding, 2026-09-30/10-01 large-batch runs — see slot.py's _HAZARD_RECOVERY_WAIT_SECONDS comment; unconfirmed whether this wait alone is enough)
2026-10-01 17:19:33,236 INFO     src.phase2.wifi_setup: device HQ62540758: WIFI_SETTINGS intent didn't land on a recognizable Wi-Fi screen; falling back to menu_path navigation
2026-10-01 17:19:35,880 ERROR    src.orchestration.slot: slot HQ62540758: run_init_apn failed: refusing to tap: current screen contains the USB-debugging disable notification (matched '無効にするにはここをタップ' in the dump). A mistargeted tap here would disable ADB and strand the device. Clear the notification shade before retrying — see docs/record.md, 'UI hazard' section.
2026-10-01 17:19:35,880 WARNING  src.orchestration.slot: slot HQ62540758: waiting 20s before the next retry to give the transient USB-debugging notification a real chance to clear (real finding, 2026-09-30/10-01 large-batch runs — see slot.py's _HAZARD_RECOVERY_WAIT_SECONDS comment; unconfirmed whether this wait alone is enough)
2026-10-01 17:19:50,571 WARNING  src.orchestration.scheduler: slot 352063910272451: attempt failed (retry 2/3): refusing to tap: current screen contains the USB-debugging disable notification (matched '無効にするにはここをタップ' in the dump). A mistargeted tap here would disable ADB and strand the device. Clear the notification shade before retrying — see docs/record.md, 'UI hazard' section.
2026-10-01 17:19:51,795 WARNING  src.orchestration.slot: slot 352063910272451: skip_wizard=True - assuming factory reset + the setup wizard were already completed manually (client-decided workflow, 2026-09-17 - the wizard cannot be automated via ADB at all). This skips the check that the device actually finished setup, so a device still mid-wizard when this runs will fail in confusing ways downstream rather than here.
2026-10-01 17:19:51,795 INFO     src.orchestration.slot: slot 352063910272451: connecting wifi
2026-10-01 17:19:52,252 INFO     src.phase2.wifi_setup: device 352063910272451: already connected to 'earth5_1'; nothing to do
2026-10-01 17:19:52,253 INFO     src.orchestration.slot: slot 352063910272451: configuring apn
2026-10-01 17:19:52,389 WARNING  src.orchestration.scheduler: slot HQ63460161: attempt failed (retry 2/3): refusing to tap: current screen contains the USB-debugging disable notification (matched '無効にするにはここをタップ' in the dump). A mistargeted tap here would disable ADB and strand the device. Clear the notification shade before retrying — see docs/record.md, 'UI hazard' section.
2026-10-01 17:19:52,506 INFO     src.phase2.apn_setup: device 352063910272451: apn: current input method is 'com.google.android.inputmethod.latin/com.android.inputmethod.latin.LatinIME'
2026-10-01 17:19:53,633 WARNING  src.orchestration.slot: slot HQ63460161: skip_wizard=True - assuming factory reset + the setup wizard were already completed manually (client-decided workflow, 2026-09-17 - the wizard cannot be automated via ADB at all). This skips the check that the device actually finished setup, so a device still mid-wizard when this runs will fail in confusing ways downstream rather than here.
2026-10-01 17:19:53,634 INFO     src.orchestration.slot: slot HQ63460161: connecting wifi
2026-10-01 17:19:54,149 INFO     src.phase2.wifi_setup: device HQ63460161: already connected to 'earth5_1'; nothing to do
2026-10-01 17:19:54,150 INFO     src.orchestration.slot: slot HQ63460161: configuring apn
2026-10-01 17:19:54,398 INFO     src.phase2.apn_setup: device HQ63460161: apn: current input method is 'com.google.android.inputmethod.latin/com.android.inputmethod.latin.LatinIME'
2026-10-01 17:19:55,175 ERROR    src.orchestration.slot: slot 352063910272451: run_init_apn failed: refusing to tap: current screen contains the USB-debugging disable notification (matched '無効にするにはここをタップ' in the dump). A mistargeted tap here would disable ADB and strand the device. Clear the notification shade before retrying — see docs/record.md, 'UI hazard' section.
2026-10-01 17:19:55,175 WARNING  src.orchestration.slot: slot 352063910272451: waiting 20s before the next retry to give the transient USB-debugging notification a real chance to clear (real finding, 2026-09-30/10-01 large-batch runs — see slot.py's _HAZARD_RECOVERY_WAIT_SECONDS comment; unconfirmed whether this wait alone is enough)
2026-10-01 17:19:55,882 WARNING  src.orchestration.scheduler: slot HQ62540758: attempt failed (retry 2/3): refusing to tap: current screen contains the USB-debugging disable notification (matched '無効にするにはここをタップ' in the dump). A mistargeted tap here would disable ADB and strand the device. Clear the notification shade before retrying — see docs/record.md, 'UI hazard' section.
2026-10-01 17:19:57,127 WARNING  src.orchestration.slot: slot HQ62540758: skip_wizard=True - assuming factory reset + the setup wizard were already completed manually (client-decided workflow, 2026-09-17 - the wizard cannot be automated via ADB at all). This skips the check that the device actually finished setup, so a device still mid-wizard when this runs will fail in confusing ways downstream rather than here.
2026-10-01 17:19:57,128 INFO     src.orchestration.slot: slot HQ62540758: connecting wifi
2026-10-01 17:19:57,741 INFO     src.phase2.wifi_setup: device HQ62540758: shell wifi connect-network unavailable/failed: adb command failed: 'shell cmd wifi connect-network "earth5_1" wpa2 "earth5_1"' - Exception occurred while executing 'connect-network':
java.lang.SecurityException: Uid 2000 does not have access to connect-network wifi command (or such command doesn't exist)
	at com.android.server.wifi.WifiShellCommand.onCommand(WifiShellCommand.java:483)
	at com.android.wifi.x.com.android.modules.utils.BasicShellCommandHandler.exec(BasicShellCommandHandler.java:97)
	at com.android.server.wifi.WifiServiceImpl.handleShellCommand(WifiServiceImpl.java:5318)
	at android.os.Binder.onShellCommand(Binder.java:1121)
	at android.os.Binder.shellCommand(Binder.java:1068)
	at android.os.Binder.onTransact(Binder.java:888)
	at android.net.wifi.IWifiManager$Stub.onTransact(IWifiManager.java:3247)
	at android.os.Binder.execTransactInternal(Binder.java:1344)
	at android.os.Binder.execTransact(Binder.java:1275)
2026-10-01 17:19:57,854 ERROR    src.orchestration.slot: slot HQ63460161: run_init_apn failed: refusing to tap: current screen contains the USB-debugging disable notification (matched '無効にするにはここをタップ' in the dump). A mistargeted tap here would disable ADB and strand the device. Clear the notification shade before retrying — see docs/record.md, 'UI hazard' section.
2026-10-01 17:19:57,854 WARNING  src.orchestration.slot: slot HQ63460161: waiting 20s before the next retry to give the transient USB-debugging notification a real chance to clear (real finding, 2026-09-30/10-01 large-batch runs — see slot.py's _HAZARD_RECOVERY_WAIT_SECONDS comment; unconfirmed whether this wait alone is enough)
2026-10-01 17:20:00,409 INFO     src.phase2.wifi_setup: device HQ62540758: WIFI_SETTINGS intent didn't land on a recognizable Wi-Fi screen; falling back to menu_path navigation
2026-10-01 17:20:03,770 ERROR    src.orchestration.slot: slot HQ62540758: run_init_apn failed: refusing to tap: current screen contains the USB-debugging disable notification (matched '無効にするにはここをタップ' in the dump). A mistargeted tap here would disable ADB and strand the device. Clear the notification shade before retrying — see docs/record.md, 'UI hazard' section.
2026-10-01 17:20:03,770 WARNING  src.orchestration.slot: slot HQ62540758: waiting 20s before the next retry to give the transient USB-debugging notification a real chance to clear (real finding, 2026-09-30/10-01 large-batch runs — see slot.py's _HAZARD_RECOVERY_WAIT_SECONDS comment; unconfirmed whether this wait alone is enough)
2026-10-01 17:20:15,176 WARNING  src.orchestration.scheduler: slot 352063910272451: attempt failed (retry 3/3): refusing to tap: current screen contains the USB-debugging disable notification (matched '無効にするにはここをタップ' in the dump). A mistargeted tap here would disable ADB and strand the device. Clear the notification shade before retrying — see docs/record.md, 'UI hazard' section.
2026-10-01 17:20:16,377 WARNING  src.orchestration.slot: slot 352063910272451: skip_wizard=True - assuming factory reset + the setup wizard were already completed manually (client-decided workflow, 2026-09-17 - the wizard cannot be automated via ADB at all). This skips the check that the device actually finished setup, so a device still mid-wizard when this runs will fail in confusing ways downstream rather than here.
2026-10-01 17:20:16,377 INFO     src.orchestration.slot: slot 352063910272451: connecting wifi
2026-10-01 17:20:16,837 INFO     src.phase2.wifi_setup: device 352063910272451: already connected to 'earth5_1'; nothing to do
2026-10-01 17:20:16,837 INFO     src.orchestration.slot: slot 352063910272451: configuring apn
2026-10-01 17:20:17,090 INFO     src.phase2.apn_setup: device 352063910272451: apn: current input method is 'com.google.android.inputmethod.latin/com.android.inputmethod.latin.LatinIME'
2026-10-01 17:20:17,855 WARNING  src.orchestration.scheduler: slot HQ63460161: attempt failed (retry 3/3): refusing to tap: current screen contains the USB-debugging disable notification (matched '無効にするにはここをタップ' in the dump). A mistargeted tap here would disable ADB and strand the device. Clear the notification shade before retrying — see docs/record.md, 'UI hazard' section.
2026-10-01 17:20:19,113 WARNING  src.orchestration.slot: slot HQ63460161: skip_wizard=True - assuming factory reset + the setup wizard were already completed manually (client-decided workflow, 2026-09-17 - the wizard cannot be automated via ADB at all). This skips the check that the device actually finished setup, so a device still mid-wizard when this runs will fail in confusing ways downstream rather than here.
2026-10-01 17:20:19,113 INFO     src.orchestration.slot: slot HQ63460161: connecting wifi
2026-10-01 17:20:19,588 INFO     src.phase2.wifi_setup: device HQ63460161: already connected to 'earth5_1'; nothing to do
2026-10-01 17:20:19,588 INFO     src.orchestration.slot: slot HQ63460161: configuring apn
2026-10-01 17:20:19,739 ERROR    src.orchestration.slot: slot 352063910272451: run_init_apn failed: refusing to tap: current screen contains the USB-debugging disable notification (matched '無効にするにはここをタップ' in the dump). A mistargeted tap here would disable ADB and strand the device. Clear the notification shade before retrying — see docs/record.md, 'UI hazard' section.
2026-10-01 17:20:19,739 ERROR    src.orchestration.scheduler: slot 352063910272451: exceeded max_retry (3); escalating. last_error=refusing to tap: current screen contains the USB-debugging disable notification (matched '無効にするにはここをタップ' in the dump). A mistargeted tap here would disable ADB and strand the device. Clear the notification shade before retrying — see docs/record.md, 'UI hazard' section.
2026-10-01 17:20:19,829 INFO     src.phase2.apn_setup: device HQ63460161: apn: current input method is 'com.google.android.inputmethod.latin/com.android.inputmethod.latin.LatinIME'
2026-10-01 17:20:23,082 ERROR    src.orchestration.slot: slot HQ63460161: run_init_apn failed: refusing to tap: current screen contains the USB-debugging disable notification (matched '無効にするにはここをタップ' in the dump). A mistargeted tap here would disable ADB and strand the device. Clear the notification shade before retrying — see docs/record.md, 'UI hazard' section.
2026-10-01 17:20:23,082 ERROR    src.orchestration.scheduler: slot HQ63460161: exceeded max_retry (3); escalating. last_error=refusing to tap: current screen contains the USB-debugging disable notification (matched '無効にするにはここをタップ' in the dump). A mistargeted tap here would disable ADB and strand the device. Clear the notification shade before retrying — see docs/record.md, 'UI hazard' section.
2026-10-01 17:20:23,770 WARNING  src.orchestration.scheduler: slot HQ62540758: attempt failed (retry 3/3): refusing to tap: current screen contains the USB-debugging disable notification (matched '無効にするにはここをタップ' in the dump). A mistargeted tap here would disable ADB and strand the device. Clear the notification shade before retrying — see docs/record.md, 'UI hazard' section.
2026-10-01 17:20:24,991 WARNING  src.orchestration.slot: slot HQ62540758: skip_wizard=True - assuming factory reset + the setup wizard were already completed manually (client-decided workflow, 2026-09-17 - the wizard cannot be automated via ADB at all). This skips the check that the device actually finished setup, so a device still mid-wizard when this runs will fail in confusing ways downstream rather than here.
2026-10-01 17:20:24,991 INFO     src.orchestration.slot: slot HQ62540758: connecting wifi
2026-10-01 17:20:25,599 INFO     src.phase2.wifi_setup: device HQ62540758: shell wifi connect-network unavailable/failed: adb command failed: 'shell cmd wifi connect-network "earth5_1" wpa2 "earth5_1"' - Exception occurred while executing 'connect-network':
java.lang.SecurityException: Uid 2000 does not have access to connect-network wifi command (or such command doesn't exist)
	at com.android.server.wifi.WifiShellCommand.onCommand(WifiShellCommand.java:483)
	at com.android.wifi.x.com.android.modules.utils.BasicShellCommandHandler.exec(BasicShellCommandHandler.java:97)
	at com.android.server.wifi.WifiServiceImpl.handleShellCommand(WifiServiceImpl.java:5318)
	at android.os.Binder.onShellCommand(Binder.java:1121)
	at android.os.Binder.shellCommand(Binder.java:1068)
	at android.os.Binder.onTransact(Binder.java:888)
	at android.net.wifi.IWifiManager$Stub.onTransact(IWifiManager.java:3247)
	at android.os.Binder.execTransactInternal(Binder.java:1344)
	at android.os.Binder.execTransact(Binder.java:1275)
2026-10-01 17:20:28,314 INFO     src.phase2.wifi_setup: device HQ62540758: WIFI_SETTINGS intent didn't land on a recognizable Wi-Fi screen; falling back to menu_path navigation
2026-10-01 17:20:30,893 ERROR    src.orchestration.slot: slot HQ62540758: run_init_apn failed: refusing to tap: current screen contains the USB-debugging disable notification (matched '無効にするにはここをタップ' in the dump). A mistargeted tap here would disable ADB and strand the device. Clear the notification shade before retrying — see docs/record.md, 'UI hazard' section.
2026-10-01 17:20:30,893 ERROR    src.orchestration.scheduler: slot HQ62540758: exceeded max_retry (3); escalating. last_error=refusing to tap: current screen contains the USB-debugging disable notification (matched '無効にするにはここをタップ' in the dump). A mistargeted tap here would disable ADB and strand the device. Clear the notification shade before retrying — see docs/record.md, 'UI hazard' section.
2026-10-01 17:20:30,894 ERROR    main_phase2: FAILED: device HQ632M1012 ended in state ESCALATED (last_error=apn configuration failed)
2026-10-01 17:20:30,894 ERROR    main_phase2: FAILED: device 352063910283409 ended in state ESCALATED (last_error=apn configuration failed)
2026-10-01 17:20:30,894 ERROR    main_phase2: FAILED: device 353681650397052 ended in state ESCALATED (last_error=apn configuration failed)
2026-10-01 17:20:30,894 ERROR    main_phase2: FAILED: device HQ627F2149 ended in state ESCALATED (last_error=apn configuration failed)
2026-10-01 17:20:30,894 ERROR    main_phase2: FAILED: device HQ627C0472 ended in state ESCALATED (last_error=apn configuration failed)
2026-10-01 17:20:30,894 ERROR    main_phase2: FAILED: device HQ634A0C5D ended in state ESCALATED (last_error=apn configuration failed)
2026-10-01 17:20:30,894 ERROR    main_phase2: FAILED: device 353681653208520 ended in state ESCALATED (last_error=apn configuration failed)
2026-10-01 17:20:30,894 ERROR    main_phase2: FAILED: device 353681650242175 ended in state ESCALATED (last_error=apn configuration failed)
2026-10-01 17:20:30,894 ERROR    main_phase2: FAILED: device 352063910272451 ended in state ESCALATED (last_error=refusing to tap: current screen contains the USB-debugging disable notification (matched '無効にするにはここをタップ' in the dump). A mistargeted tap here would disable ADB and strand the device. Clear the notification shade before retrying — see docs/record.md, 'UI hazard' section.)
2026-10-01 17:20:30,894 ERROR    main_phase2: FAILED: device HQ63460161 ended in state ESCALATED (last_error=refusing to tap: current screen contains the USB-debugging disable notification (matched '無効にするにはここをタップ' in the dump). A mistargeted tap here would disable ADB and strand the device. Clear the notification shade before retrying — see docs/record.md, 'UI hazard' section.)
2026-10-01 17:20:30,894 ERROR    main_phase2: FAILED: device HQ62540758 ended in state ESCALATED (last_error=refusing to tap: current screen contains the USB-debugging disable notification (matched '無効にするにはここをタップ' in the dump). A mistargeted tap here would disable ADB and strand the device. Clear the notification shade before retrying — see docs/record.md, 'UI hazard' section.)
2026-10-01 17:39:44,059 INFO     main_phase2: loading model profiles from C:\code\android-system\device-redeployment\config\models
2026-10-01 17:39:44,104 INFO     main_phase2: no --device/--serial given — auto-detecting connected devices via 'C:\platform-tools\adb.exe devices' + getprop ro.product.model
2026-10-01 17:39:44,230 INFO     main_phase2: device 352063910272451: auto-detected as SHG10 (getprop ro.product.model = 'SHG10')
2026-10-01 17:39:44,329 INFO     main_phase2: device 352063910283409: auto-detected as SHG10 (getprop ro.product.model = 'SHG10')
2026-10-01 17:39:44,428 INFO     main_phase2: device 353681650242175: auto-detected as SHG07 (getprop ro.product.model = 'SHG07')
2026-10-01 17:39:44,527 INFO     main_phase2: device 353681650397052: auto-detected as SHG07 (getprop ro.product.model = 'SHG07')
2026-10-01 17:39:44,591 INFO     main_phase2: device 353681653208520: auto-detected as SHG07 (getprop ro.product.model = 'SHG07')
2026-10-01 17:39:44,674 ERROR    main_phase2: device 356659111963982: could not match to a known model profile (getprop ro.product.model = 'SHG05'). Known model_numbers: ['SHG07', 'SHG10', 'SOG07', 'SOG08']. Run it explicitly with --serial 356659111963982 --model <MODEL> once you know which profile it is — and if 'SHG05' is that model's real identity string, add it to that model's config/models/*.yaml under adb_identifiers so auto-detection recognizes it next time.
2026-10-01 17:39:44,770 ERROR    main_phase2: device 357015386489626: could not match to a known model profile (getprop ro.product.model = 'SH-53C'). Known model_numbers: ['SHG07', 'SHG10', 'SOG07', 'SOG08']. Run it explicitly with --serial 357015386489626 --model <MODEL> once you know which profile it is — and if 'SH-53C' is that model's real identity string, add it to that model's config/models/*.yaml under adb_identifiers so auto-detection recognizes it next time.
2026-10-01 17:39:44,860 INFO     main_phase2: device HQ62540758: auto-detected as SOG08 (getprop ro.product.model = 'SOG08')
2026-10-01 17:39:44,959 INFO     main_phase2: device HQ627C0472: auto-detected as SOG08 (getprop ro.product.model = 'SOG08')
2026-10-01 17:39:45,056 INFO     main_phase2: device HQ627F2149: auto-detected as SOG07 (getprop ro.product.model = 'SOG07')
2026-10-01 17:39:45,155 INFO     main_phase2: device HQ632M1012: auto-detected as SOG07 (getprop ro.product.model = 'SOG07')
2026-10-01 17:39:45,259 INFO     main_phase2: device HQ63460161: auto-detected as SOG08 (getprop ro.product.model = 'SOG08')
2026-10-01 17:39:45,338 INFO     main_phase2: device HQ634A0C5D: auto-detected as SOG08 (getprop ro.product.model = 'SOG08')
2026-10-01 17:39:45,431 ERROR    main_phase2: device HQ63622931: could not match to a known model profile (getprop ro.product.model = 'XQ-DC44'). Known model_numbers: ['SHG07', 'SHG10', 'SOG07', 'SOG08']. Run it explicitly with --serial HQ63622931 --model <MODEL> once you know which profile it is — and if 'XQ-DC44' is that model's real identity string, add it to that model's config/models/*.yaml under adb_identifiers so auto-detection recognizes it next time.
2026-10-01 17:39:45,432 INFO     main_phase2: auto-detected 11 device(s): 352063910272451:SHG10, 352063910283409:SHG10, 353681650242175:SHG07, 353681650397052:SHG07, 353681653208520:SHG07, HQ62540758:SOG08, HQ627C0472:SOG08, HQ627F2149:SOG07, HQ632M1012:SOG07, HQ63460161:SOG08, HQ634A0C5D:SOG08
2026-10-01 17:39:45,432 INFO     main_phase2: running 11 devices in parallel: 352063910272451:SHG10, 352063910283409:SHG10, 353681650242175:SHG07, 353681650397052:SHG07, 353681653208520:SHG07, HQ62540758:SOG08, HQ627C0472:SOG08, HQ627F2149:SOG07, HQ632M1012:SOG07, HQ63460161:SOG08, HQ634A0C5D:SOG08
2026-10-01 17:39:45,436 INFO     main_phase2: starting Phase 2 run: serial=352063910272451 model=SHG10 (AQUOS sense7) [skip_wizard]
2026-10-01 17:39:45,437 INFO     main_phase2: starting Phase 2 run: serial=352063910283409 model=SHG10 (AQUOS sense7) [skip_wizard]
2026-10-01 17:39:45,437 INFO     main_phase2: starting Phase 2 run: serial=353681650242175 model=SHG07 (AQUOS sense6s) [skip_wizard]
2026-10-01 17:39:45,438 INFO     main_phase2: starting Phase 2 run: serial=353681650397052 model=SHG07 (AQUOS sense6s) [skip_wizard]
2026-10-01 17:39:45,438 INFO     main_phase2: starting Phase 2 run: serial=353681653208520 model=SHG07 (AQUOS sense6s) [skip_wizard]
2026-10-01 17:39:45,444 INFO     main_phase2: starting Phase 2 run: serial=HQ62540758 model=SOG08 (Xperia Ace III) [skip_wizard]
2026-10-01 17:39:45,447 INFO     main_phase2: starting Phase 2 run: serial=HQ627C0472 model=SOG08 (Xperia Ace III) [skip_wizard]
2026-10-01 17:39:45,479 INFO     main_phase2: starting Phase 2 run: serial=HQ627F2149 model=SOG07 (Xperia 10 IV) [skip_wizard]
2026-10-01 17:39:45,499 INFO     main_phase2: starting Phase 2 run: serial=HQ632M1012 model=SOG07 (Xperia 10 IV) [skip_wizard]
2026-10-01 17:39:45,505 INFO     main_phase2: starting Phase 2 run: serial=HQ63460161 model=SOG08 (Xperia Ace III) [skip_wizard]
2026-10-01 17:39:45,515 INFO     main_phase2: starting Phase 2 run: serial=HQ634A0C5D model=SOG08 (Xperia Ace III) [skip_wizard]
2026-10-01 17:39:46,678 WARNING  src.orchestration.slot: slot 352063910283409: skip_wizard=True - assuming factory reset + the setup wizard were already completed manually (client-decided workflow, 2026-09-17 - the wizard cannot be automated via ADB at all). This skips the check that the device actually finished setup, so a device still mid-wizard when this runs will fail in confusing ways downstream rather than here.
2026-10-01 17:39:46,682 WARNING  src.orchestration.slot: slot 353681653208520: skip_wizard=True - assuming factory reset + the setup wizard were already completed manually (client-decided workflow, 2026-09-17 - the wizard cannot be automated via ADB at all). This skips the check that the device actually finished setup, so a device still mid-wizard when this runs will fail in confusing ways downstream rather than here.
2026-10-01 17:39:46,683 INFO     src.orchestration.slot: slot 353681653208520: connecting wifi
2026-10-01 17:39:46,682 INFO     src.orchestration.slot: slot 352063910283409: connecting wifi
2026-10-01 17:39:46,696 WARNING  src.orchestration.slot: slot 353681650242175: skip_wizard=True - assuming factory reset + the setup wizard were already completed manually (client-decided workflow, 2026-09-17 - the wizard cannot be automated via ADB at all). This skips the check that the device actually finished setup, so a device still mid-wizard when this runs will fail in confusing ways downstream rather than here.
2026-10-01 17:39:46,697 INFO     src.orchestration.slot: slot 353681650242175: connecting wifi
2026-10-01 17:39:46,746 WARNING  src.orchestration.slot: slot HQ62540758: skip_wizard=True - assuming factory reset + the setup wizard were already completed manually (client-decided workflow, 2026-09-17 - the wizard cannot be automated via ADB at all). This skips the check that the device actually finished setup, so a device still mid-wizard when this runs will fail in confusing ways downstream rather than here.
2026-10-01 17:39:46,747 INFO     src.orchestration.slot: slot HQ62540758: connecting wifi
2026-10-01 17:39:46,768 WARNING  src.orchestration.slot: slot HQ632M1012: skip_wizard=True - assuming factory reset + the setup wizard were already completed manually (client-decided workflow, 2026-09-17 - the wizard cannot be automated via ADB at all). This skips the check that the device actually finished setup, so a device still mid-wizard when this runs will fail in confusing ways downstream rather than here.
2026-10-01 17:39:46,768 INFO     src.orchestration.slot: slot HQ632M1012: connecting wifi
2026-10-01 17:39:46,793 WARNING  src.orchestration.slot: slot 352063910272451: skip_wizard=True - assuming factory reset + the setup wizard were already completed manually (client-decided workflow, 2026-09-17 - the wizard cannot be automated via ADB at all). This skips the check that the device actually finished setup, so a device still mid-wizard when this runs will fail in confusing ways downstream rather than here.
2026-10-01 17:39:46,793 INFO     src.orchestration.slot: slot 352063910272451: connecting wifi
2026-10-01 17:39:46,828 WARNING  src.orchestration.slot: slot HQ627C0472: skip_wizard=True - assuming factory reset + the setup wizard were already completed manually (client-decided workflow, 2026-09-17 - the wizard cannot be automated via ADB at all). This skips the check that the device actually finished setup, so a device still mid-wizard when this runs will fail in confusing ways downstream rather than here.
2026-10-01 17:39:46,829 INFO     src.orchestration.slot: slot HQ627C0472: connecting wifi
2026-10-01 17:39:46,852 WARNING  src.orchestration.slot: slot HQ63460161: skip_wizard=True - assuming factory reset + the setup wizard were already completed manually (client-decided workflow, 2026-09-17 - the wizard cannot be automated via ADB at all). This skips the check that the device actually finished setup, so a device still mid-wizard when this runs will fail in confusing ways downstream rather than here.
2026-10-01 17:39:46,852 INFO     src.orchestration.slot: slot HQ63460161: connecting wifi
2026-10-01 17:39:46,911 WARNING  src.orchestration.slot: slot HQ634A0C5D: skip_wizard=True - assuming factory reset + the setup wizard were already completed manually (client-decided workflow, 2026-09-17 - the wizard cannot be automated via ADB at all). This skips the check that the device actually finished setup, so a device still mid-wizard when this runs will fail in confusing ways downstream rather than here.
2026-10-01 17:39:46,911 INFO     src.orchestration.slot: slot HQ634A0C5D: connecting wifi
2026-10-01 17:39:46,965 WARNING  src.orchestration.slot: slot 353681650397052: skip_wizard=True - assuming factory reset + the setup wizard were already completed manually (client-decided workflow, 2026-09-17 - the wizard cannot be automated via ADB at all). This skips the check that the device actually finished setup, so a device still mid-wizard when this runs will fail in confusing ways downstream rather than here.
2026-10-01 17:39:46,966 INFO     src.orchestration.slot: slot 353681650397052: connecting wifi
2026-10-01 17:39:47,121 INFO     src.phase2.wifi_setup: device 353681653208520: already connected to 'earth5_1'; nothing to do
2026-10-01 17:39:47,121 INFO     src.orchestration.slot: slot 353681653208520: configuring apn
2026-10-01 17:39:47,136 INFO     src.phase2.wifi_setup: device 353681650242175: already connected to 'earth5_1'; nothing to do
2026-10-01 17:39:47,139 INFO     src.orchestration.slot: slot 353681650242175: configuring apn
2026-10-01 17:39:47,171 WARNING  src.orchestration.slot: slot HQ627F2149: skip_wizard=True - assuming factory reset + the setup wizard were already completed manually (client-decided workflow, 2026-09-17 - the wizard cannot be automated via ADB at all). This skips the check that the device actually finished setup, so a device still mid-wizard when this runs will fail in confusing ways downstream rather than here.
2026-10-01 17:39:47,173 INFO     src.orchestration.slot: slot HQ627F2149: connecting wifi
2026-10-01 17:39:47,181 INFO     src.phase2.wifi_setup: device 352063910283409: already connected to 'earth5_1'; nothing to do
2026-10-01 17:39:47,183 INFO     src.orchestration.slot: slot 352063910283409: configuring apn
2026-10-01 17:39:47,253 INFO     src.phase2.wifi_setup: device HQ627C0472: already connected to 'earth5_1'; nothing to do
2026-10-01 17:39:47,253 INFO     src.orchestration.slot: slot HQ627C0472: configuring apn
2026-10-01 17:39:47,279 INFO     src.phase2.wifi_setup: device HQ632M1012: already connected to 'earth5_1'; nothing to do
2026-10-01 17:39:47,280 INFO     src.orchestration.slot: slot HQ632M1012: configuring apn
2026-10-01 17:39:47,302 INFO     src.phase2.wifi_setup: device 352063910272451: already connected to 'earth5_1'; nothing to do
2026-10-01 17:39:47,302 INFO     src.orchestration.slot: slot 352063910272451: configuring apn
2026-10-01 17:39:47,347 INFO     src.phase2.wifi_setup: device HQ634A0C5D: already connected to 'earth5_1'; nothing to do
2026-10-01 17:39:47,347 INFO     src.orchestration.slot: slot HQ634A0C5D: configuring apn
2026-10-01 17:39:47,378 INFO     src.phase2.wifi_setup: device HQ63460161: already connected to 'earth5_1'; nothing to do
2026-10-01 17:39:47,378 INFO     src.orchestration.slot: slot HQ63460161: configuring apn
2026-10-01 17:39:47,429 INFO     src.phase2.wifi_setup: device HQ62540758: shell wifi connect-network unavailable/failed: adb command failed: 'shell cmd wifi connect-network "earth5_1" wpa2 "earth5_1"' - Exception occurred while executing 'connect-network':
java.lang.SecurityException: Uid 2000 does not have access to connect-network wifi command (or such command doesn't exist)
	at com.android.server.wifi.WifiShellCommand.onCommand(WifiShellCommand.java:483)
	at com.android.wifi.x.com.android.modules.utils.BasicShellCommandHandler.exec(BasicShellCommandHandler.java:97)
	at com.android.server.wifi.WifiServiceImpl.handleShellCommand(WifiServiceImpl.java:5318)
	at android.os.Binder.onShellCommand(Binder.java:1121)
	at android.os.Binder.shellCommand(Binder.java:1068)
	at android.os.Binder.onTransact(Binder.java:888)
	at android.net.wifi.IWifiManager$Stub.onTransact(IWifiManager.java:3247)
	at android.os.Binder.execTransactInternal(Binder.java:1344)
	at android.os.Binder.execTransact(Binder.java:1275)
2026-10-01 17:39:47,507 INFO     src.phase2.apn_setup: device HQ627C0472: apn: current input method is 'com.google.android.inputmethod.latin/com.android.inputmethod.latin.LatinIME'
2026-10-01 17:39:47,546 INFO     src.phase2.wifi_setup: device 353681650397052: already connected to 'earth5_1'; nothing to do
2026-10-01 17:39:47,546 INFO     src.orchestration.slot: slot 353681650397052: configuring apn
2026-10-01 17:39:47,559 INFO     src.phase2.apn_setup: device 352063910283409: apn: current input method is 'com.google.android.inputmethod.latin/com.android.inputmethod.latin.LatinIME'
2026-10-01 17:39:47,603 INFO     src.phase2.apn_setup: device HQ632M1012: apn: current input method is 'com.google.android.inputmethod.latin/com.android.inputmethod.latin.LatinIME'
2026-10-01 17:39:47,614 INFO     src.phase2.apn_setup: device HQ634A0C5D: apn: current input method is 'com.google.android.inputmethod.latin/com.android.inputmethod.latin.LatinIME'
2026-10-01 17:39:47,623 INFO     src.phase2.apn_setup: device 352063910272451: apn: current input method is 'com.google.android.inputmethod.latin/com.android.inputmethod.latin.LatinIME'
2026-10-01 17:39:47,634 INFO     src.phase2.wifi_setup: device HQ627F2149: already connected to 'earth5_1'; nothing to do
2026-10-01 17:39:47,634 INFO     src.orchestration.slot: slot HQ627F2149: configuring apn
2026-10-01 17:39:47,817 INFO     src.phase2.apn_setup: device HQ63460161: apn: current input method is 'com.google.android.inputmethod.latin/com.android.inputmethod.latin.LatinIME'
2026-10-01 17:39:47,829 INFO     src.phase2.apn_setup: device 353681653208520: apn: current input method is 'com.google.android.inputmethod.latin/com.android.inputmethod.latin.LatinIME'
2026-10-01 17:39:47,883 INFO     src.phase2.apn_setup: device 353681650242175: apn: current input method is 'com.google.android.inputmethod.latin/com.android.inputmethod.latin.LatinIME'
2026-10-01 17:39:48,004 INFO     src.phase2.apn_setup: device 353681650397052: apn: current input method is 'com.google.android.inputmethod.latin/com.android.inputmethod.latin.LatinIME'
2026-10-01 17:39:48,079 INFO     src.phase2.apn_setup: device HQ627F2149: apn: current input method is 'com.google.android.inputmethod.latin/com.android.inputmethod.latin.LatinIME'
2026-10-01 17:39:50,168 INFO     src.phase2.wifi_setup: device HQ62540758: WIFI_SETTINGS intent didn't land on a recognizable Wi-Fi screen; falling back to menu_path navigation
2026-10-01 17:39:50,300 ERROR    src.orchestration.slot: slot 352063910272451: run_init_apn failed: refusing to tap: current screen contains the USB-debugging disable notification (matched '無効にするにはここをタップ' in the dump). A mistargeted tap here would disable ADB and strand the device. Clear the notification shade before retrying — see docs/record.md, 'UI hazard' section.
2026-10-01 17:39:50,314 WARNING  src.orchestration.scheduler: slot 352063910272451: attempt failed (retry 1/3): refusing to tap: current screen contains the USB-debugging disable notification (matched '無効にするにはここをタップ' in the dump). A mistargeted tap here would disable ADB and strand the device. Clear the notification shade before retrying — see docs/record.md, 'UI hazard' section.
2026-10-01 17:39:51,035 ERROR    src.orchestration.slot: slot HQ63460161: run_init_apn failed: refusing to tap: current screen contains the USB-debugging disable notification (matched '無効にするにはここをタップ' in the dump). A mistargeted tap here would disable ADB and strand the device. Clear the notification shade before retrying — see docs/record.md, 'UI hazard' section.
2026-10-01 17:39:51,035 WARNING  src.orchestration.scheduler: slot HQ63460161: attempt failed (retry 1/3): refusing to tap: current screen contains the USB-debugging disable notification (matched '無効にするにはここをタップ' in the dump). A mistargeted tap here would disable ADB and strand the device. Clear the notification shade before retrying — see docs/record.md, 'UI hazard' section.
2026-10-01 17:39:51,500 WARNING  src.orchestration.slot: slot 352063910272451: skip_wizard=True - assuming factory reset + the setup wizard were already completed manually (client-decided workflow, 2026-09-17 - the wizard cannot be automated via ADB at all). This skips the check that the device actually finished setup, so a device still mid-wizard when this runs will fail in confusing ways downstream rather than here.
2026-10-01 17:39:51,501 INFO     src.orchestration.slot: slot 352063910272451: connecting wifi
2026-10-01 17:39:51,946 INFO     src.phase2.wifi_setup: device 352063910272451: already connected to 'earth5_1'; nothing to do
2026-10-01 17:39:51,947 INFO     src.orchestration.slot: slot 352063910272451: configuring apn
2026-10-01 17:39:52,174 INFO     src.phase2.apn_setup: device 352063910272451: apn: current input method is 'com.google.android.inputmethod.latin/com.android.inputmethod.latin.LatinIME'
2026-10-01 17:39:52,230 WARNING  src.orchestration.slot: slot HQ63460161: skip_wizard=True - assuming factory reset + the setup wizard were already completed manually (client-decided workflow, 2026-09-17 - the wizard cannot be automated via ADB at all). This skips the check that the device actually finished setup, so a device still mid-wizard when this runs will fail in confusing ways downstream rather than here.
2026-10-01 17:39:52,230 INFO     src.orchestration.slot: slot HQ63460161: connecting wifi
2026-10-01 17:39:52,705 ERROR    src.phase2.apn_setup: device HQ632M1012: apn: could not navigate the SIM-scoped menu_path's leading step(s) (everything before the final tap) — a step's resource_id/text/content_desc wasn't found on the post-WIFI_SETTINGS screen. menu_path (leading steps): [{'type': 'resource_id', 'value': 'com.android.settings:id/settings_button'}]. Visible text on the screen it actually landed on: ['OCNモバイルONE', 'ocn.ne.jp', 'docomo', 'spmode.ne.jp', 'rakuten.jp', 'rakuten.jp']
2026-10-01 17:39:52,706 ERROR    src.phase2.apn_setup: device HQ632M1012: apn menu navigation failed
2026-10-01 17:39:52,706 ERROR    src.orchestration.slot: slot HQ632M1012: run_init_apn failed: apn configuration failed
2026-10-01 17:39:52,706 WARNING  src.orchestration.scheduler: slot HQ632M1012: attempt failed (retry 1/3): apn configuration failed
2026-10-01 17:39:52,715 INFO     src.phase2.wifi_setup: device HQ63460161: already connected to 'earth5_1'; nothing to do
2026-10-01 17:39:52,715 INFO     src.orchestration.slot: slot HQ63460161: configuring apn
2026-10-01 17:39:52,810 ERROR    src.orchestration.slot: slot HQ62540758: run_init_apn failed: refusing to tap: current screen contains the USB-debugging disable notification (matched '無効にするにはここをタップ' in the dump). A mistargeted tap here would disable ADB and strand the device. Clear the notification shade before retrying — see docs/record.md, 'UI hazard' section.
2026-10-01 17:39:52,813 WARNING  src.orchestration.scheduler: slot HQ62540758: attempt failed (retry 1/3): refusing to tap: current screen contains the USB-debugging disable notification (matched '無効にするにはここをタップ' in the dump). A mistargeted tap here would disable ADB and strand the device. Clear the notification shade before retrying — see docs/record.md, 'UI hazard' section.
2026-10-01 17:39:52,982 INFO     src.phase2.apn_setup: device HQ63460161: apn: current input method is 'com.google.android.inputmethod.latin/com.android.inputmethod.latin.LatinIME'
2026-10-01 17:39:53,005 ERROR    src.phase2.apn_setup: device 352063910283409: apn: could not navigate the SIM-scoped menu_path's leading step(s) (everything before the final tap) — a step's resource_id/text/content_desc wasn't found on the post-WIFI_SETTINGS screen. menu_path (leading steps): [{'type': 'resource_id', 'value': 'com.android.settings:id/settings_button'}]. Visible text on the screen it actually landed on: ['機内モードが ON です', 'Wi-Fi', 'earth5_1', '接続済み', 'earth2.4_6', 'earth5_10', 'earth5_6', 'rakuten Wi-Fi2', 'rakuten Wi-Fi2_5G', 'rakuten1234']
2026-10-01 17:39:53,005 ERROR    src.phase2.apn_setup: device 352063910283409: apn menu navigation failed
2026-10-01 17:39:53,006 ERROR    src.orchestration.slot: slot 352063910283409: run_init_apn failed: apn configuration failed
2026-10-01 17:39:53,007 WARNING  src.orchestration.scheduler: slot 352063910283409: attempt failed (retry 1/3): apn configuration failed
2026-10-01 17:39:53,042 ERROR    src.phase2.apn_setup: device 353681653208520: apn: could not navigate the SIM-scoped menu_path's leading step(s) (everything before the final tap) — a step's resource_id/text/content_desc wasn't found on the post-WIFI_SETTINGS screen. menu_path (leading steps): [{'type': 'resource_id', 'value': 'com.android.settings:id/settings_button'}]. Visible text on the screen it actually landed on: ['機内モードは ON です', 'Wi-Fi', 'earth5_1', '接続済み', 'ARIZASU-WiFi-6F_2.4GHz', 'earth2.4_6', 'earth5_10', 'rakuten Wi-Fi2', 'rakuten Wi-Fi2_5G', 'rakuten1234', 'rakuten5678']
2026-10-01 17:39:53,043 ERROR    src.phase2.apn_setup: device 353681653208520: apn menu navigation failed
2026-10-01 17:39:53,043 ERROR    src.orchestration.slot: slot 353681653208520: run_init_apn failed: apn configuration failed
2026-10-01 17:39:53,043 WARNING  src.orchestration.scheduler: slot 353681653208520: attempt failed (retry 1/3): apn configuration failed
2026-10-01 17:39:53,059 ERROR    src.phase2.apn_setup: device 353681650397052: apn: could not navigate the SIM-scoped menu_path's leading step(s) (everything before the final tap) — a step's resource_id/text/content_desc wasn't found on the post-WIFI_SETTINGS screen. menu_path (leading steps): [{'type': 'resource_id', 'value': 'com.android.settings:id/settings_button'}]. Visible text on the screen it actually landed on: ['rakuten.jp', 'rakuten.jp']
2026-10-01 17:39:53,059 ERROR    src.phase2.apn_setup: device 353681650397052: apn menu navigation failed
2026-10-01 17:39:53,060 ERROR    src.orchestration.slot: slot 353681650397052: run_init_apn failed: apn configuration failed
2026-10-01 17:39:53,060 WARNING  src.orchestration.scheduler: slot 353681650397052: attempt failed (retry 1/3): apn configuration failed
2026-10-01 17:39:53,171 ERROR    src.phase2.apn_setup: device 353681650242175: apn: could not navigate the SIM-scoped menu_path's leading step(s) (everything before the final tap) — a step's resource_id/text/content_desc wasn't found on the post-WIFI_SETTINGS screen. menu_path (leading steps): [{'type': 'resource_id', 'value': 'com.android.settings:id/settings_button'}]. Visible text on the screen it actually landed on: ['機内モードは ON です', 'Wi-Fi', 'earth5_1', '接続済み', 'ARIZASU-WiFi-6F_2.4GHz', 'ARIZASU-WiFi-6F_5G', 'earth2.4_6', 'earth5_10', 'rakuten Wi-Fi2', 'rakuten Wi-Fi2_5G', 'rakuten1234']
2026-10-01 17:39:53,172 ERROR    src.phase2.apn_setup: device 353681650242175: apn menu navigation failed
2026-10-01 17:39:53,172 ERROR    src.orchestration.slot: slot 353681650242175: run_init_apn failed: apn configuration failed
2026-10-01 17:39:53,172 WARNING  src.orchestration.scheduler: slot 353681650242175: attempt failed (retry 1/3): apn configuration failed
2026-10-01 17:39:53,597 ERROR    src.phase2.apn_setup: device HQ634A0C5D: apn: could not navigate the SIM-scoped menu_path's leading step(s) (everything before the final tap) — a step's resource_id/text/content_desc wasn't found on the post-WIFI_SETTINGS screen. menu_path (leading steps): [{'type': 'resource_id', 'value': 'com.android.settings:id/settings_button'}]. Visible text on the screen it actually landed on: ['機内モードは ON です', 'Wi-Fi', 'earth5_1', 'WPA3(SAE Transition Mode) 接続済み', 'earth2.4_6', 'WPA3(SAE Transition Mode) ', 'earth5_6', 'WPA3(SAE Transition Mode) ', 'rakuten Wi-Fi2', 'WPA3(SAE Transition Mode) ', 'rakuten Wi-Fi2_5G', 'WPA3(SAE Transition Mode) ', 'rakuten1234']
2026-10-01 17:39:53,600 ERROR    src.phase2.apn_setup: device HQ634A0C5D: apn menu navigation failed
2026-10-01 17:39:53,601 ERROR    src.orchestration.slot: slot HQ634A0C5D: run_init_apn failed: apn configuration failed
2026-10-01 17:39:53,601 WARNING  src.orchestration.scheduler: slot HQ634A0C5D: attempt failed (retry 1/3): apn configuration failed
2026-10-01 17:39:53,877 WARNING  src.orchestration.slot: slot HQ632M1012: skip_wizard=True - assuming factory reset + the setup wizard were already completed manually (client-decided workflow, 2026-09-17 - the wizard cannot be automated via ADB at all). This skips the check that the device actually finished setup, so a device still mid-wizard when this runs will fail in confusing ways downstream rather than here.
2026-10-01 17:39:53,877 INFO     src.orchestration.slot: slot HQ632M1012: connecting wifi
2026-10-01 17:39:53,883 ERROR    src.phase2.apn_setup: device HQ627C0472: apn: could not navigate the SIM-scoped menu_path's leading step(s) (everything before the final tap) — a step's resource_id/text/content_desc wasn't found on the post-WIFI_SETTINGS screen. menu_path (leading steps): [{'type': 'resource_id', 'value': 'com.android.settings:id/settings_button'}]. Visible text on the screen it actually landed on: ['機内モードは ON です', 'Wi-Fi', 'earth5_1', 'WPA3(SAE Transition Mode) 接続済み', 'earth2.4_6', 'WPA3(SAE Transition Mode) ', 'earth5_10', 'WPA3(SAE Transition Mode) ', 'rakuten Wi-Fi2', 'WPA3(SAE Transition Mode) ', 'rakuten Wi-Fi2_5G', 'WPA3(SAE Transition Mode) ', 'rakuten1234']
2026-10-01 17:39:53,884 ERROR    src.phase2.apn_setup: device HQ627C0472: apn menu navigation failed
2026-10-01 17:39:53,884 ERROR    src.orchestration.slot: slot HQ627C0472: run_init_apn failed: apn configuration failed
2026-10-01 17:39:53,884 WARNING  src.orchestration.scheduler: slot HQ627C0472: attempt failed (retry 1/3): apn configuration failed
2026-10-01 17:39:54,052 WARNING  src.orchestration.slot: slot HQ62540758: skip_wizard=True - assuming factory reset + the setup wizard were already completed manually (client-decided workflow, 2026-09-17 - the wizard cannot be automated via ADB at all). This skips the check that the device actually finished setup, so a device still mid-wizard when this runs will fail in confusing ways downstream rather than here.
2026-10-01 17:39:54,052 INFO     src.orchestration.slot: slot HQ62540758: connecting wifi
2026-10-01 17:39:54,199 WARNING  src.orchestration.slot: slot 352063910283409: skip_wizard=True - assuming factory reset + the setup wizard were already completed manually (client-decided workflow, 2026-09-17 - the wizard cannot be automated via ADB at all). This skips the check that the device actually finished setup, so a device still mid-wizard when this runs will fail in confusing ways downstream rather than here.
2026-10-01 17:39:54,200 INFO     src.orchestration.slot: slot 352063910283409: connecting wifi
2026-10-01 17:39:54,266 WARNING  src.orchestration.slot: slot 353681650397052: skip_wizard=True - assuming factory reset + the setup wizard were already completed manually (client-decided workflow, 2026-09-17 - the wizard cannot be automated via ADB at all). This skips the check that the device actually finished setup, so a device still mid-wizard when this runs will fail in confusing ways downstream rather than here.
2026-10-01 17:39:54,267 INFO     src.orchestration.slot: slot 353681650397052: connecting wifi
2026-10-01 17:39:54,268 WARNING  src.orchestration.slot: slot 353681653208520: skip_wizard=True - assuming factory reset + the setup wizard were already completed manually (client-decided workflow, 2026-09-17 - the wizard cannot be automated via ADB at all). This skips the check that the device actually finished setup, so a device still mid-wizard when this runs will fail in confusing ways downstream rather than here.
2026-10-01 17:39:54,268 INFO     src.orchestration.slot: slot 353681653208520: connecting wifi
2026-10-01 17:39:54,351 WARNING  src.orchestration.slot: slot 353681650242175: skip_wizard=True - assuming factory reset + the setup wizard were already completed manually (client-decided workflow, 2026-09-17 - the wizard cannot be automated via ADB at all). This skips the check that the device actually finished setup, so a device still mid-wizard when this runs will fail in confusing ways downstream rather than here.
2026-10-01 17:39:54,352 INFO     src.orchestration.slot: slot 353681650242175: connecting wifi
2026-10-01 17:39:54,367 INFO     src.phase2.wifi_setup: device HQ632M1012: already connected to 'earth5_1'; nothing to do
2026-10-01 17:39:54,367 INFO     src.orchestration.slot: slot HQ632M1012: configuring apn
2026-10-01 17:39:54,627 INFO     src.phase2.apn_setup: device HQ632M1012: apn: current input method is 'com.google.android.inputmethod.latin/com.android.inputmethod.latin.LatinIME'
2026-10-01 17:39:54,633 ERROR    src.phase2.apn_setup: device HQ627F2149: apn: could not navigate the SIM-scoped menu_path's leading step(s) (everything before the final tap) — a step's resource_id/text/content_desc wasn't found on the post-WIFI_SETTINGS screen. menu_path (leading steps): [{'type': 'resource_id', 'value': 'com.android.settings:id/settings_button'}]. Visible text on the screen it actually landed on: ['17:39', '10月1日木曜日', '機内モード', '100%', '充電が完了しました']
2026-10-01 17:39:54,634 ERROR    src.phase2.apn_setup: device HQ627F2149: apn menu navigation failed
2026-10-01 17:39:54,635 ERROR    src.orchestration.slot: slot HQ627F2149: run_init_apn failed: apn configuration failed
2026-10-01 17:39:54,636 WARNING  src.orchestration.scheduler: slot HQ627F2149: attempt failed (retry 1/3): apn configuration failed
2026-10-01 17:39:54,652 INFO     src.phase2.wifi_setup: device HQ62540758: shell wifi connect-network unavailable/failed: adb command failed: 'shell cmd wifi connect-network "earth5_1" wpa2 "earth5_1"' - Exception occurred while executing 'connect-network':
java.lang.SecurityException: Uid 2000 does not have access to connect-network wifi command (or such command doesn't exist)
	at com.android.server.wifi.WifiShellCommand.onCommand(WifiShellCommand.java:483)
	at com.android.wifi.x.com.android.modules.utils.BasicShellCommandHandler.exec(BasicShellCommandHandler.java:97)
	at com.android.server.wifi.WifiServiceImpl.handleShellCommand(WifiServiceImpl.java:5318)
	at android.os.Binder.onShellCommand(Binder.java:1121)
	at android.os.Binder.shellCommand(Binder.java:1068)
	at android.os.Binder.onTransact(Binder.java:888)
	at android.net.wifi.IWifiManager$Stub.onTransact(IWifiManager.java:3247)
	at android.os.Binder.execTransactInternal(Binder.java:1344)
	at android.os.Binder.execTransact(Binder.java:1275)
2026-10-01 17:39:54,672 INFO     src.phase2.wifi_setup: device 352063910283409: already connected to 'earth5_1'; nothing to do
2026-10-01 17:39:54,674 INFO     src.orchestration.slot: slot 352063910283409: configuring apn
2026-10-01 17:39:54,723 INFO     src.phase2.wifi_setup: device 353681653208520: already connected to 'earth5_1'; nothing to do
2026-10-01 17:39:54,723 INFO     src.orchestration.slot: slot 353681653208520: configuring apn
2026-10-01 17:39:54,793 WARNING  src.orchestration.slot: slot HQ634A0C5D: skip_wizard=True - assuming factory reset + the setup wizard were already completed manually (client-decided workflow, 2026-09-17 - the wizard cannot be automated via ADB at all). This skips the check that the device actually finished setup, so a device still mid-wizard when this runs will fail in confusing ways downstream rather than here.
2026-10-01 17:39:54,794 INFO     src.orchestration.slot: slot HQ634A0C5D: connecting wifi
2026-10-01 17:39:54,801 INFO     src.phase2.wifi_setup: device 353681650397052: already connected to 'earth5_1'; nothing to do
2026-10-01 17:39:54,801 INFO     src.orchestration.slot: slot 353681650397052: configuring apn
2026-10-01 17:39:54,805 INFO     src.phase2.wifi_setup: device 353681650242175: already connected to 'earth5_1'; nothing to do
2026-10-01 17:39:54,806 INFO     src.orchestration.slot: slot 353681650242175: configuring apn
2026-10-01 17:39:54,831 ERROR    src.orchestration.slot: slot 352063910272451: run_init_apn failed: refusing to tap: current screen contains the USB-debugging disable notification (matched '無効にするにはここをタップ' in the dump). A mistargeted tap here would disable ADB and strand the device. Clear the notification shade before retrying — see docs/record.md, 'UI hazard' section.
2026-10-01 17:39:54,831 WARNING  src.orchestration.scheduler: slot 352063910272451: attempt failed (retry 2/3): refusing to tap: current screen contains the USB-debugging disable notification (matched '無効にするにはここをタップ' in the dump). A mistargeted tap here would disable ADB and strand the device. Clear the notification shade before retrying — see docs/record.md, 'UI hazard' section.
2026-10-01 17:39:54,984 INFO     src.phase2.apn_setup: device 352063910283409: apn: current input method is 'com.google.android.inputmethod.latin/com.android.inputmethod.latin.LatinIME'
2026-10-01 17:39:55,060 WARNING  src.orchestration.slot: slot HQ627C0472: skip_wizard=True - assuming factory reset + the setup wizard were already completed manually (client-decided workflow, 2026-09-17 - the wizard cannot be automated via ADB at all). This skips the check that the device actually finished setup, so a device still mid-wizard when this runs will fail in confusing ways downstream rather than here.
2026-10-01 17:39:55,060 INFO     src.orchestration.slot: slot HQ627C0472: connecting wifi
2026-10-01 17:39:55,208 INFO     src.phase2.wifi_setup: device HQ634A0C5D: already connected to 'earth5_1'; nothing to do
2026-10-01 17:39:55,209 INFO     src.orchestration.slot: slot HQ634A0C5D: configuring apn
2026-10-01 17:39:55,220 INFO     src.phase2.apn_setup: device 353681650397052: apn: current input method is 'com.google.android.inputmethod.latin/com.android.inputmethod.latin.LatinIME'
2026-10-01 17:39:55,397 INFO     src.phase2.apn_setup: device 353681653208520: apn: current input method is 'com.google.android.inputmethod.latin/com.android.inputmethod.latin.LatinIME'
2026-10-01 17:39:55,447 INFO     src.phase2.apn_setup: device HQ634A0C5D: apn: current input method is 'com.google.android.inputmethod.latin/com.android.inputmethod.latin.LatinIME'
2026-10-01 17:39:55,469 INFO     src.phase2.wifi_setup: device HQ627C0472: already connected to 'earth5_1'; nothing to do
2026-10-01 17:39:55,469 INFO     src.orchestration.slot: slot HQ627C0472: configuring apn
2026-10-01 17:39:55,522 INFO     src.phase2.apn_setup: device 353681650242175: apn: current input method is 'com.google.android.inputmethod.latin/com.android.inputmethod.latin.LatinIME'
2026-10-01 17:39:55,705 INFO     src.phase2.apn_setup: device HQ627C0472: apn: current input method is 'com.google.android.inputmethod.latin/com.android.inputmethod.latin.LatinIME'
2026-10-01 17:39:55,733 ERROR    src.orchestration.slot: slot HQ63460161: run_init_apn failed: refusing to tap: current screen contains the USB-debugging disable notification (matched '無効にするにはここをタップ' in the dump). A mistargeted tap here would disable ADB and strand the device. Clear the notification shade before retrying — see docs/record.md, 'UI hazard' section.
2026-10-01 17:39:55,733 WARNING  src.orchestration.scheduler: slot HQ63460161: attempt failed (retry 2/3): refusing to tap: current screen contains the USB-debugging disable notification (matched '無効にするにはここをタップ' in the dump). A mistargeted tap here would disable ADB and strand the device. Clear the notification shade before retrying — see docs/record.md, 'UI hazard' section.
2026-10-01 17:39:55,806 WARNING  src.orchestration.slot: slot HQ627F2149: skip_wizard=True - assuming factory reset + the setup wizard were already completed manually (client-decided workflow, 2026-09-17 - the wizard cannot be automated via ADB at all). This skips the check that the device actually finished setup, so a device still mid-wizard when this runs will fail in confusing ways downstream rather than here.
2026-10-01 17:39:55,806 INFO     src.orchestration.slot: slot HQ627F2149: connecting wifi
2026-10-01 17:39:55,975 WARNING  src.orchestration.slot: slot 352063910272451: skip_wizard=True - assuming factory reset + the setup wizard were already completed manually (client-decided workflow, 2026-09-17 - the wizard cannot be automated via ADB at all). This skips the check that the device actually finished setup, so a device still mid-wizard when this runs will fail in confusing ways downstream rather than here.
2026-10-01 17:39:55,975 INFO     src.orchestration.slot: slot 352063910272451: connecting wifi
2026-10-01 17:39:56,301 INFO     src.phase2.wifi_setup: device HQ627F2149: already connected to 'earth5_1'; nothing to do
2026-10-01 17:39:56,302 INFO     src.orchestration.slot: slot HQ627F2149: configuring apn
2026-10-01 17:39:56,424 INFO     src.phase2.wifi_setup: device 352063910272451: already connected to 'earth5_1'; nothing to do
2026-10-01 17:39:56,424 INFO     src.orchestration.slot: slot 352063910272451: configuring apn
2026-10-01 17:39:56,632 INFO     src.phase2.apn_setup: device 352063910272451: apn: current input method is 'com.google.android.inputmethod.latin/com.android.inputmethod.latin.LatinIME'
2026-10-01 17:39:56,705 INFO     src.phase2.apn_setup: device HQ627F2149: apn: current input method is 'com.google.android.inputmethod.latin/com.android.inputmethod.latin.LatinIME'
2026-10-01 17:39:56,950 WARNING  src.orchestration.slot: slot HQ63460161: skip_wizard=True - assuming factory reset + the setup wizard were already completed manually (client-decided workflow, 2026-09-17 - the wizard cannot be automated via ADB at all). This skips the check that the device actually finished setup, so a device still mid-wizard when this runs will fail in confusing ways downstream rather than here.
2026-10-01 17:39:56,950 INFO     src.orchestration.slot: slot HQ63460161: connecting wifi
2026-10-01 17:39:57,433 INFO     src.phase2.wifi_setup: device HQ63460161: already connected to 'earth5_1'; nothing to do
2026-10-01 17:39:57,433 INFO     src.orchestration.slot: slot HQ63460161: configuring apn
2026-10-01 17:39:57,696 INFO     src.phase2.apn_setup: device HQ63460161: apn: current input method is 'com.google.android.inputmethod.latin/com.android.inputmethod.latin.LatinIME'
2026-10-01 17:39:58,140 INFO     src.phase2.wifi_setup: device HQ62540758: WIFI_SETTINGS intent didn't land on a recognizable Wi-Fi screen; falling back to menu_path navigation
2026-10-01 17:39:59,201 ERROR    src.orchestration.slot: slot 352063910272451: run_init_apn failed: refusing to tap: current screen contains the USB-debugging disable notification (matched '無効にするにはここをタップ' in the dump). A mistargeted tap here would disable ADB and strand the device. Clear the notification shade before retrying — see docs/record.md, 'UI hazard' section.
2026-10-01 17:39:59,201 WARNING  src.orchestration.scheduler: slot 352063910272451: attempt failed (retry 3/3): refusing to tap: current screen contains the USB-debugging disable notification (matched '無効にするにはここをタップ' in the dump). A mistargeted tap here would disable ADB and strand the device. Clear the notification shade before retrying — see docs/record.md, 'UI hazard' section.
2026-10-01 17:39:59,641 ERROR    src.phase2.apn_setup: device HQ632M1012: apn: could not navigate the SIM-scoped menu_path's leading step(s) (everything before the final tap) — a step's resource_id/text/content_desc wasn't found on the post-WIFI_SETTINGS screen. menu_path (leading steps): [{'type': 'resource_id', 'value': 'com.android.settings:id/settings_button'}]. Visible text on the screen it actually landed on: ['OCNモバイルONE', 'ocn.ne.jp', 'docomo', 'spmode.ne.jp', 'rakuten.jp', 'rakuten.jp']
2026-10-01 17:39:59,641 ERROR    src.phase2.apn_setup: device HQ632M1012: apn menu navigation failed
2026-10-01 17:39:59,641 ERROR    src.orchestration.slot: slot HQ632M1012: run_init_apn failed: apn configuration failed
2026-10-01 17:39:59,641 WARNING  src.orchestration.scheduler: slot HQ632M1012: attempt failed (retry 2/3): apn configuration failed
2026-10-01 17:40:00,277 ERROR    src.phase2.apn_setup: device 352063910283409: apn: could not navigate the SIM-scoped menu_path's leading step(s) (everything before the final tap) — a step's resource_id/text/content_desc wasn't found on the post-WIFI_SETTINGS screen. menu_path (leading steps): [{'type': 'resource_id', 'value': 'com.android.settings:id/settings_button'}]. Visible text on the screen it actually landed on: ['機内モードが ON です', 'Wi-Fi', 'earth5_1', '接続済み', 'ARIZASU-WiFi-6F_2.4GHz', 'earth2.4_6', 'earth5_10', 'earth5_6', 'rakuten Wi-Fi2', 'rakuten Wi-Fi2_5G']
2026-10-01 17:40:00,277 ERROR    src.phase2.apn_setup: device 352063910283409: apn menu navigation failed
2026-10-01 17:40:00,277 ERROR    src.orchestration.slot: slot 352063910283409: run_init_apn failed: apn configuration failed
2026-10-01 17:40:00,278 WARNING  src.orchestration.scheduler: slot 352063910283409: attempt failed (retry 2/3): apn configuration failed
2026-10-01 17:40:00,281 ERROR    src.phase2.apn_setup: device 353681650397052: apn: could not navigate the SIM-scoped menu_path's leading step(s) (everything before the final tap) — a step's resource_id/text/content_desc wasn't found on the post-WIFI_SETTINGS screen. menu_path (leading steps): [{'type': 'resource_id', 'value': 'com.android.settings:id/settings_button'}]. Visible text on the screen it actually landed on: ['rakuten.jp', 'rakuten.jp']
2026-10-01 17:40:00,282 ERROR    src.phase2.apn_setup: device 353681650397052: apn menu navigation failed
2026-10-01 17:40:00,282 ERROR    src.orchestration.slot: slot 353681650397052: run_init_apn failed: apn configuration failed
2026-10-01 17:40:00,282 WARNING  src.orchestration.scheduler: slot 353681650397052: attempt failed (retry 2/3): apn configuration failed
2026-10-01 17:40:00,392 ERROR    src.orchestration.slot: slot HQ63460161: run_init_apn failed: refusing to tap: current screen contains the USB-debugging disable notification (matched '無効にするにはここをタップ' in the dump). A mistargeted tap here would disable ADB and strand the device. Clear the notification shade before retrying — see docs/record.md, 'UI hazard' section.
2026-10-01 17:40:00,392 WARNING  src.orchestration.scheduler: slot HQ63460161: attempt failed (retry 3/3): refusing to tap: current screen contains the USB-debugging disable notification (matched '無効にするにはここをタップ' in the dump). A mistargeted tap here would disable ADB and strand the device. Clear the notification shade before retrying — see docs/record.md, 'UI hazard' section.
2026-10-01 17:40:00,434 WARNING  src.orchestration.slot: slot 352063910272451: skip_wizard=True - assuming factory reset + the setup wizard were already completed manually (client-decided workflow, 2026-09-17 - the wizard cannot be automated via ADB at all). This skips the check that the device actually finished setup, so a device still mid-wizard when this runs will fail in confusing ways downstream rather than here.
2026-10-01 17:40:00,434 INFO     src.orchestration.slot: slot 352063910272451: connecting wifi
2026-10-01 17:40:00,781 ERROR    src.phase2.apn_setup: device 353681653208520: apn: could not navigate the SIM-scoped menu_path's leading step(s) (everything before the final tap) — a step's resource_id/text/content_desc wasn't found on the post-WIFI_SETTINGS screen. menu_path (leading steps): [{'type': 'resource_id', 'value': 'com.android.settings:id/settings_button'}]. Visible text on the screen it actually landed on: ['機内モードは ON です', 'Wi-Fi', 'earth5_1', '接続済み', 'earth2.4_6', 'earth5_10', 'rakuten Wi-Fi2', 'rakuten Wi-Fi2_5G', 'rakuten1234', 'rakuten5678', 'rakutenWiFi']
2026-10-01 17:40:00,781 ERROR    src.phase2.apn_setup: device 353681653208520: apn menu navigation failed
2026-10-01 17:40:00,781 ERROR    src.orchestration.slot: slot 353681653208520: run_init_apn failed: apn configuration failed
2026-10-01 17:40:00,782 WARNING  src.orchestration.scheduler: slot 353681653208520: attempt failed (retry 2/3): apn configuration failed
2026-10-01 17:40:00,801 WARNING  src.orchestration.slot: slot HQ632M1012: skip_wizard=True - assuming factory reset + the setup wizard were already completed manually (client-decided workflow, 2026-09-17 - the wizard cannot be automated via ADB at all). This skips the check that the device actually finished setup, so a device still mid-wizard when this runs will fail in confusing ways downstream rather than here.
2026-10-01 17:40:00,808 INFO     src.orchestration.slot: slot HQ632M1012: connecting wifi
2026-10-01 17:40:00,807 ERROR    src.orchestration.slot: slot HQ62540758: run_init_apn failed: refusing to tap: current screen contains the USB-debugging disable notification (matched '無効にするにはここをタップ' in the dump). A mistargeted tap here would disable ADB and strand the device. Clear the notification shade before retrying — see docs/record.md, 'UI hazard' section.
2026-10-01 17:40:00,827 WARNING  src.orchestration.scheduler: slot HQ62540758: attempt failed (retry 2/3): refusing to tap: current screen contains the USB-debugging disable notification (matched '無効にするにはここをタップ' in the dump). A mistargeted tap here would disable ADB and strand the device. Clear the notification shade before retrying — see docs/record.md, 'UI hazard' section.
2026-10-01 17:40:00,851 ERROR    src.phase2.apn_setup: device HQ634A0C5D: apn: could not navigate the SIM-scoped menu_path's leading step(s) (everything before the final tap) — a step's resource_id/text/content_desc wasn't found on the post-WIFI_SETTINGS screen. menu_path (leading steps): [{'type': 'resource_id', 'value': 'com.android.settings:id/settings_button'}]. Visible text on the screen it actually landed on: ['機内モードは ON です', 'Wi-Fi', 'earth5_1', 'WPA3(SAE Transition Mode) 接続済み', 'earth2.4_6', 'WPA3(SAE Transition Mode) ', 'earth5_10', 'WPA3(SAE Transition Mode) ', 'rakuten Wi-Fi2', 'WPA3(SAE Transition Mode) ', 'rakuten Wi-Fi2_5G', 'WPA3(SAE Transition Mode) ', 'rakuten1234']
2026-10-01 17:40:00,852 ERROR    src.phase2.apn_setup: device HQ634A0C5D: apn menu navigation failed
2026-10-01 17:40:00,864 ERROR    src.orchestration.slot: slot HQ634A0C5D: run_init_apn failed: apn configuration failed
2026-10-01 17:40:00,864 WARNING  src.orchestration.scheduler: slot HQ634A0C5D: attempt failed (retry 2/3): apn configuration failed
2026-10-01 17:40:00,920 INFO     src.phase2.wifi_setup: device 352063910272451: already connected to 'earth5_1'; nothing to do
2026-10-01 17:40:00,921 INFO     src.orchestration.slot: slot 352063910272451: configuring apn
2026-10-01 17:40:01,056 ERROR    src.phase2.apn_setup: device 353681650242175: apn: could not navigate the SIM-scoped menu_path's leading step(s) (everything before the final tap) — a step's resource_id/text/content_desc wasn't found on the post-WIFI_SETTINGS screen. menu_path (leading steps): [{'type': 'resource_id', 'value': 'com.android.settings:id/settings_button'}]. Visible text on the screen it actually landed on: ['機内モードは ON です', 'Wi-Fi', 'earth5_1', '接続済み', 'ARIZASU-WiFi-6F_2.4GHz', 'ARIZASU-WiFi-6F_5G', 'earth2.4_6', 'earth5_10', 'rakuten Wi-Fi2', 'rakuten Wi-Fi2_5G', 'rakuten1234']
2026-10-01 17:40:01,057 ERROR    src.phase2.apn_setup: device 353681650242175: apn menu navigation failed
2026-10-01 17:40:01,057 ERROR    src.orchestration.slot: slot 353681650242175: run_init_apn failed: apn configuration failed
2026-10-01 17:40:01,058 WARNING  src.orchestration.scheduler: slot 353681650242175: attempt failed (retry 2/3): apn configuration failed
2026-10-01 17:40:01,124 INFO     src.phase2.apn_setup: device 352063910272451: apn: current input method is 'com.google.android.inputmethod.latin/com.android.inputmethod.latin.LatinIME'
2026-10-01 17:40:01,357 ERROR    src.phase2.apn_setup: device HQ627C0472: apn: could not navigate the SIM-scoped menu_path's leading step(s) (everything before the final tap) — a step's resource_id/text/content_desc wasn't found on the post-WIFI_SETTINGS screen. menu_path (leading steps): [{'type': 'resource_id', 'value': 'com.android.settings:id/settings_button'}]. Visible text on the screen it actually landed on: ['機内モードは ON です', 'Wi-Fi', 'earth5_1', 'WPA3(SAE Transition Mode) 接続済み', 'rakuten Wi-Fi2', 'WPA3(SAE Transition Mode) ', 'rakuten Wi-Fi2_5G', 'WPA3(SAE Transition Mode) ', 'rakuten5678', 'WPA3(SAE Transition Mode) ', 'rakutenWiFi', 'WPA3(SAE Transition Mode) ', 'rakutenWiFi_5G']
2026-10-01 17:40:01,357 ERROR    src.phase2.apn_setup: device HQ627C0472: apn menu navigation failed
2026-10-01 17:40:01,358 ERROR    src.orchestration.slot: slot HQ627C0472: run_init_apn failed: apn configuration failed
2026-10-01 17:40:01,358 WARNING  src.orchestration.scheduler: slot HQ627C0472: attempt failed (retry 2/3): apn configuration failed
2026-10-01 17:40:01,362 INFO     src.phase2.wifi_setup: device HQ632M1012: already connected to 'earth5_1'; nothing to do
2026-10-01 17:40:01,363 INFO     src.orchestration.slot: slot HQ632M1012: configuring apn
2026-10-01 17:40:01,470 WARNING  src.orchestration.slot: slot 352063910283409: skip_wizard=True - assuming factory reset + the setup wizard were already completed manually (client-decided workflow, 2026-09-17 - the wizard cannot be automated via ADB at all). This skips the check that the device actually finished setup, so a device still mid-wizard when this runs will fail in confusing ways downstream rather than here.
2026-10-01 17:40:01,470 INFO     src.orchestration.slot: slot 352063910283409: connecting wifi
2026-10-01 17:40:01,487 WARNING  src.orchestration.slot: slot 353681650397052: skip_wizard=True - assuming factory reset + the setup wizard were already completed manually (client-decided workflow, 2026-09-17 - the wizard cannot be automated via ADB at all). This skips the check that the device actually finished setup, so a device still mid-wizard when this runs will fail in confusing ways downstream rather than here.
2026-10-01 17:40:01,487 INFO     src.orchestration.slot: slot 353681650397052: connecting wifi
2026-10-01 17:40:01,598 WARNING  src.orchestration.slot: slot HQ63460161: skip_wizard=True - assuming factory reset + the setup wizard were already completed manually (client-decided workflow, 2026-09-17 - the wizard cannot be automated via ADB at all). This skips the check that the device actually finished setup, so a device still mid-wizard when this runs will fail in confusing ways downstream rather than here.
2026-10-01 17:40:01,598 INFO     src.orchestration.slot: slot HQ63460161: connecting wifi
2026-10-01 17:40:01,613 INFO     src.phase2.apn_setup: device HQ632M1012: apn: current input method is 'com.google.android.inputmethod.latin/com.android.inputmethod.latin.LatinIME'
2026-10-01 17:40:01,932 INFO     src.phase2.wifi_setup: device 352063910283409: already connected to 'earth5_1'; nothing to do
2026-10-01 17:40:01,932 INFO     src.orchestration.slot: slot 352063910283409: configuring apn
2026-10-01 17:40:02,005 WARNING  src.orchestration.slot: slot 353681653208520: skip_wizard=True - assuming factory reset + the setup wizard were already completed manually (client-decided workflow, 2026-09-17 - the wizard cannot be automated via ADB at all). This skips the check that the device actually finished setup, so a device still mid-wizard when this runs will fail in confusing ways downstream rather than here.
2026-10-01 17:40:02,005 INFO     src.orchestration.slot: slot 353681653208520: connecting wifi
2026-10-01 17:40:02,012 INFO     src.phase2.wifi_setup: device 353681650397052: already connected to 'earth5_1'; nothing to do
2026-10-01 17:40:02,012 INFO     src.orchestration.slot: slot 353681650397052: configuring apn
2026-10-01 17:40:02,087 WARNING  src.orchestration.slot: slot HQ634A0C5D: skip_wizard=True - assuming factory reset + the setup wizard were already completed manually (client-decided workflow, 2026-09-17 - the wizard cannot be automated via ADB at all). This skips the check that the device actually finished setup, so a device still mid-wizard when this runs will fail in confusing ways downstream rather than here.
2026-10-01 17:40:02,087 INFO     src.orchestration.slot: slot HQ634A0C5D: connecting wifi
2026-10-01 17:40:02,113 INFO     src.phase2.wifi_setup: device HQ63460161: already connected to 'earth5_1'; nothing to do
2026-10-01 17:40:02,113 WARNING  src.orchestration.slot: slot HQ62540758: skip_wizard=True - assuming factory reset + the setup wizard were already completed manually (client-decided workflow, 2026-09-17 - the wizard cannot be automated via ADB at all). This skips the check that the device actually finished setup, so a device still mid-wizard when this runs will fail in confusing ways downstream rather than here.
2026-10-01 17:40:02,113 INFO     src.orchestration.slot: slot HQ63460161: configuring apn
2026-10-01 17:40:02,113 INFO     src.orchestration.slot: slot HQ62540758: connecting wifi
2026-10-01 17:40:02,236 WARNING  src.orchestration.slot: slot 353681650242175: skip_wizard=True - assuming factory reset + the setup wizard were already completed manually (client-decided workflow, 2026-09-17 - the wizard cannot be automated via ADB at all). This skips the check that the device actually finished setup, so a device still mid-wizard when this runs will fail in confusing ways downstream rather than here.
2026-10-01 17:40:02,236 INFO     src.orchestration.slot: slot 353681650242175: connecting wifi
2026-10-01 17:40:02,314 INFO     src.phase2.apn_setup: device 352063910283409: apn: current input method is 'com.google.android.inputmethod.latin/com.android.inputmethod.latin.LatinIME'
2026-10-01 17:40:02,417 INFO     src.phase2.apn_setup: device 353681650397052: apn: current input method is 'com.google.android.inputmethod.latin/com.android.inputmethod.latin.LatinIME'
2026-10-01 17:40:02,435 INFO     src.phase2.apn_setup: device HQ63460161: apn: current input method is 'com.google.android.inputmethod.latin/com.android.inputmethod.latin.LatinIME'
2026-10-01 17:40:02,436 ERROR    src.phase2.apn_setup: device HQ627F2149: apn: could not navigate the SIM-scoped menu_path's leading step(s) (everything before the final tap) — a step's resource_id/text/content_desc wasn't found on the post-WIFI_SETTINGS screen. menu_path (leading steps): [{'type': 'resource_id', 'value': 'com.android.settings:id/settings_button'}]. Visible text on the screen it actually landed on: ['17:40', '10月1日木曜日', '機内モード', '100%', '充電が完了しました']
2026-10-01 17:40:02,440 ERROR    src.phase2.apn_setup: device HQ627F2149: apn menu navigation failed
2026-10-01 17:40:02,441 ERROR    src.orchestration.slot: slot HQ627F2149: run_init_apn failed: apn configuration failed
2026-10-01 17:40:02,442 WARNING  src.orchestration.scheduler: slot HQ627F2149: attempt failed (retry 2/3): apn configuration failed
2026-10-01 17:40:02,460 INFO     src.phase2.wifi_setup: device 353681653208520: already connected to 'earth5_1'; nothing to do
2026-10-01 17:40:02,460 INFO     src.orchestration.slot: slot 353681653208520: configuring apn
2026-10-01 17:40:02,501 INFO     src.phase2.wifi_setup: device HQ634A0C5D: already connected to 'earth5_1'; nothing to do
2026-10-01 17:40:02,501 INFO     src.orchestration.slot: slot HQ634A0C5D: configuring apn
2026-10-01 17:40:02,542 WARNING  src.orchestration.slot: slot HQ627C0472: skip_wizard=True - assuming factory reset + the setup wizard were already completed manually (client-decided workflow, 2026-09-17 - the wizard cannot be automated via ADB at all). This skips the check that the device actually finished setup, so a device still mid-wizard when this runs will fail in confusing ways downstream rather than here.
2026-10-01 17:40:02,542 INFO     src.orchestration.slot: slot HQ627C0472: connecting wifi
2026-10-01 17:40:02,688 INFO     src.phase2.wifi_setup: device 353681650242175: already connected to 'earth5_1'; nothing to do
2026-10-01 17:40:02,689 INFO     src.orchestration.slot: slot 353681650242175: configuring apn
2026-10-01 17:40:02,734 INFO     src.phase2.wifi_setup: device HQ62540758: shell wifi connect-network unavailable/failed: adb command failed: 'shell cmd wifi connect-network "earth5_1" wpa2 "earth5_1"' - Exception occurred while executing 'connect-network':
java.lang.SecurityException: Uid 2000 does not have access to connect-network wifi command (or such command doesn't exist)
	at com.android.server.wifi.WifiShellCommand.onCommand(WifiShellCommand.java:483)
	at com.android.wifi.x.com.android.modules.utils.BasicShellCommandHandler.exec(BasicShellCommandHandler.java:97)
	at com.android.server.wifi.WifiServiceImpl.handleShellCommand(WifiServiceImpl.java:5318)
	at android.os.Binder.onShellCommand(Binder.java:1121)
	at android.os.Binder.shellCommand(Binder.java:1068)
	at android.os.Binder.onTransact(Binder.java:888)
	at android.net.wifi.IWifiManager$Stub.onTransact(IWifiManager.java:3247)
	at android.os.Binder.execTransactInternal(Binder.java:1344)
	at android.os.Binder.execTransact(Binder.java:1275)
2026-10-01 17:40:02,735 INFO     src.phase2.apn_setup: device HQ634A0C5D: apn: current input method is 'com.google.android.inputmethod.latin/com.android.inputmethod.latin.LatinIME'
2026-10-01 17:40:02,952 INFO     src.phase2.wifi_setup: device HQ627C0472: already connected to 'earth5_1'; nothing to do
2026-10-01 17:40:02,952 INFO     src.orchestration.slot: slot HQ627C0472: configuring apn
2026-10-01 17:40:03,082 INFO     src.phase2.apn_setup: device 353681653208520: apn: current input method is 'com.google.android.inputmethod.latin/com.android.inputmethod.latin.LatinIME'
2026-10-01 17:40:03,169 INFO     src.phase2.apn_setup: device HQ627C0472: apn: current input method is 'com.google.android.inputmethod.latin/com.android.inputmethod.latin.LatinIME'
2026-10-01 17:40:03,383 INFO     src.phase2.apn_setup: device 353681650242175: apn: current input method is 'com.google.android.inputmethod.latin/com.android.inputmethod.latin.LatinIME'
2026-10-01 17:40:03,748 ERROR    src.orchestration.slot: slot 352063910272451: run_init_apn failed: refusing to tap: current screen contains the USB-debugging disable notification (matched '無効にするにはここをタップ' in the dump). A mistargeted tap here would disable ADB and strand the device. Clear the notification shade before retrying — see docs/record.md, 'UI hazard' section.
2026-10-01 17:40:03,748 ERROR    src.orchestration.scheduler: slot 352063910272451: exceeded max_retry (3); escalating. last_error=refusing to tap: current screen contains the USB-debugging disable notification (matched '無効にするにはここをタップ' in the dump). A mistargeted tap here would disable ADB and strand the device. Clear the notification shade before retrying — see docs/record.md, 'UI hazard' section.
2026-10-01 17:40:04,042 WARNING  src.orchestration.slot: slot HQ627F2149: skip_wizard=True - assuming factory reset + the setup wizard were already completed manually (client-decided workflow, 2026-09-17 - the wizard cannot be automated via ADB at all). This skips the check that the device actually finished setup, so a device still mid-wizard when this runs will fail in confusing ways downstream rather than here.
2026-10-01 17:40:04,042 INFO     src.orchestration.slot: slot HQ627F2149: connecting wifi
2026-10-01 17:40:04,462 INFO     src.phase2.wifi_setup: device HQ627F2149: already connected to 'earth5_1'; nothing to do
2026-10-01 17:40:04,463 INFO     src.orchestration.slot: slot HQ627F2149: configuring apn
2026-10-01 17:40:04,896 INFO     src.phase2.apn_setup: device HQ627F2149: apn: current input method is 'com.google.android.inputmethod.latin/com.android.inputmethod.latin.LatinIME'
2026-10-01 17:40:05,198 ERROR    src.orchestration.slot: slot HQ63460161: run_init_apn failed: refusing to tap: current screen contains the USB-debugging disable notification (matched '無効にするにはここをタップ' in the dump). A mistargeted tap here would disable ADB and strand the device. Clear the notification shade before retrying — see docs/record.md, 'UI hazard' section.
2026-10-01 17:40:05,199 ERROR    src.orchestration.scheduler: slot HQ63460161: exceeded max_retry (3); escalating. last_error=refusing to tap: current screen contains the USB-debugging disable notification (matched '無効にするにはここをタップ' in the dump). A mistargeted tap here would disable ADB and strand the device. Clear the notification shade before retrying — see docs/record.md, 'UI hazard' section.
2026-10-01 17:40:05,461 INFO     src.phase2.wifi_setup: device HQ62540758: WIFI_SETTINGS intent didn't land on a recognizable Wi-Fi screen; falling back to menu_path navigation
2026-10-01 17:40:06,623 ERROR    src.phase2.apn_setup: device HQ632M1012: apn: could not navigate the SIM-scoped menu_path's leading step(s) (everything before the final tap) — a step's resource_id/text/content_desc wasn't found on the post-WIFI_SETTINGS screen. menu_path (leading steps): [{'type': 'resource_id', 'value': 'com.android.settings:id/settings_button'}]. Visible text on the screen it actually landed on: ['OCNモバイルONE', 'ocn.ne.jp', 'docomo', 'spmode.ne.jp', 'rakuten.jp', 'rakuten.jp']
2026-10-01 17:40:06,623 ERROR    src.phase2.apn_setup: device HQ632M1012: apn menu navigation failed
2026-10-01 17:40:06,624 ERROR    src.orchestration.slot: slot HQ632M1012: run_init_apn failed: apn configuration failed
2026-10-01 17:40:06,624 WARNING  src.orchestration.scheduler: slot HQ632M1012: attempt failed (retry 3/3): apn configuration failed
2026-10-01 17:40:07,445 ERROR    src.phase2.apn_setup: device 353681650397052: apn: could not navigate the SIM-scoped menu_path's leading step(s) (everything before the final tap) — a step's resource_id/text/content_desc wasn't found on the post-WIFI_SETTINGS screen. menu_path (leading steps): [{'type': 'resource_id', 'value': 'com.android.settings:id/settings_button'}]. Visible text on the screen it actually landed on: ['rakuten.jp', 'rakuten.jp']
2026-10-01 17:40:07,446 ERROR    src.phase2.apn_setup: device 353681650397052: apn menu navigation failed
2026-10-01 17:40:07,446 ERROR    src.orchestration.slot: slot 353681650397052: run_init_apn failed: apn configuration failed
2026-10-01 17:40:07,447 WARNING  src.orchestration.scheduler: slot 353681650397052: attempt failed (retry 3/3): apn configuration failed
2026-10-01 17:40:07,742 ERROR    src.phase2.apn_setup: device 352063910283409: apn: could not navigate the SIM-scoped menu_path's leading step(s) (everything before the final tap) — a step's resource_id/text/content_desc wasn't found on the post-WIFI_SETTINGS screen. menu_path (leading steps): [{'type': 'resource_id', 'value': 'com.android.settings:id/settings_button'}]. Visible text on the screen it actually landed on: ['機内モードが ON です', 'Wi-Fi', 'earth5_1', '接続済み', 'ARIZASU-WiFi-6F_2.4GHz', 'ARIZASU-WiFi-6F_5G', 'earth2.4_6', 'earth5_10', 'earth5_6', 'rakuten Wi-Fi2']
2026-10-01 17:40:07,743 ERROR    src.phase2.apn_setup: device 352063910283409: apn menu navigation failed
2026-10-01 17:40:07,743 ERROR    src.orchestration.slot: slot 352063910283409: run_init_apn failed: apn configuration failed
2026-10-01 17:40:07,743 WARNING  src.orchestration.scheduler: slot 352063910283409: attempt failed (retry 3/3): apn configuration failed
2026-10-01 17:40:07,809 ERROR    src.phase2.apn_setup: device HQ634A0C5D: apn: could not navigate the SIM-scoped menu_path's leading step(s) (everything before the final tap) — a step's resource_id/text/content_desc wasn't found on the post-WIFI_SETTINGS screen. menu_path (leading steps): [{'type': 'resource_id', 'value': 'com.android.settings:id/settings_button'}]. Visible text on the screen it actually landed on: ['機内モードは ON です', 'Wi-Fi', 'earth5_1', 'WPA3(SAE Transition Mode) 接続済み', 'earth2.4_6', 'WPA3(SAE Transition Mode) ', 'earth5_10', 'WPA3(SAE Transition Mode) ', 'rakuten Wi-Fi2', 'WPA3(SAE Transition Mode) ', 'rakuten Wi-Fi2_5G', 'WPA3(SAE Transition Mode) ', 'rakuten1234']
2026-10-01 17:40:07,815 ERROR    src.phase2.apn_setup: device HQ634A0C5D: apn menu navigation failed
2026-10-01 17:40:07,818 ERROR    src.orchestration.slot: slot HQ634A0C5D: run_init_apn failed: apn configuration failed
2026-10-01 17:40:07,819 WARNING  src.orchestration.scheduler: slot HQ634A0C5D: attempt failed (retry 3/3): apn configuration failed
2026-10-01 17:40:07,839 WARNING  src.orchestration.slot: slot HQ632M1012: skip_wizard=True - assuming factory reset + the setup wizard were already completed manually (client-decided workflow, 2026-09-17 - the wizard cannot be automated via ADB at all). This skips the check that the device actually finished setup, so a device still mid-wizard when this runs will fail in confusing ways downstream rather than here.
2026-10-01 17:40:07,839 INFO     src.orchestration.slot: slot HQ632M1012: connecting wifi
2026-10-01 17:40:08,079 ERROR    src.orchestration.slot: slot HQ62540758: run_init_apn failed: refusing to tap: current screen contains the USB-debugging disable notification (matched '無効にするにはここをタップ' in the dump). A mistargeted tap here would disable ADB and strand the device. Clear the notification shade before retrying — see docs/record.md, 'UI hazard' section.
2026-10-01 17:40:08,079 WARNING  src.orchestration.scheduler: slot HQ62540758: attempt failed (retry 3/3): refusing to tap: current screen contains the USB-debugging disable notification (matched '無効にするにはここをタップ' in the dump). A mistargeted tap here would disable ADB and strand the device. Clear the notification shade before retrying — see docs/record.md, 'UI hazard' section.
2026-10-01 17:40:08,238 ERROR    src.phase2.apn_setup: device HQ627C0472: apn: could not navigate the SIM-scoped menu_path's leading step(s) (everything before the final tap) — a step's resource_id/text/content_desc wasn't found on the post-WIFI_SETTINGS screen. menu_path (leading steps): [{'type': 'resource_id', 'value': 'com.android.settings:id/settings_button'}]. Visible text on the screen it actually landed on: ['機内モードは ON です', 'Wi-Fi', 'earth5_1', 'WPA3(SAE Transition Mode) 接続済み', 'rakuten Wi-Fi2', 'WPA3(SAE Transition Mode) ', 'rakuten Wi-Fi2_5G', 'WPA3(SAE Transition Mode) ', 'rakuten5678', 'WPA3(SAE Transition Mode) ', 'rakutenWiFi', 'WPA3(SAE Transition Mode) ', 'rakutenWiFi_5G']
2026-10-01 17:40:08,239 ERROR    src.phase2.apn_setup: device HQ627C0472: apn menu navigation failed
2026-10-01 17:40:08,239 ERROR    src.orchestration.slot: slot HQ627C0472: run_init_apn failed: apn configuration failed
2026-10-01 17:40:08,239 WARNING  src.orchestration.scheduler: slot HQ627C0472: attempt failed (retry 3/3): apn configuration failed
2026-10-01 17:40:08,343 INFO     src.phase2.wifi_setup: device HQ632M1012: already connected to 'earth5_1'; nothing to do
2026-10-01 17:40:08,343 INFO     src.orchestration.slot: slot HQ632M1012: configuring apn
2026-10-01 17:40:08,597 INFO     src.phase2.apn_setup: device HQ632M1012: apn: current input method is 'com.google.android.inputmethod.latin/com.android.inputmethod.latin.LatinIME'
2026-10-01 17:40:08,643 WARNING  src.orchestration.slot: slot 353681650397052: skip_wizard=True - assuming factory reset + the setup wizard were already completed manually (client-decided workflow, 2026-09-17 - the wizard cannot be automated via ADB at all). This skips the check that the device actually finished setup, so a device still mid-wizard when this runs will fail in confusing ways downstream rather than here.
2026-10-01 17:40:08,644 INFO     src.orchestration.slot: slot 353681650397052: connecting wifi
2026-10-01 17:40:08,951 WARNING  src.orchestration.slot: slot 352063910283409: skip_wizard=True - assuming factory reset + the setup wizard were already completed manually (client-decided workflow, 2026-09-17 - the wizard cannot be automated via ADB at all). This skips the check that the device actually finished setup, so a device still mid-wizard when this runs will fail in confusing ways downstream rather than here.
2026-10-01 17:40:08,952 INFO     src.orchestration.slot: slot 352063910283409: connecting wifi
2026-10-01 17:40:09,029 WARNING  src.orchestration.slot: slot HQ634A0C5D: skip_wizard=True - assuming factory reset + the setup wizard were already completed manually (client-decided workflow, 2026-09-17 - the wizard cannot be automated via ADB at all). This skips the check that the device actually finished setup, so a device still mid-wizard when this runs will fail in confusing ways downstream rather than here.
2026-10-01 17:40:09,029 INFO     src.orchestration.slot: slot HQ634A0C5D: connecting wifi
2026-10-01 17:40:09,133 INFO     src.phase2.wifi_setup: device 353681650397052: already connected to 'earth5_1'; nothing to do
2026-10-01 17:40:09,133 INFO     src.orchestration.slot: slot 353681650397052: configuring apn
2026-10-01 17:40:09,219 ERROR    src.phase2.apn_setup: device 353681653208520: apn: could not navigate the SIM-scoped menu_path's leading step(s) (everything before the final tap) — a step's resource_id/text/content_desc wasn't found on the post-WIFI_SETTINGS screen. menu_path (leading steps): [{'type': 'resource_id', 'value': 'com.android.settings:id/settings_button'}]. Visible text on the screen it actually landed on: ['機内モードは ON です', 'Wi-Fi', 'earth5_1', '接続済み', 'earth2.4_6', 'earth5_10', 'rakuten Wi-Fi2', 'rakuten Wi-Fi2_5G', 'rakuten1234', 'rakuten5678', 'rakutenWiFi']
2026-10-01 17:40:09,219 ERROR    src.phase2.apn_setup: device 353681653208520: apn menu navigation failed
2026-10-01 17:40:09,219 ERROR    src.orchestration.slot: slot 353681653208520: run_init_apn failed: apn configuration failed
2026-10-01 17:40:09,220 WARNING  src.orchestration.scheduler: slot 353681653208520: attempt failed (retry 3/3): apn configuration failed
2026-10-01 17:40:09,263 WARNING  src.orchestration.slot: slot HQ62540758: skip_wizard=True - assuming factory reset + the setup wizard were already completed manually (client-decided workflow, 2026-09-17 - the wizard cannot be automated via ADB at all). This skips the check that the device actually finished setup, so a device still mid-wizard when this runs will fail in confusing ways downstream rather than here.
2026-10-01 17:40:09,264 INFO     src.orchestration.slot: slot HQ62540758: connecting wifi
2026-10-01 17:40:09,397 INFO     src.phase2.wifi_setup: device HQ634A0C5D: already connected to 'earth5_1'; nothing to do
2026-10-01 17:40:09,398 INFO     src.orchestration.slot: slot HQ634A0C5D: configuring apn
2026-10-01 17:40:09,424 WARNING  src.orchestration.slot: slot HQ627C0472: skip_wizard=True - assuming factory reset + the setup wizard were already completed manually (client-decided workflow, 2026-09-17 - the wizard cannot be automated via ADB at all). This skips the check that the device actually finished setup, so a device still mid-wizard when this runs will fail in confusing ways downstream rather than here.
2026-10-01 17:40:09,424 INFO     src.orchestration.slot: slot HQ627C0472: connecting wifi
2026-10-01 17:40:09,431 INFO     src.phase2.wifi_setup: device 352063910283409: already connected to 'earth5_1'; nothing to do
2026-10-01 17:40:09,432 INFO     src.orchestration.slot: slot 352063910283409: configuring apn
2026-10-01 17:40:09,486 INFO     src.phase2.apn_setup: device 353681650397052: apn: current input method is 'com.google.android.inputmethod.latin/com.android.inputmethod.latin.LatinIME'
2026-10-01 17:40:09,545 ERROR    src.phase2.apn_setup: device 353681650242175: apn: could not navigate the SIM-scoped menu_path's leading step(s) (everything before the final tap) — a step's resource_id/text/content_desc wasn't found on the post-WIFI_SETTINGS screen. menu_path (leading steps): [{'type': 'resource_id', 'value': 'com.android.settings:id/settings_button'}]. Visible text on the screen it actually landed on: ['機内モードは ON です', 'Wi-Fi', 'earth5_1', '接続済み', 'ARIZASU-WiFi-6F_2.4GHz', 'ARIZASU-WiFi-6F_5G', 'earth2.4_6', 'earth5_10', 'earth5_6', 'rakuten Wi-Fi2', 'rakuten Wi-Fi2_5G']
2026-10-01 17:40:09,545 ERROR    src.phase2.apn_setup: device 353681650242175: apn menu navigation failed
2026-10-01 17:40:09,545 ERROR    src.orchestration.slot: slot 353681650242175: run_init_apn failed: apn configuration failed
2026-10-01 17:40:09,545 WARNING  src.orchestration.scheduler: slot 353681650242175: attempt failed (retry 3/3): apn configuration failed
2026-10-01 17:40:09,617 INFO     src.phase2.apn_setup: device HQ634A0C5D: apn: current input method is 'com.google.android.inputmethod.latin/com.android.inputmethod.latin.LatinIME'
2026-10-01 17:40:09,761 INFO     src.phase2.apn_setup: device 352063910283409: apn: current input method is 'com.google.android.inputmethod.latin/com.android.inputmethod.latin.LatinIME'
2026-10-01 17:40:09,831 INFO     src.phase2.wifi_setup: device HQ62540758: shell wifi connect-network unavailable/failed: adb command failed: 'shell cmd wifi connect-network "earth5_1" wpa2 "earth5_1"' - Exception occurred while executing 'connect-network':
java.lang.SecurityException: Uid 2000 does not have access to connect-network wifi command (or such command doesn't exist)
	at com.android.server.wifi.WifiShellCommand.onCommand(WifiShellCommand.java:483)
	at com.android.wifi.x.com.android.modules.utils.BasicShellCommandHandler.exec(BasicShellCommandHandler.java:97)
	at com.android.server.wifi.WifiServiceImpl.handleShellCommand(WifiServiceImpl.java:5318)
	at android.os.Binder.onShellCommand(Binder.java:1121)
	at android.os.Binder.shellCommand(Binder.java:1068)
	at android.os.Binder.onTransact(Binder.java:888)
	at android.net.wifi.IWifiManager$Stub.onTransact(IWifiManager.java:3247)
	at android.os.Binder.execTransactInternal(Binder.java:1344)
	at android.os.Binder.execTransact(Binder.java:1275)
2026-10-01 17:40:09,835 INFO     src.phase2.wifi_setup: device HQ627C0472: already connected to 'earth5_1'; nothing to do
2026-10-01 17:40:09,836 INFO     src.orchestration.slot: slot HQ627C0472: configuring apn
2026-10-01 17:40:10,035 INFO     src.phase2.apn_setup: device HQ627C0472: apn: current input method is 'com.google.android.inputmethod.latin/com.android.inputmethod.latin.LatinIME'
2026-10-01 17:40:10,377 WARNING  src.orchestration.slot: slot 353681653208520: skip_wizard=True - assuming factory reset + the setup wizard were already completed manually (client-decided workflow, 2026-09-17 - the wizard cannot be automated via ADB at all). This skips the check that the device actually finished setup, so a device still mid-wizard when this runs will fail in confusing ways downstream rather than here.
2026-10-01 17:40:10,377 INFO     src.orchestration.slot: slot 353681653208520: connecting wifi
2026-10-01 17:40:10,529 ERROR    src.phase2.apn_setup: device HQ627F2149: apn: could not navigate the SIM-scoped menu_path's leading step(s) (everything before the final tap) — a step's resource_id/text/content_desc wasn't found on the post-WIFI_SETTINGS screen. menu_path (leading steps): [{'type': 'resource_id', 'value': 'com.android.settings:id/settings_button'}]. Visible text on the screen it actually landed on: ['17:40', '10月1日木曜日', '機内モード', '100%', '充電が完了しました']
2026-10-01 17:40:10,529 ERROR    src.phase2.apn_setup: device HQ627F2149: apn menu navigation failed
2026-10-01 17:40:10,529 ERROR    src.orchestration.slot: slot HQ627F2149: run_init_apn failed: apn configuration failed
2026-10-01 17:40:10,529 WARNING  src.orchestration.scheduler: slot HQ627F2149: attempt failed (retry 3/3): apn configuration failed
2026-10-01 17:40:10,708 WARNING  src.orchestration.slot: slot 353681650242175: skip_wizard=True - assuming factory reset + the setup wizard were already completed manually (client-decided workflow, 2026-09-17 - the wizard cannot be automated via ADB at all). This skips the check that the device actually finished setup, so a device still mid-wizard when this runs will fail in confusing ways downstream rather than here.
2026-10-01 17:40:10,708 INFO     src.orchestration.slot: slot 353681650242175: connecting wifi
2026-10-01 17:40:10,830 INFO     src.phase2.wifi_setup: device 353681653208520: already connected to 'earth5_1'; nothing to do
2026-10-01 17:40:10,830 INFO     src.orchestration.slot: slot 353681653208520: configuring apn
2026-10-01 17:40:11,173 INFO     src.phase2.wifi_setup: device 353681650242175: already connected to 'earth5_1'; nothing to do
2026-10-01 17:40:11,173 INFO     src.orchestration.slot: slot 353681650242175: configuring apn
2026-10-01 17:40:11,457 INFO     src.phase2.apn_setup: device 353681653208520: apn: current input method is 'com.google.android.inputmethod.latin/com.android.inputmethod.latin.LatinIME'
2026-10-01 17:40:11,696 WARNING  src.orchestration.slot: slot HQ627F2149: skip_wizard=True - assuming factory reset + the setup wizard were already completed manually (client-decided workflow, 2026-09-17 - the wizard cannot be automated via ADB at all). This skips the check that the device actually finished setup, so a device still mid-wizard when this runs will fail in confusing ways downstream rather than here.
2026-10-01 17:40:11,696 INFO     src.orchestration.slot: slot HQ627F2149: connecting wifi
2026-10-01 17:40:11,803 INFO     src.phase2.apn_setup: device 353681650242175: apn: current input method is 'com.google.android.inputmethod.latin/com.android.inputmethod.latin.LatinIME'
2026-10-01 17:40:12,146 INFO     src.phase2.wifi_setup: device HQ627F2149: already connected to 'earth5_1'; nothing to do
2026-10-01 17:40:12,146 INFO     src.orchestration.slot: slot HQ627F2149: configuring apn
2026-10-01 17:40:12,548 INFO     src.phase2.apn_setup: device HQ627F2149: apn: current input method is 'com.google.android.inputmethod.latin/com.android.inputmethod.latin.LatinIME'
2026-10-01 17:40:13,431 INFO     src.phase2.wifi_setup: device HQ62540758: WIFI_SETTINGS intent didn't land on a recognizable Wi-Fi screen; falling back to menu_path navigation
2026-10-01 17:40:13,579 ERROR    src.phase2.apn_setup: device HQ632M1012: apn: could not navigate the SIM-scoped menu_path's leading step(s) (everything before the final tap) — a step's resource_id/text/content_desc wasn't found on the post-WIFI_SETTINGS screen. menu_path (leading steps): [{'type': 'resource_id', 'value': 'com.android.settings:id/settings_button'}]. Visible text on the screen it actually landed on: ['OCNモバイルONE', 'ocn.ne.jp', 'docomo', 'spmode.ne.jp', 'rakuten.jp', 'rakuten.jp']
2026-10-01 17:40:13,581 ERROR    src.phase2.apn_setup: device HQ632M1012: apn menu navigation failed
2026-10-01 17:40:13,581 ERROR    src.orchestration.slot: slot HQ632M1012: run_init_apn failed: apn configuration failed
2026-10-01 17:40:13,581 ERROR    src.orchestration.scheduler: slot HQ632M1012: exceeded max_retry (3); escalating. last_error=apn configuration failed
2026-10-01 17:40:14,559 ERROR    src.phase2.apn_setup: device 353681650397052: apn: could not navigate the SIM-scoped menu_path's leading step(s) (everything before the final tap) — a step's resource_id/text/content_desc wasn't found on the post-WIFI_SETTINGS screen. menu_path (leading steps): [{'type': 'resource_id', 'value': 'com.android.settings:id/settings_button'}]. Visible text on the screen it actually landed on: ['rakuten.jp', 'rakuten.jp']
2026-10-01 17:40:14,559 ERROR    src.phase2.apn_setup: device 353681650397052: apn menu navigation failed
2026-10-01 17:40:14,559 ERROR    src.orchestration.slot: slot 353681650397052: run_init_apn failed: apn configuration failed
2026-10-01 17:40:14,559 ERROR    src.orchestration.scheduler: slot 353681650397052: exceeded max_retry (3); escalating. last_error=apn configuration failed
2026-10-01 17:40:14,836 ERROR    src.phase2.apn_setup: device HQ634A0C5D: apn: could not navigate the SIM-scoped menu_path's leading step(s) (everything before the final tap) — a step's resource_id/text/content_desc wasn't found on the post-WIFI_SETTINGS screen. menu_path (leading steps): [{'type': 'resource_id', 'value': 'com.android.settings:id/settings_button'}]. Visible text on the screen it actually landed on: ['機内モードは ON です', 'Wi-Fi', 'earth5_1', 'WPA3(SAE Transition Mode) 接続済み', 'earth2.4_6', 'WPA3(SAE Transition Mode) ', 'rakuten Wi-Fi2', 'WPA3(SAE Transition Mode) ', 'rakuten Wi-Fi2_5G', 'WPA3(SAE Transition Mode) ', 'rakuten1234', 'WPA3(SAE Transition Mode) ', 'rakuten5678']
2026-10-01 17:40:14,836 ERROR    src.phase2.apn_setup: device HQ634A0C5D: apn menu navigation failed
2026-10-01 17:40:14,836 ERROR    src.orchestration.slot: slot HQ634A0C5D: run_init_apn failed: apn configuration failed
2026-10-01 17:40:14,836 ERROR    src.orchestration.scheduler: slot HQ634A0C5D: exceeded max_retry (3); escalating. last_error=apn configuration failed
2026-10-01 17:40:14,944 ERROR    src.phase2.apn_setup: device 352063910283409: apn: could not navigate the SIM-scoped menu_path's leading step(s) (everything before the final tap) — a step's resource_id/text/content_desc wasn't found on the post-WIFI_SETTINGS screen. menu_path (leading steps): [{'type': 'resource_id', 'value': 'com.android.settings:id/settings_button'}]. Visible text on the screen it actually landed on: ['機内モードが ON です', 'Wi-Fi', 'earth5_1', '接続済み', 'ARIZASU-WiFi-6F_2.4GHz', 'ARIZASU-WiFi-6F_5G', 'earth2.4_6', 'earth5_10', 'earth5_6', 'rakuten Wi-Fi2']
2026-10-01 17:40:14,944 ERROR    src.phase2.apn_setup: device 352063910283409: apn menu navigation failed
2026-10-01 17:40:14,944 ERROR    src.orchestration.slot: slot 352063910283409: run_init_apn failed: apn configuration failed
2026-10-01 17:40:14,945 ERROR    src.orchestration.scheduler: slot 352063910283409: exceeded max_retry (3); escalating. last_error=apn configuration failed
2026-10-01 17:40:15,403 ERROR    src.phase2.apn_setup: device HQ627C0472: apn: could not navigate the SIM-scoped menu_path's leading step(s) (everything before the final tap) — a step's resource_id/text/content_desc wasn't found on the post-WIFI_SETTINGS screen. menu_path (leading steps): [{'type': 'resource_id', 'value': 'com.android.settings:id/settings_button'}]. Visible text on the screen it actually landed on: ['機内モードは ON です', 'Wi-Fi', 'earth5_1', 'WPA3(SAE Transition Mode) 接続済み', 'earth2.4_6', 'WPA3(SAE Transition Mode) ', 'earth5_10', 'WPA3(SAE Transition Mode) ', 'rakuten Wi-Fi2', 'WPA3(SAE Transition Mode) ', 'rakuten Wi-Fi2_5G', 'WPA3(SAE Transition Mode) ', 'rakuten1234']
2026-10-01 17:40:15,403 ERROR    src.phase2.apn_setup: device HQ627C0472: apn menu navigation failed
2026-10-01 17:40:15,403 ERROR    src.orchestration.slot: slot HQ627C0472: run_init_apn failed: apn configuration failed
2026-10-01 17:40:15,403 ERROR    src.orchestration.scheduler: slot HQ627C0472: exceeded max_retry (3); escalating. last_error=apn configuration failed
2026-10-01 17:40:16,118 ERROR    src.orchestration.slot: slot HQ62540758: run_init_apn failed: refusing to tap: current screen contains the USB-debugging disable notification (matched '無効にするにはここをタップ' in the dump). A mistargeted tap here would disable ADB and strand the device. Clear the notification shade before retrying — see docs/record.md, 'UI hazard' section.
2026-10-01 17:40:16,118 ERROR    src.orchestration.scheduler: slot HQ62540758: exceeded max_retry (3); escalating. last_error=refusing to tap: current screen contains the USB-debugging disable notification (matched '無効にするにはここをタップ' in the dump). A mistargeted tap here would disable ADB and strand the device. Clear the notification shade before retrying — see docs/record.md, 'UI hazard' section.
2026-10-01 17:40:17,388 ERROR    src.phase2.apn_setup: device 353681653208520: apn: could not navigate the SIM-scoped menu_path's leading step(s) (everything before the final tap) — a step's resource_id/text/content_desc wasn't found on the post-WIFI_SETTINGS screen. menu_path (leading steps): [{'type': 'resource_id', 'value': 'com.android.settings:id/settings_button'}]. Visible text on the screen it actually landed on: ['機内モードは ON です', 'Wi-Fi', 'earth5_1', '接続済み', 'earth2.4_6', 'earth5_10', 'rakuten Wi-Fi2', 'rakuten Wi-Fi2_5G', 'rakuten1234', 'rakuten5678', 'rakutenWiFi']
2026-10-01 17:40:17,388 ERROR    src.phase2.apn_setup: device 353681653208520: apn menu navigation failed
2026-10-01 17:40:17,388 ERROR    src.orchestration.slot: slot 353681653208520: run_init_apn failed: apn configuration failed
2026-10-01 17:40:17,389 ERROR    src.orchestration.scheduler: slot 353681653208520: exceeded max_retry (3); escalating. last_error=apn configuration failed
2026-10-01 17:40:18,243 ERROR    src.phase2.apn_setup: device HQ627F2149: apn: could not navigate the SIM-scoped menu_path's leading step(s) (everything before the final tap) — a step's resource_id/text/content_desc wasn't found on the post-WIFI_SETTINGS screen. menu_path (leading steps): [{'type': 'resource_id', 'value': 'com.android.settings:id/settings_button'}]. Visible text on the screen it actually landed on: ['17:40', '10月1日木曜日', '機内モード', '100%', '充電が完了しました']
2026-10-01 17:40:18,243 ERROR    src.phase2.apn_setup: device HQ627F2149: apn menu navigation failed
2026-10-01 17:40:18,243 ERROR    src.orchestration.slot: slot HQ627F2149: run_init_apn failed: apn configuration failed
2026-10-01 17:40:18,243 ERROR    src.orchestration.scheduler: slot HQ627F2149: exceeded max_retry (3); escalating. last_error=apn configuration failed
2026-10-01 17:40:18,294 ERROR    src.phase2.apn_setup: device 353681650242175: apn: could not navigate the SIM-scoped menu_path's leading step(s) (everything before the final tap) — a step's resource_id/text/content_desc wasn't found on the post-WIFI_SETTINGS screen. menu_path (leading steps): [{'type': 'resource_id', 'value': 'com.android.settings:id/settings_button'}]. Visible text on the screen it actually landed on: ['機内モードは ON です', 'Wi-Fi', 'earth5_1', '接続済み', 'ARIZASU-WiFi-6F_5G', 'earth2.4_6', 'earth5_10', 'rakuten Wi-Fi2', 'rakuten Wi-Fi2_5G', 'rakuten1234', 'rakuten5678']
2026-10-01 17:40:18,294 ERROR    src.phase2.apn_setup: device 353681650242175: apn menu navigation failed
2026-10-01 17:40:18,294 ERROR    src.orchestration.slot: slot 353681650242175: run_init_apn failed: apn configuration failed
2026-10-01 17:40:18,295 ERROR    src.orchestration.scheduler: slot 353681650242175: exceeded max_retry (3); escalating. last_error=apn configuration failed
2026-10-01 17:40:18,295 ERROR    main_phase2: FAILED: device 352063910272451 ended in state ESCALATED (last_error=refusing to tap: current screen contains the USB-debugging disable notification (matched '無効にするにはここをタップ' in the dump). A mistargeted tap here would disable ADB and strand the device. Clear the notification shade before retrying — see docs/record.md, 'UI hazard' section.)
2026-10-01 17:40:18,295 ERROR    main_phase2: FAILED: device HQ63460161 ended in state ESCALATED (last_error=refusing to tap: current screen contains the USB-debugging disable notification (matched '無効にするにはここをタップ' in the dump). A mistargeted tap here would disable ADB and strand the device. Clear the notification shade before retrying — see docs/record.md, 'UI hazard' section.)
2026-10-01 17:40:18,296 ERROR    main_phase2: FAILED: device HQ632M1012 ended in state ESCALATED (last_error=apn configuration failed)
2026-10-01 17:40:18,296 ERROR    main_phase2: FAILED: device 353681650397052 ended in state ESCALATED (last_error=apn configuration failed)
2026-10-01 17:40:18,296 ERROR    main_phase2: FAILED: device HQ634A0C5D ended in state ESCALATED (last_error=apn configuration failed)
2026-10-01 17:40:18,296 ERROR    main_phase2: FAILED: device 352063910283409 ended in state ESCALATED (last_error=apn configuration failed)
2026-10-01 17:40:18,296 ERROR    main_phase2: FAILED: device HQ627C0472 ended in state ESCALATED (last_error=apn configuration failed)
2026-10-01 17:40:18,296 ERROR    main_phase2: FAILED: device HQ62540758 ended in state ESCALATED (last_error=refusing to tap: current screen contains the USB-debugging disable notification (matched '無効にするにはここをタップ' in the dump). A mistargeted tap here would disable ADB and strand the device. Clear the notification shade before retrying — see docs/record.md, 'UI hazard' section.)
2026-10-01 17:40:18,296 ERROR    main_phase2: FAILED: device 353681653208520 ended in state ESCALATED (last_error=apn configuration failed)
2026-10-01 17:40:18,296 ERROR    main_phase2: FAILED: device HQ627F2149 ended in state ESCALATED (last_error=apn configuration failed)
2026-10-01 17:40:18,296 ERROR    main_phase2: FAILED: device 353681650242175 ended in state ESCALATED (last_error=apn configuration failed)
